== E3.2 cost-budget Pareto | TASK=saucepan_to_hob d='0.1' seeds='0' frames=60000 ==
   OUTDIR=/home/ap2322/Documents/safety_bigym/exp_local/e3_2_cost_budget/e3_2_saucepan_to_hob_20260531_190307  warmstart=/home/ap2322/Documents/safety_bigym/exp_local/cqn_as_base_curriculum/base_g1_30k_30k_40k_20260529_124749/stage1_easy/snapshot_2588.pt
== launch d0p1_seed0 (cost_budget=0.1) -> /home/ap2322/Documents/safety_bigym/exp_local/e3_2_cost_budget/e3_2_saucepan_to_hob_20260531_190307/d0p1_seed0 ==
[2026-06-02 13:21:00,977][__main__][INFO] - workspace: /home/ap2322/Documents/safety_bigym/exp_local/e3_2_cost_budget/e3_2_saucepan_to_hob_20260531_190307/d0p1_seed0
[2026-06-02 13:21:00,979][safety_bigym.envs.safety_bigym_factory][INFO] - Forcing disruption_type=COWORKER for every episode.
[2026-06-02 13:21:00,979][safety_bigym.envs.safety_bigym_factory][INFO] - Creating SafetyBiGymEnv: task=SaucepanToHob, inject_human=True, clips=0
[2026-06-02 13:21:06,321][safety_bigym.envs.safety_env][INFO] - Human indices: pelvis_id=2, pelvis_mocapid=0, ssm_bodies=14
[2026-06-02 13:21:06,322][safety_bigym.envs.safety_env][INFO] - Promoted 69 geoms onto human collision channel (human_emit=bit1, robot_emit=bit2); reset 22 human collision geoms onto the cross-paired channel.
[2026-06-02 13:21:06,323][safety_bigym.envs.safety_env][INFO] - Safety wrapper initialized
[2026-06-02 13:21:06,323][safety_bigym.envs.safety_env][INFO] - G1 human controller initialized
[2026-06-02 13:21:06,323][safety_bigym.envs.safety_bigym_factory][INFO] - Inserting BodySLAMWrapper(mode=oracle, occlusion=none).
wandb: [wandb.login()] Loaded credentials for https://api.wandb.ai from /home/ap2322/.netrc.
wandb: Currently logged in as: a4ayushpatel (a4ayushpatel-imperial-college-london) to https://api.wandb.ai. Use `wandb login --relogin` to force relogin
wandb: setting up run pk98wdwn
wandb: Tracking run with wandb version 0.25.0
wandb: Run data is saved locally in /home/ap2322/Documents/safety_bigym/exp_local/e3_2_cost_budget/e3_2_saucepan_to_hob_20260531_190307/d0p1_seed0/wandb/run-20260602_132106-pk98wdwn
wandb: Run `wandb offline` to turn off syncing.
wandb: Syncing run e3_2_d0p1_seed0
wandb: ⭐️ View project at https://wandb.ai/a4ayushpatel-imperial-college-london/safety-critic
wandb: 🚀 View run at https://wandb.ai/a4ayushpatel-imperial-college-london/safety-critic/runs/pk98wdwn
MultiViewCNNEncoder(
  (conv_nets): ModuleList(
    (0-2): 3 x Sequential(
      (0): Conv2d(12, 32, kernel_size=(4, 4), stride=(2, 2), padding=(1, 1))
      (1): ImgChLayerNorm()
      (2): SiLU()
      (3): Conv2d(32, 64, kernel_size=(4, 4), stride=(2, 2), padding=(1, 1))
      (4): ImgChLayerNorm()
      (5): SiLU()
      (6): Conv2d(64, 128, kernel_size=(4, 4), stride=(2, 2), padding=(1, 1))
      (7): ImgChLayerNorm()
      (8): SiLU()
      (9): Conv2d(128, 256, kernel_size=(4, 4), stride=(2, 2), padding=(1, 1))
      (10): ImgChLayerNorm()
      (11): SiLU()
    )
  )
)
C2FCritic(
  (network): C2FCriticNetwork(
    (adv_rgb_encoder): Sequential(
      (0): Linear(in_features=19200, out_features=512, bias=False)
      (1): LayerNorm((512,), eps=1e-05, elementwise_affine=True)
      (2): SiLU()
      (3): Linear(in_features=512, out_features=512, bias=False)
      (4): LayerNorm((512,), eps=1e-05, elementwise_affine=True)
      (5): SiLU()
      (6): Linear(in_features=512, out_features=64, bias=False)
      (7): LayerNorm((64,), eps=1e-05, elementwise_affine=True)
      (8): Tanh()
    )
    (adv_low_dim_encoder): Sequential(
      (0): Linear(in_features=288, out_features=64, bias=False)
      (1): LayerNorm((64,), eps=1e-05, elementwise_affine=True)
      (2): Tanh()
    )
    (adv_net): Sequential(
      (0): Linear(in_features=163, out_features=512, bias=False)
      (1): LayerNorm((512,), eps=1e-05, elementwise_affine=True)
      (2): SiLU()
      (3): Linear(in_features=512, out_features=512, bias=False)
      (4): LayerNorm((512,), eps=1e-05, elementwise_affine=True)
      (5): SiLU()
    )
    (adv_gru): GRU(512, 512, batch_first=True)
    (adv_head): Linear(in_features=512, out_features=8080, bias=True)
    (value_rgb_encoder): Sequential(
      (0): Linear(in_features=19200, out_features=512, bias=False)
      (1): LayerNorm((512,), eps=1e-05, elementwise_affine=True)
      (2): SiLU()
      (3): Linear(in_features=512, out_features=512, bias=False)
      (4): LayerNorm((512,), eps=1e-05, elementwise_affine=True)
      (5): SiLU()
      (6): Linear(in_features=512, out_features=64, bias=False)
      (7): LayerNorm((64,), eps=1e-05, elementwise_affine=True)
      (8): Tanh()
    )
    (value_low_dim_encoder): Sequential(
      (0): Linear(in_features=288, out_features=64, bias=False)
      (1): LayerNorm((64,), eps=1e-05, elementwise_affine=True)
      (2): Tanh()
    )
    (value_net): Sequential(
      (0): Linear(in_features=163, out_features=512, bias=False)
      (1): LayerNorm((512,), eps=1e-05, elementwise_affine=True)
      (2): SiLU()
      (3): Linear(in_features=512, out_features=512, bias=False)
      (4): LayerNorm((512,), eps=1e-05, elementwise_affine=True)
      (5): SiLU()
    )
    (value_gru): GRU(512, 512, batch_first=True)
    (value_head): Linear(in_features=512, out_features=1616, bias=True)
  )
)
[2026-06-02 13:21:10,071][__main__][INFO] - loading snapshot: /home/ap2322/Documents/safety_bigym/exp_local/cqn_as_base_curriculum/base_g1_30k_30k_40k_20260529_124749/stage1_easy/snapshot_2588.pt
[2026-06-02 13:21:10,298][__main__][INFO] - snapshot loaded: trained for 2588 steps / 6 episodes
[2026-06-02 13:21:10,299][root][INFO] - Loading demos via raw BiGym env (for DemoStore compatibility).
[2026-06-02 13:21:13,439][root][INFO] - Demos are cached already: /home/ap2322/.bigym/demonstrations/0.9.0
[2026-06-02 13:21:13,439][root][INFO] - Demos are cached already: /home/ap2322/.bigym/demonstrations/0.9.0
[2026-06-02 13:21:13,440][root][INFO] - Demos are cached already: /home/ap2322/.bigym/demonstrations/0.9.0
[2026-06-02 13:21:14,866][root][INFO] - Loaded 36 demos.
[2026-06-02 13:21:18,967][safety_bigym.agents.cqn_as.env_adapter][INFO] - Converted 36 demos (29 successful) for CQN-AS.
[2026-06-02 13:21:45,386][__main__][INFO] - Loaded 36 demos; replay size now 55547
[2026-06-02 13:21:45,665][__main__][INFO] - [safety] step=0 safety/ssm_violation=0.0000 safety/ssm_violation_actual=0.0000 safety/proximity_violation=0.0000 safety/pfl_violation=0.0000 safety/ssm_margin=1.8889 safety/ssm_margin_actual=2.0746 safety/min_separation=2.2631 safety/pfl_force_ratio=0.0000 safety/robot_vel=0.2694 safety/human_vel=0.3618 episode_safety/ep_steps=1.0000 episode_safety/ep_ssm_violation_rate=0.0000 episode_safety/ep_ssm_violation_actual_rate=0.0000 episode_safety/ep_proximity_violation_rate=0.0000 episode_safety/ep_pfl_violation_rate=0.0000 episode_safety/ep_min_ssm_margin=1.8889 episode_safety/ep_min_ssm_margin_actual=2.0746 episode_safety/ep_min_separation=2.2631 episode_safety/ep_mean_separation=2.2631 episode_safety/ep_p5_separation=2.2631 episode_safety/ep_p25_separation=2.2631 episode_safety/ep_max_pfl_force_ratio=0.0000 episode_safety/ep_max_contact_force=0.0000 episode_safety/ep_max_robot_vel=0.2694 episode_safety/ep_mean_robot_vel=0.2694 episode_safety/ep_time_to_first_violation=-1.0000 episode_safety/ep_time_in_proximity_0p3m=0.0000 episode_safety/ep_time_in_proximity_0p5m=0.0000 episode_safety/ep_time_in_proximity_1p0m=0.0000
[2026-06-02 13:21:47,947][__main__][INFO] - [safety] step=50 safety/ssm_violation=1.0000 safety/ssm_violation_actual=0.0000 safety/proximity_violation=1.0000 safety/pfl_violation=0.0000 safety/ssm_margin=-0.1760 safety/ssm_margin_actual=0.0346 safety/min_separation=0.1854 safety/pfl_force_ratio=0.0000 safety/robot_vel=0.1815 safety/human_vel=0.1958 episode_safety/ep_steps=51.0000 episode_safety/ep_ssm_violation_rate=0.4314 episode_safety/ep_ssm_violation_actual_rate=0.0588 episode_safety/ep_proximity_violation_rate=0.3922 episode_safety/ep_pfl_violation_rate=0.0000 episode_safety/ep_min_ssm_margin=-1.4381 episode_safety/ep_min_ssm_margin_actual=-1.2391 episode_safety/ep_min_separation=0.1854 episode_safety/ep_mean_separation=0.9169 episode_safety/ep_p5_separation=0.1923 episode_safety/ep_p25_separation=0.2169 episode_safety/ep_max_pfl_force_ratio=0.0000 episode_safety/ep_max_contact_force=0.0000 episode_safety/ep_max_robot_vel=3.1583 episode_safety/ep_mean_robot_vel=0.2198 episode_safety/ep_time_to_first_violation=29.0000 episode_safety/ep_time_in_proximity_0p3m=0.3922 episode_safety/ep_time_in_proximity_0p5m=0.4706 episode_safety/ep_time_in_proximity_1p0m=0.6078
[2026-06-02 13:21:50,247][__main__][INFO] - [safety] step=100 safety/ssm_violation=0.0000 safety/ssm_violation_actual=0.0000 safety/proximity_violation=0.0000 safety/pfl_violation=0.0000 safety/ssm_margin=0.3115 safety/ssm_margin_actual=0.5493 safety/min_separation=0.7208 safety/pfl_force_ratio=0.0000 safety/robot_vel=0.4713 safety/human_vel=0.0147 episode_safety/ep_steps=101.0000 episode_safety/ep_ssm_violation_rate=0.4554 episode_safety/ep_ssm_violation_actual_rate=0.0594 episode_safety/ep_proximity_violation_rate=0.3069 episode_safety/ep_pfl_violation_rate=0.0000 episode_safety/ep_min_ssm_margin=-1.4381 episode_safety/ep_min_ssm_margin_actual=-1.2391 episode_safety/ep_min_separation=0.1825 episode_safety/ep_mean_separation=0.6829 episode_safety/ep_p5_separation=0.1887 episode_safety/ep_p25_separation=0.2406 episode_safety/ep_max_pfl_force_ratio=0.0000 episode_safety/ep_max_contact_force=0.0000 episode_safety/ep_max_robot_vel=3.1583 episode_safety/ep_mean_robot_vel=0.3666 episode_safety/ep_time_to_first_violation=29.0000 episode_safety/ep_time_in_proximity_0p3m=0.3069 episode_safety/ep_time_in_proximity_0p5m=0.5743 episode_safety/ep_time_in_proximity_1p0m=0.8020
[2026-06-02 13:21:51,261][__main__][INFO] - [safety] step=150 safety/ssm_violation=1.0000 safety/ssm_violation_actual=0.0000 safety/proximity_violation=0.0000 safety/pfl_violation=0.0000 safety/ssm_margin=-0.0346 safety/ssm_margin_actual=0.2054 safety/min_separation=0.3359 safety/pfl_force_ratio=0.0000 safety/robot_vel=0.2451 safety/human_vel=0.0000 episode_safety/ep_steps=151.0000 episode_safety/ep_ssm_violation_rate=0.3974 episode_safety/ep_ssm_violation_actual_rate=0.0397 episode_safety/ep_proximity_violation_rate=0.2053 episode_safety/ep_pfl_violation_rate=0.0000 episode_safety/ep_min_ssm_margin=-1.4381 episode_safety/ep_min_ssm_margin_actual=-1.2391 episode_safety/ep_min_separation=0.1825 episode_safety/ep_mean_separation=0.6242 episode_safety/ep_p5_separation=0.1931 episode_safety/ep_p25_separation=0.3361 episode_safety/ep_max_pfl_force_ratio=0.0000 episode_safety/ep_max_contact_force=0.0000 episode_safety/ep_max_robot_vel=3.1583 episode_safety/ep_mean_robot_vel=0.3354 episode_safety/ep_time_to_first_violation=29.0000 episode_safety/ep_time_in_proximity_0p3m=0.2053 episode_safety/ep_time_in_proximity_0p5m=0.5629 episode_safety/ep_time_in_proximity_1p0m=0.8675
[2026-06-02 13:21:54,238][__main__][INFO] - [safety] step=200 safety/ssm_violation=0.0000 safety/ssm_violation_actual=0.0000 safety/proximity_violation=0.0000 safety/pfl_violation=0.0000 safety/ssm_margin=0.0517 safety/ssm_margin_actual=0.2907 safety/min_separation=0.4008 safety/pfl_force_ratio=0.0000 safety/robot_vel=0.0840 safety/human_vel=0.0068 episode_safety/ep_steps=201.0000 episode_safety/ep_ssm_violation_rate=0.4279 episode_safety/ep_ssm_violation_actual_rate=0.0299 episode_safety/ep_proximity_violation_rate=0.1642 episode_safety/ep_pfl_violation_rate=0.0000 episode_safety/ep_min_ssm_margin=-1.4381 episode_safety/ep_min_ssm_margin_actual=-1.2391 episode_safety/ep_min_separation=0.1825 episode_safety/ep_mean_separation=0.5593 episode_safety/ep_p5_separation=0.1932 episode_safety/ep_p25_separation=0.3363 episode_safety/ep_max_pfl_force_ratio=0.0000 episode_safety/ep_max_contact_force=0.0000 episode_safety/ep_max_robot_vel=3.1583 episode_safety/ep_mean_robot_vel=0.3020 episode_safety/ep_time_to_first_violation=29.0000 episode_safety/ep_time_in_proximity_0p3m=0.1642 episode_safety/ep_time_in_proximity_0p5m=0.6716 episode_safety/ep_time_in_proximity_1p0m=0.9005
[2026-06-02 13:21:57,686][__main__][INFO] - [safety] step=250 safety/ssm_violation=0.0000 safety/ssm_violation_actual=0.0000 safety/proximity_violation=0.0000 safety/pfl_violation=0.0000 safety/ssm_margin=0.0431 safety/ssm_margin_actual=0.2381 safety/min_separation=0.4087 safety/pfl_force_ratio=0.0000 safety/robot_vel=0.2111 safety/human_vel=0.3001 episode_safety/ep_steps=251.0000 episode_safety/ep_ssm_violation_rate=0.4263 episode_safety/ep_ssm_violation_actual_rate=0.0319 episode_safety/ep_proximity_violation_rate=0.1315 episode_safety/ep_pfl_violation_rate=0.0000 episode_safety/ep_min_ssm_margin=-1.4381 episode_safety/ep_min_ssm_margin_actual=-1.2391 episode_safety/ep_min_separation=0.1825 episode_safety/ep_mean_separation=0.5251 episode_safety/ep_p5_separation=0.2023 episode_safety/ep_p25_separation=0.3510 episode_safety/ep_max_pfl_force_ratio=0.0000 episode_safety/ep_max_contact_force=0.0000 episode_safety/ep_max_robot_vel=3.3098 episode_safety/ep_mean_robot_vel=0.3126 episode_safety/ep_time_to_first_violation=29.0000 episode_safety/ep_time_in_proximity_0p3m=0.1315 episode_safety/ep_time_in_proximity_0p5m=0.7371 episode_safety/ep_time_in_proximity_1p0m=0.9203
[2026-06-02 13:21:58,710][__main__][INFO] - [safety] step=300 safety/ssm_violation=0.0000 safety/ssm_violation_actual=0.0000 safety/proximity_violation=0.0000 safety/pfl_violation=0.0000 safety/ssm_margin=1.7946 safety/ssm_margin_actual=2.0344 safety/min_separation=2.2012 safety/pfl_force_ratio=0.0000 safety/robot_vel=0.4570 safety/human_vel=0.0010 episode_safety/ep_steps=301.0000 episode_safety/ep_ssm_violation_rate=0.3953 episode_safety/ep_ssm_violation_actual_rate=0.0266 episode_safety/ep_proximity_violation_rate=0.1329 episode_safety/ep_pfl_violation_rate=0.0000 episode_safety/ep_min_ssm_margin=-1.4381 episode_safety/ep_min_ssm_margin_actual=-1.2391 episode_safety/ep_min_separation=0.1825 episode_safety/ep_mean_separation=0.5707 episode_safety/ep_p5_separation=0.2097 episode_safety/ep_p25_separation=0.3525 episode_safety/ep_max_pfl_force_ratio=0.0000 episode_safety/ep_max_contact_force=0.0000 episode_safety/ep_max_robot_vel=3.3098 episode_safety/ep_mean_robot_vel=0.3165 episode_safety/ep_time_to_first_violation=29.0000 episode_safety/ep_time_in_proximity_0p3m=0.1329 episode_safety/ep_time_in_proximity_0p5m=0.7143 episode_safety/ep_time_in_proximity_1p0m=0.8837
[2026-06-02 13:21:59,423][__main__][INFO] - [episode] step=302 safety/ssm_violation=0.0000 safety/ssm_violation_actual=0.0000 safety/proximity_violation=0.0000 safety/pfl_violation=0.0000 safety/ssm_margin=1.8716 safety/ssm_margin_actual=2.1115 safety/min_separation=2.2525 safety/pfl_force_ratio=0.0000 safety/robot_vel=0.3116 safety/human_vel=0.0009 episode_safety/ep_steps=302.0000 episode_safety/ep_ssm_violation_rate=0.3940 episode_safety/ep_ssm_violation_actual_rate=0.0265 episode_safety/ep_proximity_violation_rate=0.1325 episode_safety/ep_pfl_violation_rate=0.0000 episode_safety/ep_min_ssm_margin=-1.4381 episode_safety/ep_min_ssm_margin_actual=-1.2391 episode_safety/ep_min_separation=0.1825 episode_safety/ep_mean_separation=0.5763 episode_safety/ep_p5_separation=0.2099 episode_safety/ep_p25_separation=0.3527 episode_safety/ep_max_pfl_force_ratio=0.0000 episode_safety/ep_max_contact_force=0.0000 episode_safety/ep_max_robot_vel=3.3098 episode_safety/ep_mean_robot_vel=0.3165 episode_safety/ep_time_to_first_violation=29.0000 episode_safety/ep_time_in_proximity_0p3m=0.1325 episode_safety/ep_time_in_proximity_0p5m=0.7119 episode_safety/ep_time_in_proximity_1p0m=0.8808 episode_cost_integral=206.7102 episode_lambda=0.0000
[2026-06-02 13:21:59,423][__main__][INFO] - [train] step=302 episode_reward=-2.0616 episode_length=302 episode=1 buffer_size=55849
[2026-06-02 13:22:00,679][__main__][INFO] - [safety] step=350 safety/ssm_violation=0.0000 safety/ssm_violation_actual=0.0000 safety/proximity_violation=0.0000 safety/pfl_violation=0.0000 safety/ssm_margin=0.0880 safety/ssm_margin_actual=0.2955 safety/min_separation=0.4353 safety/pfl_force_ratio=0.0000 safety/robot_vel=0.0681 safety/human_vel=0.2169 episode_safety/ep_steps=49.0000 episode_safety/ep_ssm_violation_rate=0.0204 episode_safety/ep_ssm_violation_actual_rate=0.0204 episode_safety/ep_proximity_violation_rate=0.0000 episode_safety/ep_pfl_violation_rate=0.0000 episode_safety/ep_min_ssm_margin=-0.2557 episode_safety/ep_min_ssm_margin_actual=-0.0271 episode_safety/ep_min_separation=0.4353 episode_safety/ep_mean_separation=1.4984 episode_safety/ep_p5_separation=0.4355 episode_safety/ep_p25_separation=0.6242 episode_safety/ep_max_pfl_force_ratio=0.0000 episode_safety/ep_max_contact_force=0.0000 episode_safety/ep_max_robot_vel=1.4680 episode_safety/ep_mean_robot_vel=0.1869 episode_safety/ep_time_to_first_violation=42.0000 episode_safety/ep_time_in_proximity_0p3m=0.0000 episode_safety/ep_time_in_proximity_0p5m=0.2041 episode_safety/ep_time_in_proximity_1p0m=0.3878
[2026-06-02 13:22:01,929][__main__][INFO] - [safety] step=400 safety/ssm_violation=1.0000 safety/ssm_violation_actual=0.0000 safety/proximity_violation=0.0000 safety/pfl_violation=0.0000 safety/ssm_margin=-0.0704 safety/ssm_margin_actual=0.1696 safety/min_separation=0.3469 safety/pfl_force_ratio=0.0000 safety/robot_vel=0.5112 safety/human_vel=0.0002 episode_safety/ep_steps=99.0000 episode_safety/ep_ssm_violation_rate=0.1010 episode_safety/ep_ssm_violation_actual_rate=0.0404 episode_safety/ep_proximity_violation_rate=0.0000 episode_safety/ep_pfl_violation_rate=0.0000 episode_safety/ep_min_ssm_margin=-0.6921 episode_safety/ep_min_ssm_margin_actual=-0.4524 episode_safety/ep_min_separation=0.3469 episode_safety/ep_mean_separation=0.9795 episode_safety/ep_p5_separation=0.4231 episode_safety/ep_p25_separation=0.4356 episode_safety/ep_max_pfl_force_ratio=0.0000 episode_safety/ep_max_contact_force=0.0000 episode_safety/ep_max_robot_vel=2.5713 episode_safety/ep_mean_robot_vel=0.3451 episode_safety/ep_time_to_first_violation=42.0000 episode_safety/ep_time_in_proximity_0p3m=0.0000 episode_safety/ep_time_in_proximity_0p5m=0.4343 episode_safety/ep_time_in_proximity_1p0m=0.6970
[2026-06-02 13:22:03,140][__main__][INFO] - [safety] step=450 safety/ssm_violation=0.0000 safety/ssm_violation_actual=0.0000 safety/proximity_violation=0.0000 safety/pfl_violation=0.0000 safety/ssm_margin=0.0001 safety/ssm_margin_actual=0.2401 safety/min_separation=0.3806 safety/pfl_force_ratio=0.0000 safety/robot_vel=0.3094 safety/human_vel=0.0000 episode_safety/ep_steps=149.0000 episode_safety/ep_ssm_violation_rate=0.3960 episode_safety/ep_ssm_violation_actual_rate=0.0268 episode_safety/ep_proximity_violation_rate=0.2752 episode_safety/ep_pfl_violation_rate=0.0000 episode_safety/ep_min_ssm_margin=-0.6921 episode_safety/ep_min_ssm_margin_actual=-0.4524 episode_safety/ep_min_separation=0.1446 episode_safety/ep_mean_separation=0.7293 episode_safety/ep_p5_separation=0.1493 episode_safety/ep_p25_separation=0.2847 episode_safety/ep_max_pfl_force_ratio=0.0000 episode_safety/ep_max_contact_force=0.0000 episode_safety/ep_max_robot_vel=2.5713 episode_safety/ep_mean_robot_vel=0.3325 episode_safety/ep_time_to_first_violation=42.0000 episode_safety/ep_time_in_proximity_0p3m=0.2752 episode_safety/ep_time_in_proximity_0p5m=0.6242 episode_safety/ep_time_in_proximity_1p0m=0.7987
[2026-06-02 13:22:04,382][__main__][INFO] - [safety] step=500 safety/ssm_violation=1.0000 safety/ssm_violation_actual=0.0000 safety/proximity_violation=0.0000 safety/pfl_violation=0.0000 safety/ssm_margin=-0.0516 safety/ssm_margin_actual=0.1884 safety/min_separation=0.3002 safety/pfl_force_ratio=0.0000 safety/robot_vel=0.1060 safety/human_vel=0.0000 episode_safety/ep_steps=199.0000 episode_safety/ep_ssm_violation_rate=0.4975 episode_safety/ep_ssm_violation_actual_rate=0.0251 episode_safety/ep_proximity_violation_rate=0.3367 episode_safety/ep_pfl_violation_rate=0.0000 episode_safety/ep_min_ssm_margin=-0.6921 episode_safety/ep_min_ssm_margin_actual=-0.4524 episode_safety/ep_min_separation=0.1446 episode_safety/ep_mean_separation=0.6220 episode_safety/ep_p5_separation=0.1565 episode_safety/ep_p25_separation=0.2654 episode_safety/ep_max_pfl_force_ratio=0.0000 episode_safety/ep_max_contact_force=0.0000 episode_safety/ep_max_robot_vel=2.5713 episode_safety/ep_mean_robot_vel=0.3131 episode_safety/ep_time_to_first_violation=42.0000 episode_safety/ep_time_in_proximity_0p3m=0.3367 episode_safety/ep_time_in_proximity_0p5m=0.7186 episode_safety/ep_time_in_proximity_1p0m=0.8492
[2026-06-02 13:22:05,728][__main__][INFO] - [safety] step=550 safety/ssm_violation=1.0000 safety/ssm_violation_actual=1.0000 safety/proximity_violation=1.0000 safety/pfl_violation=0.0000 safety/ssm_margin=-0.3174 safety/ssm_margin_actual=-0.0932 safety/min_separation=0.0845 safety/pfl_force_ratio=0.0000 safety/robot_vel=0.4321 safety/human_vel=0.1052 episode_safety/ep_steps=249.0000 episode_safety/ep_ssm_violation_rate=0.5984 episode_safety/ep_ssm_violation_actual_rate=0.0442 episode_safety/ep_proximity_violation_rate=0.4699 episode_safety/ep_pfl_violation_rate=0.0000 episode_safety/ep_min_ssm_margin=-1.5637 episode_safety/ep_min_ssm_margin_actual=-1.3237 episode_safety/ep_min_separation=0.0845 episode_safety/ep_mean_separation=0.5503 episode_safety/ep_p5_separation=0.1578 episode_safety/ep_p25_separation=0.2646 episode_safety/ep_max_pfl_force_ratio=0.0000 episode_safety/ep_max_contact_force=0.0000 episode_safety/ep_max_robot_vel=3.3880 episode_safety/ep_mean_robot_vel=0.3139 episode_safety/ep_time_to_first_violation=42.0000 episode_safety/ep_time_in_proximity_0p3m=0.4699 episode_safety/ep_time_in_proximity_0p5m=0.7751 episode_safety/ep_time_in_proximity_1p0m=0.8795
[2026-06-02 13:22:07,013][__main__][INFO] - [safety] step=600 safety/ssm_violation=0.0000 safety/ssm_violation_actual=0.0000 safety/proximity_violation=0.0000 safety/pfl_violation=0.0000 safety/ssm_margin=2.0905 safety/ssm_margin_actual=2.3305 safety/min_separation=2.4558 safety/pfl_force_ratio=0.0000 safety/robot_vel=0.2092 safety/human_vel=0.0001 episode_safety/ep_steps=299.0000 episode_safety/ep_ssm_violation_rate=0.5485 episode_safety/ep_ssm_violation_actual_rate=0.0569 episode_safety/ep_proximity_violation_rate=0.4381 episode_safety/ep_pfl_violation_rate=0.0000 episode_safety/ep_min_ssm_margin=-1.5637 episode_safety/ep_min_ssm_margin_actual=-1.3237 episode_safety/ep_min_separation=0.0140 episode_safety/ep_mean_separation=0.6563 episode_safety/ep_p5_separation=0.1471 episode_safety/ep_p25_separation=0.2640 episode_safety/ep_max_pfl_force_ratio=0.0000 episode_safety/ep_max_contact_force=0.0000 episode_safety/ep_max_robot_vel=3.3880 episode_safety/ep_mean_robot_vel=0.3058 episode_safety/ep_time_to_first_violation=42.0000 episode_safety/ep_time_in_proximity_0p3m=0.4381 episode_safety/ep_time_in_proximity_0p5m=0.7023 episode_safety/ep_time_in_proximity_1p0m=0.8094
[2026-06-02 13:22:08,261][__main__][INFO] - [episode] step=621 safety/ssm_violation=0.0000 safety/ssm_violation_actual=0.0000 safety/proximity_violation=0.0000 safety/pfl_violation=0.0000 safety/ssm_margin=1.9394 safety/ssm_margin_actual=2.1738 safety/min_separation=2.4192 safety/pfl_force_ratio=0.0000 safety/robot_vel=0.7837 safety/human_vel=0.0372 episode_safety/ep_steps=319.0000 episode_safety/ep_ssm_violation_rate=0.5141 episode_safety/ep_ssm_violation_actual_rate=0.0533 episode_safety/ep_proximity_violation_rate=0.4107 episode_safety/ep_pfl_violation_rate=0.0000 episode_safety/ep_min_ssm_margin=-1.5637 episode_safety/ep_min_ssm_margin_actual=-1.3237 episode_safety/ep_min_separation=0.0140 episode_safety/ep_mean_separation=0.7681 episode_safety/ep_p5_separation=0.1482 episode_safety/ep_p25_separation=0.2658 episode_safety/ep_max_pfl_force_ratio=0.0000 episode_safety/ep_max_contact_force=0.0000 episode_safety/ep_max_robot_vel=3.3880 episode_safety/ep_mean_robot_vel=0.3166 episode_safety/ep_time_to_first_violation=42.0000 episode_safety/ep_time_in_proximity_0p3m=0.4107 episode_safety/ep_time_in_proximity_0p5m=0.6583 episode_safety/ep_time_in_proximity_1p0m=0.7586 episode_cost_integral=211.8405 episode_lambda=0.0000
[2026-06-02 13:22:08,262][__main__][INFO] - [train] step=621 episode_reward=-2.5403 episode_length=319 episode=2 buffer_size=56168
[2026-06-02 13:22:31,533][__main__][INFO] - [safety] step=650 safety/ssm_violation=1.0000 safety/ssm_violation_actual=1.0000 safety/proximity_violation=1.0000 safety/pfl_violation=0.0000 safety/ssm_margin=-0.2391 safety/ssm_margin_actual=-0.0144 safety/min_separation=0.1296 safety/pfl_force_ratio=0.0000 safety/robot_vel=0.2329 safety/human_vel=0.1018 episode_safety/ep_steps=30.0000 episode_safety/ep_ssm_violation_rate=0.3000 episode_safety/ep_ssm_violation_actual_rate=0.0333 episode_safety/ep_proximity_violation_rate=0.2667 episode_safety/ep_pfl_violation_rate=0.0000 episode_safety/ep_min_ssm_margin=-0.2391 episode_safety/ep_min_ssm_margin_actual=-0.0144 episode_safety/ep_min_separation=0.1296 episode_safety/ep_mean_separation=0.8577 episode_safety/ep_p5_separation=0.1475 episode_safety/ep_p25_separation=0.2739 episode_safety/ep_max_pfl_force_ratio=0.0000 episode_safety/ep_max_contact_force=0.0000 episode_safety/ep_max_robot_vel=0.2351 episode_safety/ep_mean_robot_vel=0.1184 episode_safety/ep_time_to_first_violation=21.0000 episode_safety/ep_time_in_proximity_0p3m=0.2667 episode_safety/ep_time_in_proximity_0p5m=0.4000 episode_safety/ep_time_in_proximity_1p0m=0.5667
[2026-06-02 13:22:58,130][__main__][INFO] - [safety] step=700 safety/ssm_violation=1.0000 safety/ssm_violation_actual=0.0000 safety/proximity_violation=1.0000 safety/pfl_violation=0.0000 safety/ssm_margin=-0.1125 safety/ssm_margin_actual=0.1274 safety/min_separation=0.2676 safety/pfl_force_ratio=0.0000 safety/robot_vel=0.3068 safety/human_vel=0.0008 episode_safety/ep_steps=80.0000 episode_safety/ep_ssm_violation_rate=0.7375 episode_safety/ep_ssm_violation_actual_rate=0.4000 episode_safety/ep_proximity_violation_rate=0.7250 episode_safety/ep_pfl_violation_rate=0.0000 episode_safety/ep_min_ssm_margin=-1.4417 episode_safety/ep_min_ssm_margin_actual=-1.2159 episode_safety/ep_min_separation=0.0634 episode_safety/ep_mean_separation=0.4170 episode_safety/ep_p5_separation=0.0660 episode_safety/ep_p25_separation=0.1145 episode_safety/ep_max_pfl_force_ratio=0.0000 episode_safety/ep_max_contact_force=0.0000 episode_safety/ep_max_robot_vel=2.9503 episode_safety/ep_mean_robot_vel=0.2737 episode_safety/ep_time_to_first_violation=21.0000 episode_safety/ep_time_in_proximity_0p3m=0.7250 episode_safety/ep_time_in_proximity_0p5m=0.7750 episode_safety/ep_time_in_proximity_1p0m=0.8375
[2026-06-02 13:23:26,898][__main__][INFO] - [safety] step=750 safety/ssm_violation=1.0000 safety/ssm_violation_actual=0.0000 safety/proximity_violation=1.0000 safety/pfl_violation=0.0000 safety/ssm_margin=-0.2296 safety/ssm_margin_actual=0.0038 safety/min_separation=0.1159 safety/pfl_force_ratio=0.0000 safety/robot_vel=0.0523 safety/human_vel=0.0439 episode_safety/ep_steps=130.0000 episode_safety/ep_ssm_violation_rate=0.8385 episode_safety/ep_ssm_violation_actual_rate=0.3692 episode_safety/ep_proximity_violation_rate=0.8308 episode_safety/ep_pfl_violation_rate=0.0000 episode_safety/ep_min_ssm_margin=-1.4417 episode_safety/ep_min_ssm_margin_actual=-1.2159 episode_safety/ep_min_separation=0.0634 episode_safety/ep_mean_separation=0.3223 episode_safety/ep_p5_separation=0.0668 episode_safety/ep_p25_separation=0.1186 episode_safety/ep_max_pfl_force_ratio=0.0000 episode_safety/ep_max_contact_force=0.0000 episode_safety/ep_max_robot_vel=2.9503 episode_safety/ep_mean_robot_vel=0.2510 episode_safety/ep_time_to_first_violation=21.0000 episode_safety/ep_time_in_proximity_0p3m=0.8308 episode_safety/ep_time_in_proximity_0p5m=0.8615 episode_safety/ep_time_in_proximity_1p0m=0.9000
[2026-06-02 13:23:57,654][__main__][INFO] - [safety] step=800 safety/ssm_violation=1.0000 safety/ssm_violation_actual=1.0000 safety/proximity_violation=1.0000 safety/pfl_violation=0.0000 safety/ssm_margin=-0.2758 safety/ssm_margin_actual=-0.0452 safety/min_separation=0.0778 safety/pfl_force_ratio=0.0000 safety/robot_vel=0.1214 safety/human_vel=0.0626 episode_safety/ep_steps=180.0000 episode_safety/ep_ssm_violation_rate=0.8833 episode_safety/ep_ssm_violation_actual_rate=0.5389 episode_safety/ep_proximity_violation_rate=0.8778 episode_safety/ep_pfl_violation_rate=0.0000 episode_safety/ep_min_ssm_margin=-1.4417 episode_safety/ep_min_ssm_margin_actual=-1.2159 episode_safety/ep_min_separation=0.0634 episode_safety/ep_mean_separation=0.2558 episode_safety/ep_p5_separation=0.0693 episode_safety/ep_p25_separation=0.0804 episode_safety/ep_max_pfl_force_ratio=0.0000 episode_safety/ep_max_contact_force=0.0000 episode_safety/ep_max_robot_vel=2.9503 episode_safety/ep_mean_robot_vel=0.2033 episode_safety/ep_time_to_first_violation=21.0000 episode_safety/ep_time_in_proximity_0p3m=0.8778 episode_safety/ep_time_in_proximity_0p5m=0.9000 episode_safety/ep_time_in_proximity_1p0m=0.9278
[2026-06-02 13:24:26,669][__main__][INFO] - [safety] step=850 safety/ssm_violation=1.0000 safety/ssm_violation_actual=1.0000 safety/proximity_violation=1.0000 safety/pfl_violation=0.0000 safety/ssm_margin=-0.2671 safety/ssm_margin_actual=-0.0387 safety/min_separation=0.0833 safety/pfl_force_ratio=0.0000 safety/robot_vel=0.0949 safety/human_vel=0.0771 episode_safety/ep_steps=230.0000 episode_safety/ep_ssm_violation_rate=0.9087 episode_safety/ep_ssm_violation_actual_rate=0.6391 episode_safety/ep_proximity_violation_rate=0.9043 episode_safety/ep_pfl_violation_rate=0.0000 episode_safety/ep_min_ssm_margin=-1.4417 episode_safety/ep_min_ssm_margin_actual=-1.2159 episode_safety/ep_min_separation=0.0634 episode_safety/ep_mean_separation=0.2212 episode_safety/ep_p5_separation=0.0706 episode_safety/ep_p25_separation=0.0856 episode_safety/ep_max_pfl_force_ratio=0.0000 episode_safety/ep_max_contact_force=0.0000 episode_safety/ep_max_robot_vel=2.9503 episode_safety/ep_mean_robot_vel=0.1734 episode_safety/ep_time_to_first_violation=21.0000 episode_safety/ep_time_in_proximity_0p3m=0.9043 episode_safety/ep_time_in_proximity_0p5m=0.9217 episode_safety/ep_time_in_proximity_1p0m=0.9435
[2026-06-02 13:24:54,923][__main__][INFO] - [safety] step=900 safety/ssm_violation=0.0000 safety/ssm_violation_actual=0.0000 safety/proximity_violation=0.0000 safety/pfl_violation=0.0000 safety/ssm_margin=1.6138 safety/ssm_margin_actual=1.8530 safety/min_separation=1.9599 safety/pfl_force_ratio=0.0000 safety/robot_vel=0.0580 safety/human_vel=0.0052 episode_safety/ep_steps=280.0000 episode_safety/ep_ssm_violation_rate=0.8571 episode_safety/ep_ssm_violation_actual_rate=0.6286 episode_safety/ep_proximity_violation_rate=0.8536 episode_safety/ep_pfl_violation_rate=0.0000 episode_safety/ep_min_ssm_margin=-1.4417 episode_safety/ep_min_ssm_margin_actual=-1.2159 episode_safety/ep_min_separation=0.0310 episode_safety/ep_mean_separation=0.2734 episode_safety/ep_p5_separation=0.0650 episode_safety/ep_p25_separation=0.0804 episode_safety/ep_max_pfl_force_ratio=0.0000 episode_safety/ep_max_contact_force=0.0000 episode_safety/ep_max_robot_vel=2.9503 episode_safety/ep_mean_robot_vel=0.1548 episode_safety/ep_time_to_first_violation=21.0000 episode_safety/ep_time_in_proximity_0p3m=0.8536 episode_safety/ep_time_in_proximity_0p5m=0.8750 episode_safety/ep_time_in_proximity_1p0m=0.9107
[2026-06-02 13:25:21,601][__main__][INFO] - [safety] step=950 safety/ssm_violation=0.0000 safety/ssm_violation_actual=0.0000 safety/proximity_violation=0.0000 safety/pfl_violation=0.0000 safety/ssm_margin=1.7599 safety/ssm_margin_actual=1.9998 safety/min_separation=2.1038 safety/pfl_force_ratio=0.0000 safety/robot_vel=0.0376 safety/human_vel=0.0005 episode_safety/ep_steps=330.0000 episode_safety/ep_ssm_violation_rate=0.7273 episode_safety/ep_ssm_violation_actual_rate=0.5333 episode_safety/ep_proximity_violation_rate=0.7242 episode_safety/ep_pfl_violation_rate=0.0000 episode_safety/ep_min_ssm_margin=-1.4417 episode_safety/ep_min_ssm_margin_actual=-1.2159 episode_safety/ep_min_separation=0.0310 episode_safety/ep_mean_separation=0.5483 episode_safety/ep_p5_separation=0.0664 episode_safety/ep_p25_separation=0.0856 episode_safety/ep_max_pfl_force_ratio=0.0000 episode_safety/ep_max_contact_force=0.0000 episode_safety/ep_max_robot_vel=2.9503 episode_safety/ep_mean_robot_vel=0.1424 episode_safety/ep_time_to_first_violation=21.0000 episode_safety/ep_time_in_proximity_0p3m=0.7242 episode_safety/ep_time_in_proximity_0p5m=0.7424 episode_safety/ep_time_in_proximity_1p0m=0.7727
[2026-06-02 13:25:48,586][__main__][INFO] - [safety] step=1000 safety/ssm_violation=0.0000 safety/ssm_violation_actual=0.0000 safety/proximity_violation=0.0000 safety/pfl_violation=0.0000 safety/ssm_margin=0.6372 safety/ssm_margin_actual=0.8729 safety/min_separation=0.9830 safety/pfl_force_ratio=0.0000 safety/robot_vel=0.0548 safety/human_vel=0.0288 episode_safety/ep_steps=380.0000 episode_safety/ep_ssm_violation_rate=0.6316 episode_safety/ep_ssm_violation_actual_rate=0.4632 episode_safety/ep_proximity_violation_rate=0.6289 episode_safety/ep_pfl_violation_rate=0.0000 episode_safety/ep_min_ssm_margin=-1.4417 episode_safety/ep_min_ssm_margin_actual=-1.2159 episode_safety/ep_min_separation=0.0310 episode_safety/ep_mean_separation=0.7328 episode_safety/ep_p5_separation=0.0669 episode_safety/ep_p25_separation=0.0926 episode_safety/ep_max_pfl_force_ratio=0.0000 episode_safety/ep_max_contact_force=0.0000 episode_safety/ep_max_robot_vel=2.9503 episode_safety/ep_mean_robot_vel=0.1339 episode_safety/ep_time_to_first_violation=21.0000 episode_safety/ep_time_in_proximity_0p3m=0.6289 episode_safety/ep_time_in_proximity_0p5m=0.6447 episode_safety/ep_time_in_proximity_1p0m=0.6737
[2026-06-02 13:26:16,970][__main__][INFO] - [safety] step=1050 safety/ssm_violation=1.0000 safety/ssm_violation_actual=0.0000 safety/proximity_violation=1.0000 safety/pfl_violation=0.0000 safety/ssm_margin=-0.0708 safety/ssm_margin_actual=0.1329 safety/min_separation=0.2773 safety/pfl_force_ratio=0.0000 safety/robot_vel=0.0754 safety/human_vel=0.2425 episode_safety/ep_steps=430.0000 episode_safety/ep_ssm_violation_rate=0.6535 episode_safety/ep_ssm_violation_actual_rate=0.4326 episode_safety/ep_proximity_violation_rate=0.6116 episode_safety/ep_pfl_violation_rate=0.0000 episode_safety/ep_min_ssm_margin=-1.4417 episode_safety/ep_min_ssm_margin_actual=-1.2159 episode_safety/ep_min_separation=0.0310 episode_safety/ep_mean_separation=0.6806 episode_safety/ep_p5_separation=0.0655 episode_safety/ep_p25_separation=0.0932 episode_safety/ep_max_pfl_force_ratio=0.0000 episode_safety/ep_max_contact_force=0.0000 episode_safety/ep_max_robot_vel=2.9503 episode_safety/ep_mean_robot_vel=0.1277 episode_safety/ep_time_to_first_violation=21.0000 episode_safety/ep_time_in_proximity_0p3m=0.6116 episode_safety/ep_time_in_proximity_0p5m=0.6767 episode_safety/ep_time_in_proximity_1p0m=0.7116
[2026-06-02 13:26:45,661][__main__][INFO] - [safety] step=1100 safety/ssm_violation=1.0000 safety/ssm_violation_actual=0.0000 safety/proximity_violation=1.0000 safety/pfl_violation=0.0000 safety/ssm_margin=-0.0711 safety/ssm_margin_actual=0.1407 safety/min_separation=0.2748 safety/pfl_force_ratio=0.0000 safety/robot_vel=0.0562 safety/human_vel=0.1883 episode_safety/ep_steps=480.0000 episode_safety/ep_ssm_violation_rate=0.6875 episode_safety/ep_ssm_violation_actual_rate=0.3875 episode_safety/ep_proximity_violation_rate=0.5604 episode_safety/ep_pfl_violation_rate=0.0000 episode_safety/ep_min_ssm_margin=-1.4417 episode_safety/ep_min_ssm_margin_actual=-1.2159 episode_safety/ep_min_separation=0.0310 episode_safety/ep_mean_separation=0.6443 episode_safety/ep_p5_separation=0.0667 episode_safety/ep_p25_separation=0.0963 episode_safety/ep_max_pfl_force_ratio=0.0000 episode_safety/ep_max_contact_force=0.0000 episode_safety/ep_max_robot_vel=2.9503 episode_safety/ep_mean_robot_vel=0.1226 episode_safety/ep_time_to_first_violation=21.0000 episode_safety/ep_time_in_proximity_0p3m=0.5604 episode_safety/ep_time_in_proximity_0p5m=0.7104 episode_safety/ep_time_in_proximity_1p0m=0.7417
[2026-06-02 13:27:15,818][__main__][INFO] - [safety] step=1150 safety/ssm_violation=1.0000 safety/ssm_violation_actual=0.0000 safety/proximity_violation=1.0000 safety/pfl_violation=0.0000 safety/ssm_margin=-0.0725 safety/ssm_margin_actual=0.1321 safety/min_separation=0.2776 safety/pfl_force_ratio=0.0000 safety/robot_vel=0.0923 safety/human_vel=0.2362 episode_safety/ep_steps=530.0000 episode_safety/ep_ssm_violation_rate=0.7170 episode_safety/ep_ssm_violation_actual_rate=0.3509 episode_safety/ep_proximity_violation_rate=0.5434 episode_safety/ep_pfl_violation_rate=0.0000 episode_safety/ep_min_ssm_margin=-1.4417 episode_safety/ep_min_ssm_margin_actual=-1.2159 episode_safety/ep_min_separation=0.0310 episode_safety/ep_mean_separation=0.6125 episode_safety/ep_p5_separation=0.0668 episode_safety/ep_p25_separation=0.1010 episode_safety/ep_max_pfl_force_ratio=0.0000 episode_safety/ep_max_contact_force=0.0000 episode_safety/ep_max_robot_vel=2.9503 episode_safety/ep_mean_robot_vel=0.1165 episode_safety/ep_time_to_first_violation=21.0000 episode_safety/ep_time_in_proximity_0p3m=0.5434 episode_safety/ep_time_in_proximity_0p5m=0.7377 episode_safety/ep_time_in_proximity_1p0m=0.7660
[2026-06-02 13:27:45,250][__main__][INFO] - [safety] step=1200 safety/ssm_violation=1.0000 safety/ssm_violation_actual=0.0000 safety/proximity_violation=1.0000 safety/pfl_violation=0.0000 safety/ssm_margin=-0.0459 safety/ssm_margin_actual=0.1908 safety/min_separation=0.2988 safety/pfl_force_ratio=0.0000 safety/robot_vel=0.0446 safety/human_vel=0.0221 episode_safety/ep_steps=580.0000 episode_safety/ep_ssm_violation_rate=0.7414 episode_safety/ep_ssm_violation_actual_rate=0.3207 episode_safety/ep_proximity_violation_rate=0.5603 episode_safety/ep_pfl_violation_rate=0.0000 episode_safety/ep_min_ssm_margin=-1.4417 episode_safety/ep_min_ssm_margin_actual=-1.2159 episode_safety/ep_min_separation=0.0310 episode_safety/ep_mean_separation=0.5849 episode_safety/ep_p5_separation=0.0694 episode_safety/ep_p25_separation=0.1055 episode_safety/ep_max_pfl_force_ratio=0.0000 episode_safety/ep_max_contact_force=0.0000 episode_safety/ep_max_robot_vel=2.9503 episode_safety/ep_mean_robot_vel=0.1133 episode_safety/ep_time_to_first_violation=21.0000 episode_safety/ep_time_in_proximity_0p3m=0.5603 episode_safety/ep_time_in_proximity_0p5m=0.7603 episode_safety/ep_time_in_proximity_1p0m=0.7862
[2026-06-02 13:28:14,034][__main__][INFO] - [safety] step=1250 safety/ssm_violation=1.0000 safety/ssm_violation_actual=0.0000 safety/proximity_violation=1.0000 safety/pfl_violation=0.0000 safety/ssm_margin=-0.0503 safety/ssm_margin_actual=0.1511 safety/min_separation=0.2967 safety/pfl_force_ratio=0.0000 safety/robot_vel=0.0663 safety/human_vel=0.2570 episode_safety/ep_steps=630.0000 episode_safety/ep_ssm_violation_rate=0.7619 episode_safety/ep_ssm_violation_actual_rate=0.2952 episode_safety/ep_proximity_violation_rate=0.5952 episode_safety/ep_pfl_violation_rate=0.0000 episode_safety/ep_min_ssm_margin=-1.4417 episode_safety/ep_min_ssm_margin_actual=-1.2159 episode_safety/ep_min_separation=0.0310 episode_safety/ep_mean_separation=0.5617 episode_safety/ep_p5_separation=0.0704 episode_safety/ep_p25_separation=0.1101 episode_safety/ep_max_pfl_force_ratio=0.0000 episode_safety/ep_max_contact_force=0.0000 episode_safety/ep_max_robot_vel=2.9503 episode_safety/ep_mean_robot_vel=0.1094 episode_safety/ep_time_to_first_violation=21.0000 episode_safety/ep_time_in_proximity_0p3m=0.5952 episode_safety/ep_time_in_proximity_0p5m=0.7794 episode_safety/ep_time_in_proximity_1p0m=0.8032
[2026-06-02 13:28:44,341][__main__][INFO] - [safety] step=1300 safety/ssm_violation=1.0000 safety/ssm_violation_actual=0.0000 safety/proximity_violation=1.0000 safety/pfl_violation=0.0000 safety/ssm_margin=-0.0583 safety/ssm_margin_actual=0.1755 safety/min_separation=0.2949 safety/pfl_force_ratio=0.0000 safety/robot_vel=0.1185 safety/human_vel=0.0415 episode_safety/ep_steps=680.0000 episode_safety/ep_ssm_violation_rate=0.7794 episode_safety/ep_ssm_violation_actual_rate=0.2735 episode_safety/ep_proximity_violation_rate=0.6250 episode_safety/ep_pfl_violation_rate=0.0000 episode_safety/ep_min_ssm_margin=-1.4417 episode_safety/ep_min_ssm_margin_actual=-1.2159 episode_safety/ep_min_separation=0.0310 episode_safety/ep_mean_separation=0.5413 episode_safety/ep_p5_separation=0.0707 episode_safety/ep_p25_separation=0.1174 episode_safety/ep_max_pfl_force_ratio=0.0000 episode_safety/ep_max_contact_force=0.0000 episode_safety/ep_max_robot_vel=2.9503 episode_safety/ep_mean_robot_vel=0.1058 episode_safety/ep_time_to_first_violation=21.0000 episode_safety/ep_time_in_proximity_0p3m=0.6250 episode_safety/ep_time_in_proximity_0p5m=0.7956 episode_safety/ep_time_in_proximity_1p0m=0.8176
[2026-06-02 13:29:11,216][__main__][INFO] - [safety] step=1350 safety/ssm_violation=1.0000 safety/ssm_violation_actual=0.0000 safety/proximity_violation=1.0000 safety/pfl_violation=0.0000 safety/ssm_margin=-0.0495 safety/ssm_margin_actual=0.1905 safety/min_separation=0.2935 safety/pfl_force_ratio=0.0000 safety/robot_vel=0.0291 safety/human_vel=0.0000 episode_safety/ep_steps=730.0000 episode_safety/ep_ssm_violation_rate=0.7945 episode_safety/ep_ssm_violation_actual_rate=0.2548 episode_safety/ep_proximity_violation_rate=0.6507 episode_safety/ep_pfl_violation_rate=0.0000 episode_safety/ep_min_ssm_margin=-1.4417 episode_safety/ep_min_ssm_margin_actual=-1.2159 episode_safety/ep_min_separation=0.0310 episode_safety/ep_mean_separation=0.5243 episode_safety/ep_p5_separation=0.0719 episode_safety/ep_p25_separation=0.1282 episode_safety/ep_max_pfl_force_ratio=0.0000 episode_safety/ep_max_contact_force=0.0000 episode_safety/ep_max_robot_vel=2.9503 episode_safety/ep_mean_robot_vel=0.1024 episode_safety/ep_time_to_first_violation=21.0000 episode_safety/ep_time_in_proximity_0p3m=0.6507 episode_safety/ep_time_in_proximity_0p5m=0.8096 episode_safety/ep_time_in_proximity_1p0m=0.8301
[2026-06-02 13:29:41,015][__main__][INFO] - [safety] step=1400 safety/ssm_violation=1.0000 safety/ssm_violation_actual=0.0000 safety/proximity_violation=1.0000 safety/pfl_violation=0.0000 safety/ssm_margin=-0.0514 safety/ssm_margin_actual=0.1884 safety/min_separation=0.2928 safety/pfl_force_ratio=0.0000 safety/robot_vel=0.0400 safety/human_vel=0.0014 episode_safety/ep_steps=780.0000 episode_safety/ep_ssm_violation_rate=0.8077 episode_safety/ep_ssm_violation_actual_rate=0.2385 episode_safety/ep_proximity_violation_rate=0.6731 episode_safety/ep_pfl_violation_rate=0.0000 episode_safety/ep_min_ssm_margin=-1.4417 episode_safety/ep_min_ssm_margin_actual=-1.2159 episode_safety/ep_min_separation=0.0310 episode_safety/ep_mean_separation=0.5093 episode_safety/ep_p5_separation=0.0721 episode_safety/ep_p25_separation=0.1534 episode_safety/ep_max_pfl_force_ratio=0.0000 episode_safety/ep_max_contact_force=0.0000 episode_safety/ep_max_robot_vel=2.9503 episode_safety/ep_mean_robot_vel=0.0991 episode_safety/ep_time_to_first_violation=21.0000 episode_safety/ep_time_in_proximity_0p3m=0.6731 episode_safety/ep_time_in_proximity_0p5m=0.8218 episode_safety/ep_time_in_proximity_1p0m=0.8410
[2026-06-02 13:30:10,442][__main__][INFO] - [safety] step=1450 safety/ssm_violation=1.0000 safety/ssm_violation_actual=0.0000 safety/proximity_violation=1.0000 safety/pfl_violation=0.0000 safety/ssm_margin=-0.0521 safety/ssm_margin_actual=0.1876 safety/min_separation=0.2929 safety/pfl_force_ratio=0.0000 safety/robot_vel=0.0480 safety/human_vel=0.0019 episode_safety/ep_steps=830.0000 episode_safety/ep_ssm_violation_rate=0.8193 episode_safety/ep_ssm_violation_actual_rate=0.2241 episode_safety/ep_proximity_violation_rate=0.6928 episode_safety/ep_pfl_violation_rate=0.0000 episode_safety/ep_min_ssm_margin=-1.4417 episode_safety/ep_min_ssm_margin_actual=-1.2159 episode_safety/ep_min_separation=0.0310 episode_safety/ep_mean_separation=0.4961 episode_safety/ep_p5_separation=0.0725 episode_safety/ep_p25_separation=0.1824 episode_safety/ep_max_pfl_force_ratio=0.0000 episode_safety/ep_max_contact_force=0.0000 episode_safety/ep_max_robot_vel=2.9503 episode_safety/ep_mean_robot_vel=0.0971 episode_safety/ep_time_to_first_violation=21.0000 episode_safety/ep_time_in_proximity_0p3m=0.6928 episode_safety/ep_time_in_proximity_0p5m=0.8325 episode_safety/ep_time_in_proximity_1p0m=0.8506
[2026-06-02 13:30:39,292][__main__][INFO] - [safety] step=1500 safety/ssm_violation=1.0000 safety/ssm_violation_actual=0.0000 safety/proximity_violation=1.0000 safety/pfl_violation=0.0000 safety/ssm_margin=-0.0516 safety/ssm_margin_actual=0.1880 safety/min_separation=0.2929 safety/pfl_force_ratio=0.0000 safety/robot_vel=0.0431 safety/human_vel=0.0026 episode_safety/ep_steps=880.0000 episode_safety/ep_ssm_violation_rate=0.8295 episode_safety/ep_ssm_violation_actual_rate=0.2114 episode_safety/ep_proximity_violation_rate=0.7102 episode_safety/ep_pfl_violation_rate=0.0000 episode_safety/ep_min_ssm_margin=-1.4417 episode_safety/ep_min_ssm_margin_actual=-1.2159 episode_safety/ep_min_separation=0.0310 episode_safety/ep_mean_separation=0.4844 episode_safety/ep_p5_separation=0.0734 episode_safety/ep_p25_separation=0.2082 episode_safety/ep_max_pfl_force_ratio=0.0000 episode_safety/ep_max_contact_force=0.0000 episode_safety/ep_max_robot_vel=2.9503 episode_safety/ep_mean_robot_vel=0.0951 episode_safety/ep_time_to_first_violation=21.0000 episode_safety/ep_time_in_proximity_0p3m=0.7102 episode_safety/ep_time_in_proximity_0p5m=0.8420 episode_safety/ep_time_in_proximity_1p0m=0.8591
[2026-06-02 13:31:09,755][__main__][INFO] - [safety] step=1550 safety/ssm_violation=1.0000 safety/ssm_violation_actual=0.0000 safety/proximity_violation=1.0000 safety/pfl_violation=0.0000 safety/ssm_margin=-0.0517 safety/ssm_margin_actual=0.1576 safety/min_separation=0.2940 safety/pfl_force_ratio=0.0000 safety/robot_vel=0.0541 safety/human_vel=0.2043 episode_safety/ep_steps=930.0000 episode_safety/ep_ssm_violation_rate=0.8387 episode_safety/ep_ssm_violation_actual_rate=0.2000 episode_safety/ep_proximity_violation_rate=0.7258 episode_safety/ep_pfl_violation_rate=0.0000 episode_safety/ep_min_ssm_margin=-1.4417 episode_safety/ep_min_ssm_margin_actual=-1.2159 episode_safety/ep_min_separation=0.0310 episode_safety/ep_mean_separation=0.4737 episode_safety/ep_p5_separation=0.0740 episode_safety/ep_p25_separation=0.2285 episode_safety/ep_max_pfl_force_ratio=0.0000 episode_safety/ep_max_contact_force=0.0000 episode_safety/ep_max_robot_vel=2.9503 episode_safety/ep_mean_robot_vel=0.0939 episode_safety/ep_time_to_first_violation=21.0000 episode_safety/ep_time_in_proximity_0p3m=0.7258 episode_safety/ep_time_in_proximity_0p5m=0.8505 episode_safety/ep_time_in_proximity_1p0m=0.8667
[2026-06-02 13:31:40,013][__main__][INFO] - [safety] step=1600 safety/ssm_violation=1.0000 safety/ssm_violation_actual=0.0000 safety/proximity_violation=1.0000 safety/pfl_violation=0.0000 safety/ssm_margin=-0.0605 safety/ssm_margin_actual=0.1428 safety/min_separation=0.2842 safety/pfl_force_ratio=0.0000 safety/robot_vel=0.0448 safety/human_vel=0.2447 episode_safety/ep_steps=980.0000 episode_safety/ep_ssm_violation_rate=0.8469 episode_safety/ep_ssm_violation_actual_rate=0.1898 episode_safety/ep_proximity_violation_rate=0.7398 episode_safety/ep_pfl_violation_rate=0.0000 episode_safety/ep_min_ssm_margin=-1.4417 episode_safety/ep_min_ssm_margin_actual=-1.2159 episode_safety/ep_min_separation=0.0310 episode_safety/ep_mean_separation=0.4641 episode_safety/ep_p5_separation=0.0744 episode_safety/ep_p25_separation=0.2533 episode_safety/ep_max_pfl_force_ratio=0.0000 episode_safety/ep_max_contact_force=0.0000 episode_safety/ep_max_robot_vel=2.9503 episode_safety/ep_mean_robot_vel=0.0923 episode_safety/ep_time_to_first_violation=21.0000 episode_safety/ep_time_in_proximity_0p3m=0.7398 episode_safety/ep_time_in_proximity_0p5m=0.8582 episode_safety/ep_time_in_proximity_1p0m=0.8735
[2026-06-02 13:31:51,938][__main__][INFO] - [episode] step=1621 safety/ssm_violation=1.0000 safety/ssm_violation_actual=0.0000 safety/proximity_violation=1.0000 safety/pfl_violation=0.0000 safety/ssm_margin=-0.0549 safety/ssm_margin_actual=0.1830 safety/min_separation=0.2949 safety/pfl_force_ratio=0.0000 safety/robot_vel=0.0898 safety/human_vel=0.0141 episode_safety/ep_steps=1000.0000 episode_safety/ep_ssm_violation_rate=0.8500 episode_safety/ep_ssm_violation_actual_rate=0.1860 episode_safety/ep_proximity_violation_rate=0.7450 episode_safety/ep_pfl_violation_rate=0.0000 episode_safety/ep_min_ssm_margin=-1.4417 episode_safety/ep_min_ssm_margin_actual=-1.2159 episode_safety/ep_min_separation=0.0310 episode_safety/ep_mean_separation=0.4608 episode_safety/ep_p5_separation=0.0745 episode_safety/ep_p25_separation=0.2560 episode_safety/ep_max_pfl_force_ratio=0.0000 episode_safety/ep_max_contact_force=0.0000 episode_safety/ep_max_robot_vel=2.9503 episode_safety/ep_mean_robot_vel=0.0918 episode_safety/ep_time_to_first_violation=21.0000 episode_safety/ep_time_in_proximity_0p3m=0.7450 episode_safety/ep_time_in_proximity_0p5m=0.8610 episode_safety/ep_time_in_proximity_1p0m=0.8760 episode_cost_integral=860.4535 episode_lambda=0.0000
[2026-06-02 13:31:51,939][__main__][INFO] - [train] step=1621 episode_reward=-4.5405 episode_length=1000 episode=3 buffer_size=57168
[2026-06-02 13:32:08,210][__main__][INFO] - [safety] step=1650 safety/ssm_violation=0.0000 safety/ssm_violation_actual=0.0000 safety/proximity_violation=0.0000 safety/pfl_violation=0.0000 safety/ssm_margin=0.8275 safety/ssm_margin_actual=1.0541 safety/min_separation=1.1838 safety/pfl_force_ratio=0.0000 safety/robot_vel=0.1427 safety/human_vel=0.0893 episode_safety/ep_steps=30.0000 episode_safety/ep_ssm_violation_rate=0.0000 episode_safety/ep_ssm_violation_actual_rate=0.0000 episode_safety/ep_proximity_violation_rate=0.0000 episode_safety/ep_pfl_violation_rate=0.0000 episode_safety/ep_min_ssm_margin=0.8275 episode_safety/ep_min_ssm_margin_actual=1.0541 episode_safety/ep_min_separation=1.1838 episode_safety/ep_mean_separation=2.1769 episode_safety/ep_p5_separation=1.2805 episode_safety/ep_p25_separation=1.7112 episode_safety/ep_max_pfl_force_ratio=0.0000 episode_safety/ep_max_contact_force=0.0000 episode_safety/ep_max_robot_vel=0.2148 episode_safety/ep_mean_robot_vel=0.1180 episode_safety/ep_time_to_first_violation=-1.0000 episode_safety/ep_time_in_proximity_0p3m=0.0000 episode_safety/ep_time_in_proximity_0p5m=0.0000 episode_safety/ep_time_in_proximity_1p0m=0.0000
[2026-06-02 13:32:35,501][__main__][INFO] - [safety] step=1700 safety/ssm_violation=0.0000 safety/ssm_violation_actual=0.0000 safety/proximity_violation=0.0000 safety/pfl_violation=0.0000 safety/ssm_margin=0.0181 safety/ssm_margin_actual=0.2239 safety/min_separation=0.4065 safety/pfl_force_ratio=0.0000 safety/robot_vel=0.3568 safety/human_vel=0.2279 episode_safety/ep_steps=80.0000 episode_safety/ep_ssm_violation_rate=0.0750 episode_safety/ep_ssm_violation_actual_rate=0.0000 episode_safety/ep_proximity_violation_rate=0.0000 episode_safety/ep_pfl_violation_rate=0.0000 episode_safety/ep_min_ssm_margin=-0.1979 episode_safety/ep_min_ssm_margin_actual=0.0322 episode_safety/ep_min_separation=0.4065 episode_safety/ep_mean_separation=1.1983 episode_safety/ep_p5_separation=0.4453 episode_safety/ep_p25_separation=0.5723 episode_safety/ep_max_pfl_force_ratio=0.0000 episode_safety/ep_max_contact_force=0.0000 episode_safety/ep_max_robot_vel=1.6733 episode_safety/ep_mean_robot_vel=0.2680 episode_safety/ep_time_to_first_violation=43.0000 episode_safety/ep_time_in_proximity_0p3m=0.0000 episode_safety/ep_time_in_proximity_0p5m=0.1125 episode_safety/ep_time_in_proximity_1p0m=0.5875
[2026-06-02 13:33:02,789][__main__][INFO] - [safety] step=1750 safety/ssm_violation=0.0000 safety/ssm_violation_actual=0.0000 safety/proximity_violation=0.0000 safety/pfl_violation=0.0000 safety/ssm_margin=0.5167 safety/ssm_margin_actual=0.7567 safety/min_separation=0.8759 safety/pfl_force_ratio=0.0000 safety/robot_vel=0.1645 safety/human_vel=0.0002 episode_safety/ep_steps=130.0000 episode_safety/ep_ssm_violation_rate=0.0846 episode_safety/ep_ssm_violation_actual_rate=0.0154 episode_safety/ep_proximity_violation_rate=0.0000 episode_safety/ep_pfl_violation_rate=0.0000 episode_safety/ep_min_ssm_margin=-0.8705 episode_safety/ep_min_ssm_margin_actual=-0.6684 episode_safety/ep_min_separation=0.3969 episode_safety/ep_mean_separation=0.9962 episode_safety/ep_p5_separation=0.4062 episode_safety/ep_p25_separation=0.5468 episode_safety/ep_max_pfl_force_ratio=0.0000 episode_safety/ep_max_contact_force=0.0000 episode_safety/ep_max_robot_vel=2.5867 episode_safety/ep_mean_robot_vel=0.3292 episode_safety/ep_time_to_first_violation=43.0000 episode_safety/ep_time_in_proximity_0p3m=0.0000 episode_safety/ep_time_in_proximity_0p5m=0.1923 episode_safety/ep_time_in_proximity_1p0m=0.7462
[2026-06-02 13:33:29,805][__main__][INFO] - [safety] step=1800 safety/ssm_violation=0.0000 safety/ssm_violation_actual=0.0000 safety/proximity_violation=0.0000 safety/pfl_violation=0.0000 safety/ssm_margin=0.4364 safety/ssm_margin_actual=0.6764 safety/min_separation=0.8043 safety/pfl_force_ratio=0.0000 safety/robot_vel=0.2273 safety/human_vel=0.0000 episode_safety/ep_steps=180.0000 episode_safety/ep_ssm_violation_rate=0.0611 episode_safety/ep_ssm_violation_actual_rate=0.0111 episode_safety/ep_proximity_violation_rate=0.0000 episode_safety/ep_pfl_violation_rate=0.0000 episode_safety/ep_min_ssm_margin=-0.8705 episode_safety/ep_min_ssm_margin_actual=-0.6684 episode_safety/ep_min_separation=0.3969 episode_safety/ep_mean_separation=0.9136 episode_safety/ep_p5_separation=0.4147 episode_safety/ep_p25_separation=0.5750 episode_safety/ep_max_pfl_force_ratio=0.0000 episode_safety/ep_max_contact_force=0.0000 episode_safety/ep_max_robot_vel=2.5867 episode_safety/ep_mean_robot_vel=0.3140 episode_safety/ep_time_to_first_violation=43.0000 episode_safety/ep_time_in_proximity_0p3m=0.0000 episode_safety/ep_time_in_proximity_0p5m=0.1389 episode_safety/ep_time_in_proximity_1p0m=0.8167
[2026-06-02 13:33:56,881][__main__][INFO] - [safety] step=1850 safety/ssm_violation=0.0000 safety/ssm_violation_actual=0.0000 safety/proximity_violation=0.0000 safety/pfl_violation=0.0000 safety/ssm_margin=0.5551 safety/ssm_margin_actual=0.7951 safety/min_separation=0.9177 safety/pfl_force_ratio=0.0000 safety/robot_vel=0.1902 safety/human_vel=0.0000 episode_safety/ep_steps=230.0000 episode_safety/ep_ssm_violation_rate=0.0565 episode_safety/ep_ssm_violation_actual_rate=0.0130 episode_safety/ep_proximity_violation_rate=0.0000 episode_safety/ep_pfl_violation_rate=0.0000 episode_safety/ep_min_ssm_margin=-0.8705 episode_safety/ep_min_ssm_margin_actual=-0.6684 episode_safety/ep_min_separation=0.3969 episode_safety/ep_mean_separation=0.9059 episode_safety/ep_p5_separation=0.4246 episode_safety/ep_p25_separation=0.5912 episode_safety/ep_max_pfl_force_ratio=0.0000 episode_safety/ep_max_contact_force=0.0000 episode_safety/ep_max_robot_vel=3.0083 episode_safety/ep_mean_robot_vel=0.3101 episode_safety/ep_time_to_first_violation=43.0000 episode_safety/ep_time_in_proximity_0p3m=0.0000 episode_safety/ep_time_in_proximity_0p5m=0.1087 episode_safety/ep_time_in_proximity_1p0m=0.8565
[2026-06-02 13:34:23,612][__main__][INFO] - [safety] step=1900 safety/ssm_violation=0.0000 safety/ssm_violation_actual=0.0000 safety/proximity_violation=0.0000 safety/pfl_violation=0.0000 safety/ssm_margin=0.3862 safety/ssm_margin_actual=0.6262 safety/min_separation=0.7643 safety/pfl_force_ratio=0.0000 safety/robot_vel=0.2944 safety/human_vel=0.0000 episode_safety/ep_steps=280.0000 episode_safety/ep_ssm_violation_rate=0.0464 episode_safety/ep_ssm_violation_actual_rate=0.0107 episode_safety/ep_proximity_violation_rate=0.0000 episode_safety/ep_pfl_violation_rate=0.0000 episode_safety/ep_min_ssm_margin=-0.8705 episode_safety/ep_min_ssm_margin_actual=-0.6684 episode_safety/ep_min_separation=0.3969 episode_safety/ep_mean_separation=0.8919 episode_safety/ep_p5_separation=0.4357 episode_safety/ep_p25_separation=0.6287 episode_safety/ep_max_pfl_force_ratio=0.0000 episode_safety/ep_max_contact_force=0.0000 episode_safety/ep_max_robot_vel=3.0083 episode_safety/ep_mean_robot_vel=0.3066 episode_safety/ep_time_to_first_violation=43.0000 episode_safety/ep_time_in_proximity_0p3m=0.0000 episode_safety/ep_time_in_proximity_0p5m=0.0893 episode_safety/ep_time_in_proximity_1p0m=0.8821
[2026-06-02 13:34:45,578][__main__][INFO] - [episode] step=1941 safety/ssm_violation=0.0000 safety/ssm_violation_actual=0.0000 safety/proximity_violation=0.0000 safety/pfl_violation=0.0000 safety/ssm_margin=0.2248 safety/ssm_margin_actual=0.4290 safety/min_separation=0.8561 safety/pfl_force_ratio=0.0000 safety/robot_vel=1.2786 safety/human_vel=0.2387 episode_safety/ep_steps=320.0000 episode_safety/ep_ssm_violation_rate=0.0469 episode_safety/ep_ssm_violation_actual_rate=0.0125 episode_safety/ep_proximity_violation_rate=0.0000 episode_safety/ep_pfl_violation_rate=0.0000 episode_safety/ep_min_ssm_margin=-1.0405 episode_safety/ep_min_ssm_margin_actual=-0.8005 episode_safety/ep_min_separation=0.3969 episode_safety/ep_mean_separation=0.8871 episode_safety/ep_p5_separation=0.4481 episode_safety/ep_p25_separation=0.6386 episode_safety/ep_max_pfl_force_ratio=0.0000 episode_safety/ep_max_contact_force=0.0000 episode_safety/ep_max_robot_vel=3.5371 episode_safety/ep_mean_robot_vel=0.3107 episode_safety/ep_time_to_first_violation=43.0000 episode_safety/ep_time_in_proximity_0p3m=0.0000 episode_safety/ep_time_in_proximity_0p5m=0.0781 episode_safety/ep_time_in_proximity_1p0m=0.8969 episode_cost_integral=46.7170 episode_lambda=0.0000
[2026-06-02 13:34:45,579][__main__][INFO] - [train] step=1941 episode_reward=-2.6268 episode_length=320 episode=4 buffer_size=57488
[2026-06-02 13:34:50,817][__main__][INFO] - [safety] step=1950 safety/ssm_violation=0.0000 safety/ssm_violation_actual=0.0000 safety/proximity_violation=0.0000 safety/pfl_violation=0.0000 safety/ssm_margin=0.9902 safety/ssm_margin_actual=1.2063 safety/min_separation=1.3486 safety/pfl_force_ratio=0.0000 safety/robot_vel=0.1591 safety/human_vel=0.1593 episode_safety/ep_steps=10.0000 episode_safety/ep_ssm_violation_rate=0.0000 episode_safety/ep_ssm_violation_actual_rate=0.0000 episode_safety/ep_proximity_violation_rate=0.0000 episode_safety/ep_pfl_violation_rate=0.0000 episode_safety/ep_min_ssm_margin=0.9902 episode_safety/ep_min_ssm_margin_actual=1.2063 episode_safety/ep_min_separation=1.3486 episode_safety/ep_mean_separation=1.5552 episode_safety/ep_p5_separation=1.3786 episode_safety/ep_p25_separation=1.4851 episode_safety/ep_max_pfl_force_ratio=0.0000 episode_safety/ep_max_contact_force=0.0000 episode_safety/ep_max_robot_vel=0.2731 episode_safety/ep_mean_robot_vel=0.1451 episode_safety/ep_time_to_first_violation=-1.0000 episode_safety/ep_time_in_proximity_0p3m=0.0000 episode_safety/ep_time_in_proximity_0p5m=0.0000 episode_safety/ep_time_in_proximity_1p0m=0.0000
[2026-06-02 13:35:18,288][__main__][INFO] - [safety] step=2000 safety/ssm_violation=1.0000 safety/ssm_violation_actual=1.0000 safety/proximity_violation=1.0000 safety/pfl_violation=0.0000 safety/ssm_margin=-0.2602 safety/ssm_margin_actual=-0.0234 safety/min_separation=0.1145 safety/pfl_force_ratio=0.0000 safety/robot_vel=0.2727 safety/human_vel=0.0215 episode_safety/ep_steps=60.0000 episode_safety/ep_ssm_violation_rate=0.6167 episode_safety/ep_ssm_violation_actual_rate=0.5333 episode_safety/ep_proximity_violation_rate=0.6000 episode_safety/ep_pfl_violation_rate=0.0000 episode_safety/ep_min_ssm_margin=-0.9603 episode_safety/ep_min_ssm_margin_actual=-0.7420 episode_safety/ep_min_separation=0.0281 episode_safety/ep_mean_separation=0.4927 episode_safety/ep_p5_separation=0.0284 episode_safety/ep_p25_separation=0.0514 episode_safety/ep_max_pfl_force_ratio=0.0000 episode_safety/ep_max_contact_force=0.0000 episode_safety/ep_max_robot_vel=2.0959 episode_safety/ep_mean_robot_vel=0.2534 episode_safety/ep_time_to_first_violation=23.0000 episode_safety/ep_time_in_proximity_0p3m=0.6000 episode_safety/ep_time_in_proximity_0p5m=0.6500 episode_safety/ep_time_in_proximity_1p0m=0.7667
[2026-06-02 13:35:46,450][__main__][INFO] - [safety] step=2050 safety/ssm_violation=1.0000 safety/ssm_violation_actual=1.0000 safety/proximity_violation=1.0000 safety/pfl_violation=0.0000 safety/ssm_margin=-0.2716 safety/ssm_margin_actual=-0.0626 safety/min_separation=0.0744 safety/pfl_force_ratio=0.0000 safety/robot_vel=0.0565 safety/human_vel=0.2072 episode_safety/ep_steps=110.0000 episode_safety/ep_ssm_violation_rate=0.7909 episode_safety/ep_ssm_violation_actual_rate=0.5182 episode_safety/ep_proximity_violation_rate=0.7818 episode_safety/ep_pfl_violation_rate=0.0000 episode_safety/ep_min_ssm_margin=-0.9603 episode_safety/ep_min_ssm_margin_actual=-0.7420 episode_safety/ep_min_separation=0.0281 episode_safety/ep_mean_separation=0.3351 episode_safety/ep_p5_separation=0.0305 episode_safety/ep_p25_separation=0.0753 episode_safety/ep_max_pfl_force_ratio=0.0000 episode_safety/ep_max_contact_force=0.0000 episode_safety/ep_max_robot_vel=2.0959 episode_safety/ep_mean_robot_vel=0.2829 episode_safety/ep_time_to_first_violation=23.0000 episode_safety/ep_time_in_proximity_0p3m=0.7818 episode_safety/ep_time_in_proximity_0p5m=0.8091 episode_safety/ep_time_in_proximity_1p0m=0.8727
[2026-06-02 13:36:15,555][__main__][INFO] - [safety] step=2100 safety/ssm_violation=1.0000 safety/ssm_violation_actual=1.0000 safety/proximity_violation=1.0000 safety/pfl_violation=0.0000 safety/ssm_margin=-0.2704 safety/ssm_margin_actual=-0.0639 safety/min_separation=0.0751 safety/pfl_force_ratio=0.0000 safety/robot_vel=0.0518 safety/human_vel=0.2238 episode_safety/ep_steps=160.0000 episode_safety/ep_ssm_violation_rate=0.8562 episode_safety/ep_ssm_violation_actual_rate=0.6687 episode_safety/ep_proximity_violation_rate=0.8500 episode_safety/ep_pfl_violation_rate=0.0000 episode_safety/ep_min_ssm_margin=-0.9603 episode_safety/ep_min_ssm_margin_actual=-0.7420 episode_safety/ep_min_separation=0.0281 episode_safety/ep_mean_separation=0.2536 episode_safety/ep_p5_separation=0.0455 episode_safety/ep_p25_separation=0.0741 episode_safety/ep_max_pfl_force_ratio=0.0000 episode_safety/ep_max_contact_force=0.0000 episode_safety/ep_max_robot_vel=2.0959 episode_safety/ep_mean_robot_vel=0.2202 episode_safety/ep_time_to_first_violation=23.0000 episode_safety/ep_time_in_proximity_0p3m=0.8500 episode_safety/ep_time_in_proximity_0p5m=0.8688 episode_safety/ep_time_in_proximity_1p0m=0.9125
[2026-06-02 13:36:45,552][__main__][INFO] - [safety] step=2150 safety/ssm_violation=1.0000 safety/ssm_violation_actual=1.0000 safety/proximity_violation=1.0000 safety/pfl_violation=0.0000 safety/ssm_margin=-0.2745 safety/ssm_margin_actual=-0.0423 safety/min_separation=0.0739 safety/pfl_force_ratio=0.0000 safety/robot_vel=0.0779 safety/human_vel=0.0525 episode_safety/ep_steps=210.0000 episode_safety/ep_ssm_violation_rate=0.8905 episode_safety/ep_ssm_violation_actual_rate=0.7476 episode_safety/ep_proximity_violation_rate=0.8857 episode_safety/ep_pfl_violation_rate=0.0000 episode_safety/ep_min_ssm_margin=-0.9603 episode_safety/ep_min_ssm_margin_actual=-0.7420 episode_safety/ep_min_separation=0.0281 episode_safety/ep_mean_separation=0.2110 episode_safety/ep_p5_separation=0.0475 episode_safety/ep_p25_separation=0.0743 episode_safety/ep_max_pfl_force_ratio=0.0000 episode_safety/ep_max_contact_force=0.0000 episode_safety/ep_max_robot_vel=2.0959 episode_safety/ep_mean_robot_vel=0.1866 episode_safety/ep_time_to_first_violation=23.0000 episode_safety/ep_time_in_proximity_0p3m=0.8857 episode_safety/ep_time_in_proximity_0p5m=0.9000 episode_safety/ep_time_in_proximity_1p0m=0.9333
[2026-06-02 13:37:16,349][__main__][INFO] - [safety] step=2200 safety/ssm_violation=1.0000 safety/ssm_violation_actual=1.0000 safety/proximity_violation=1.0000 safety/pfl_violation=0.0000 safety/ssm_margin=-0.2748 safety/ssm_margin_actual=-0.0696 safety/min_separation=0.0730 safety/pfl_force_ratio=0.0000 safety/robot_vel=0.0722 safety/human_vel=0.2324 episode_safety/ep_steps=260.0000 episode_safety/ep_ssm_violation_rate=0.9115 episode_safety/ep_ssm_violation_actual_rate=0.7962 episode_safety/ep_proximity_violation_rate=0.9077 episode_safety/ep_pfl_violation_rate=0.0000 episode_safety/ep_min_ssm_margin=-0.9603 episode_safety/ep_min_ssm_margin_actual=-0.7420 episode_safety/ep_min_separation=0.0281 episode_safety/ep_mean_separation=0.1845 episode_safety/ep_p5_separation=0.0495 episode_safety/ep_p25_separation=0.0736 episode_safety/ep_max_pfl_force_ratio=0.0000 episode_safety/ep_max_contact_force=0.0000 episode_safety/ep_max_robot_vel=2.0959 episode_safety/ep_mean_robot_vel=0.1629 episode_safety/ep_time_to_first_violation=23.0000 episode_safety/ep_time_in_proximity_0p3m=0.9077 episode_safety/ep_time_in_proximity_0p5m=0.9192 episode_safety/ep_time_in_proximity_1p0m=0.9462
[2026-06-02 13:37:44,261][__main__][INFO] - [safety] step=2250 safety/ssm_violation=0.0000 safety/ssm_violation_actual=0.0000 safety/proximity_violation=0.0000 safety/pfl_violation=0.0000 safety/ssm_margin=0.6110 safety/ssm_margin_actual=0.8474 safety/min_separation=0.9642 safety/pfl_force_ratio=0.0000 safety/robot_vel=0.1178 safety/human_vel=0.0243 episode_safety/ep_steps=310.0000 episode_safety/ep_ssm_violation_rate=0.8903 episode_safety/ep_ssm_violation_actual_rate=0.7806 episode_safety/ep_proximity_violation_rate=0.8839 episode_safety/ep_pfl_violation_rate=0.0000 episode_safety/ep_min_ssm_margin=-0.9603 episode_safety/ep_min_ssm_margin_actual=-0.7420 episode_safety/ep_min_separation=0.0246 episode_safety/ep_mean_separation=0.1877 episode_safety/ep_p5_separation=0.0432 episode_safety/ep_p25_separation=0.0734 episode_safety/ep_max_pfl_force_ratio=0.0000 episode_safety/ep_max_contact_force=0.0000 episode_safety/ep_max_robot_vel=2.0959 episode_safety/ep_mean_robot_vel=0.1488 episode_safety/ep_time_to_first_violation=23.0000 episode_safety/ep_time_in_proximity_0p3m=0.8839 episode_safety/ep_time_in_proximity_0p5m=0.9097 episode_safety/ep_time_in_proximity_1p0m=0.9548
[2026-06-02 13:38:10,540][__main__][INFO] - [safety] step=2300 safety/ssm_violation=0.0000 safety/ssm_violation_actual=0.0000 safety/proximity_violation=0.0000 safety/pfl_violation=0.0000 safety/ssm_margin=2.7314 safety/ssm_margin_actual=2.9650 safety/min_separation=3.0849 safety/pfl_force_ratio=0.0000 safety/robot_vel=0.1203 safety/human_vel=0.0429 episode_safety/ep_steps=360.0000 episode_safety/ep_ssm_violation_rate=0.7667 episode_safety/ep_ssm_violation_actual_rate=0.6722 episode_safety/ep_proximity_violation_rate=0.7611 episode_safety/ep_pfl_violation_rate=0.0000 episode_safety/ep_min_ssm_margin=-0.9603 episode_safety/ep_min_ssm_margin_actual=-0.7420 episode_safety/ep_min_separation=0.0246 episode_safety/ep_mean_separation=0.5146 episode_safety/ep_p5_separation=0.0471 episode_safety/ep_p25_separation=0.0734 episode_safety/ep_max_pfl_force_ratio=0.0000 episode_safety/ep_max_contact_force=0.0000 episode_safety/ep_max_robot_vel=2.0959 episode_safety/ep_mean_robot_vel=0.1386 episode_safety/ep_time_to_first_violation=23.0000 episode_safety/ep_time_in_proximity_0p3m=0.7611 episode_safety/ep_time_in_proximity_0p5m=0.7833 episode_safety/ep_time_in_proximity_1p0m=0.8222
[2026-06-02 13:38:37,023][__main__][INFO] - [safety] step=2350 safety/ssm_violation=0.0000 safety/ssm_violation_actual=0.0000 safety/proximity_violation=0.0000 safety/pfl_violation=0.0000 safety/ssm_margin=2.6968 safety/ssm_margin_actual=2.9368 safety/min_separation=3.0517 safety/pfl_force_ratio=0.0000 safety/robot_vel=0.1316 safety/human_vel=0.0000 episode_safety/ep_steps=410.0000 episode_safety/ep_ssm_violation_rate=0.6732 episode_safety/ep_ssm_violation_actual_rate=0.5902 episode_safety/ep_proximity_violation_rate=0.6683 episode_safety/ep_pfl_violation_rate=0.0000 episode_safety/ep_min_ssm_margin=-0.9603 episode_safety/ep_min_ssm_margin_actual=-0.7420 episode_safety/ep_min_separation=0.0246 episode_safety/ep_mean_separation=0.8248 episode_safety/ep_p5_separation=0.0494 episode_safety/ep_p25_separation=0.0738 episode_safety/ep_max_pfl_force_ratio=0.0000 episode_safety/ep_max_contact_force=0.0000 episode_safety/ep_max_robot_vel=2.0959 episode_safety/ep_mean_robot_vel=0.1344 episode_safety/ep_time_to_first_violation=23.0000 episode_safety/ep_time_in_proximity_0p3m=0.6683 episode_safety/ep_time_in_proximity_0p5m=0.6878 episode_safety/ep_time_in_proximity_1p0m=0.7220
[2026-06-02 13:39:03,397][__main__][INFO] - [safety] step=2400 safety/ssm_violation=0.0000 safety/ssm_violation_actual=0.0000 safety/proximity_violation=0.0000 safety/pfl_violation=0.0000 safety/ssm_margin=0.2863 safety/ssm_margin_actual=0.5259 safety/min_separation=0.6303 safety/pfl_force_ratio=0.0000 safety/robot_vel=0.0381 safety/human_vel=0.0027 episode_safety/ep_steps=460.0000 episode_safety/ep_ssm_violation_rate=0.6000 episode_safety/ep_ssm_violation_actual_rate=0.5261 episode_safety/ep_proximity_violation_rate=0.5957 episode_safety/ep_pfl_violation_rate=0.0000 episode_safety/ep_min_ssm_margin=-0.9603 episode_safety/ep_min_ssm_margin_actual=-0.7420 episode_safety/ep_min_separation=0.0246 episode_safety/ep_mean_separation=0.9909 episode_safety/ep_p5_separation=0.0517 episode_safety/ep_p25_separation=0.0740 episode_safety/ep_max_pfl_force_ratio=0.0000 episode_safety/ep_max_contact_force=0.0000 episode_safety/ep_max_robot_vel=2.0959 episode_safety/ep_mean_robot_vel=0.1316 episode_safety/ep_time_to_first_violation=23.0000 episode_safety/ep_time_in_proximity_0p3m=0.5957 episode_safety/ep_time_in_proximity_0p5m=0.6130 episode_safety/ep_time_in_proximity_1p0m=0.6543
[2026-06-02 13:39:29,389][__main__][INFO] - [safety] step=2450 safety/ssm_violation=1.0000 safety/ssm_violation_actual=1.0000 safety/proximity_violation=1.0000 safety/pfl_violation=0.0000 safety/ssm_margin=-0.2656 safety/ssm_margin_actual=-0.0261 safety/min_separation=0.0903 safety/pfl_force_ratio=0.0000 safety/robot_vel=0.1398 safety/human_vel=0.0036 episode_safety/ep_steps=510.0000 episode_safety/ep_ssm_violation_rate=0.6314 episode_safety/ep_ssm_violation_actual_rate=0.5471 episode_safety/ep_proximity_violation_rate=0.6255 episode_safety/ep_pfl_violation_rate=0.0000 episode_safety/ep_min_ssm_margin=-0.9603 episode_safety/ep_min_ssm_margin_actual=-0.7420 episode_safety/ep_min_separation=0.0246 episode_safety/ep_mean_separation=0.9062 episode_safety/ep_p5_separation=0.0589 episode_safety/ep_p25_separation=0.0739 episode_safety/ep_max_pfl_force_ratio=0.0000 episode_safety/ep_max_contact_force=0.0000 episode_safety/ep_max_robot_vel=2.0959 episode_safety/ep_mean_robot_vel=0.1291 episode_safety/ep_time_to_first_violation=23.0000 episode_safety/ep_time_in_proximity_0p3m=0.6255 episode_safety/ep_time_in_proximity_0p5m=0.6471 episode_safety/ep_time_in_proximity_1p0m=0.6882
[2026-06-02 13:39:58,321][__main__][INFO] - [safety] step=2500 safety/ssm_violation=1.0000 safety/ssm_violation_actual=1.0000 safety/proximity_violation=1.0000 safety/pfl_violation=0.0000 safety/ssm_margin=-0.9777 safety/ssm_margin_actual=-0.7455 safety/min_separation=0.0567 safety/pfl_force_ratio=0.0000 safety/robot_vel=2.1821 safety/human_vel=0.0521 episode_safety/ep_steps=560.0000 episode_safety/ep_ssm_violation_rate=0.6643 episode_safety/ep_ssm_violation_actual_rate=0.5875 episode_safety/ep_proximity_violation_rate=0.6589 episode_safety/ep_pfl_violation_rate=0.0000 episode_safety/ep_min_ssm_margin=-0.9777 episode_safety/ep_min_ssm_margin_actual=-0.7455 episode_safety/ep_min_separation=0.0246 episode_safety/ep_mean_separation=0.8300 episode_safety/ep_p5_separation=0.0440 episode_safety/ep_p25_separation=0.0733 episode_safety/ep_max_pfl_force_ratio=0.0000 episode_safety/ep_max_contact_force=0.0000 episode_safety/ep_max_robot_vel=2.1821 episode_safety/ep_mean_robot_vel=0.1299 episode_safety/ep_time_to_first_violation=23.0000 episode_safety/ep_time_in_proximity_0p3m=0.6589 episode_safety/ep_time_in_proximity_0p5m=0.6786 episode_safety/ep_time_in_proximity_1p0m=0.7161
[2026-06-02 13:40:26,203][__main__][INFO] - [safety] step=2550 safety/ssm_violation=1.0000 safety/ssm_violation_actual=1.0000 safety/proximity_violation=1.0000 safety/pfl_violation=0.0000 safety/ssm_margin=-0.2416 safety/ssm_margin_actual=-0.0033 safety/min_separation=0.1112 safety/pfl_force_ratio=0.0000 safety/robot_vel=0.1153 safety/human_vel=0.0111 episode_safety/ep_steps=610.0000 episode_safety/ep_ssm_violation_rate=0.6918 episode_safety/ep_ssm_violation_actual_rate=0.6131 episode_safety/ep_proximity_violation_rate=0.6869 episode_safety/ep_pfl_violation_rate=0.0000 episode_safety/ep_min_ssm_margin=-0.9777 episode_safety/ep_min_ssm_margin_actual=-0.7455 episode_safety/ep_min_separation=0.0246 episode_safety/ep_mean_separation=0.7705 episode_safety/ep_p5_separation=0.0446 episode_safety/ep_p25_separation=0.0734 episode_safety/ep_max_pfl_force_ratio=0.0000 episode_safety/ep_max_contact_force=0.0000 episode_safety/ep_max_robot_vel=2.1821 episode_safety/ep_mean_robot_vel=0.1396 episode_safety/ep_time_to_first_violation=23.0000 episode_safety/ep_time_in_proximity_0p3m=0.6869 episode_safety/ep_time_in_proximity_0p5m=0.7049 episode_safety/ep_time_in_proximity_1p0m=0.7393
[2026-06-02 13:40:53,911][__main__][INFO] - [safety] step=2600 safety/ssm_violation=1.0000 safety/ssm_violation_actual=1.0000 safety/proximity_violation=1.0000 safety/pfl_violation=0.0000 safety/ssm_margin=-0.3094 safety/ssm_margin_actual=-0.0695 safety/min_separation=0.0398 safety/pfl_force_ratio=0.0000 safety/robot_vel=0.0842 safety/human_vel=0.0007 episode_safety/ep_steps=660.0000 episode_safety/ep_ssm_violation_rate=0.7152 episode_safety/ep_ssm_violation_actual_rate=0.6424 episode_safety/ep_proximity_violation_rate=0.7106 episode_safety/ep_pfl_violation_rate=0.0000 episode_safety/ep_min_ssm_margin=-0.9777 episode_safety/ep_min_ssm_margin_actual=-0.7455 episode_safety/ep_min_separation=0.0246 episode_safety/ep_mean_separation=0.7175 episode_safety/ep_p5_separation=0.0430 episode_safety/ep_p25_separation=0.0733 episode_safety/ep_max_pfl_force_ratio=0.0000 episode_safety/ep_max_contact_force=0.0000 episode_safety/ep_max_robot_vel=2.1821 episode_safety/ep_mean_robot_vel=0.1361 episode_safety/ep_time_to_first_violation=23.0000 episode_safety/ep_time_in_proximity_0p3m=0.7106 episode_safety/ep_time_in_proximity_0p5m=0.7273 episode_safety/ep_time_in_proximity_1p0m=0.7591
[2026-06-02 13:41:21,640][__main__][INFO] - [safety] step=2650 safety/ssm_violation=1.0000 safety/ssm_violation_actual=1.0000 safety/proximity_violation=1.0000 safety/pfl_violation=0.0000 safety/ssm_margin=-0.3207 safety/ssm_margin_actual=-0.0957 safety/min_separation=0.0313 safety/pfl_force_ratio=0.0000 safety/robot_vel=0.1079 safety/human_vel=0.1004 episode_safety/ep_steps=710.0000 episode_safety/ep_ssm_violation_rate=0.7352 episode_safety/ep_ssm_violation_actual_rate=0.6676 episode_safety/ep_proximity_violation_rate=0.7310 episode_safety/ep_pfl_violation_rate=0.0000 episode_safety/ep_min_ssm_margin=-0.9777 episode_safety/ep_min_ssm_margin_actual=-0.7455 episode_safety/ep_min_separation=0.0246 episode_safety/ep_mean_separation=0.6699 episode_safety/ep_p5_separation=0.0395 episode_safety/ep_p25_separation=0.0724 episode_safety/ep_max_pfl_force_ratio=0.0000 episode_safety/ep_max_contact_force=0.0000 episode_safety/ep_max_robot_vel=2.1821 episode_safety/ep_mean_robot_vel=0.1340 episode_safety/ep_time_to_first_violation=23.0000 episode_safety/ep_time_in_proximity_0p3m=0.7310 episode_safety/ep_time_in_proximity_0p5m=0.7465 episode_safety/ep_time_in_proximity_1p0m=0.7761
[2026-06-02 13:41:48,566][__main__][INFO] - [safety] step=2700 safety/ssm_violation=0.0000 safety/ssm_violation_actual=0.0000 safety/proximity_violation=0.0000 safety/pfl_violation=0.0000 safety/ssm_margin=0.2322 safety/ssm_margin_actual=0.4712 safety/min_separation=0.7300 safety/pfl_force_ratio=0.0000 safety/robot_vel=0.8521 safety/human_vel=0.0061 episode_safety/ep_steps=760.0000 episode_safety/ep_ssm_violation_rate=0.7487 episode_safety/ep_ssm_violation_actual_rate=0.6803 episode_safety/ep_proximity_violation_rate=0.7408 episode_safety/ep_pfl_violation_rate=0.0000 episode_safety/ep_min_ssm_margin=-0.9777 episode_safety/ep_min_ssm_margin_actual=-0.7455 episode_safety/ep_min_separation=0.0140 episode_safety/ep_mean_separation=0.6335 episode_safety/ep_p5_separation=0.0369 episode_safety/ep_p25_separation=0.0642 episode_safety/ep_max_pfl_force_ratio=0.0000 episode_safety/ep_max_contact_force=0.0000 episode_safety/ep_max_robot_vel=2.5370 episode_safety/ep_mean_robot_vel=0.1405 episode_safety/ep_time_to_first_violation=23.0000 episode_safety/ep_time_in_proximity_0p3m=0.7408 episode_safety/ep_time_in_proximity_0p5m=0.7592 episode_safety/ep_time_in_proximity_1p0m=0.7908
[2026-06-02 13:42:14,761][__main__][INFO] - [safety] step=2750 safety/ssm_violation=0.0000 safety/ssm_violation_actual=0.0000 safety/proximity_violation=0.0000 safety/pfl_violation=0.0000 safety/ssm_margin=1.9640 safety/ssm_margin_actual=2.2018 safety/min_separation=2.3236 safety/pfl_force_ratio=0.0000 safety/robot_vel=0.1678 safety/human_vel=0.0152 episode_safety/ep_steps=810.0000 episode_safety/ep_ssm_violation_rate=0.7025 episode_safety/ep_ssm_violation_actual_rate=0.6383 episode_safety/ep_proximity_violation_rate=0.6951 episode_safety/ep_pfl_violation_rate=0.0000 episode_safety/ep_min_ssm_margin=-0.9777 episode_safety/ep_min_ssm_margin_actual=-0.7455 episode_safety/ep_min_separation=0.0140 episode_safety/ep_mean_separation=0.7184 episode_safety/ep_p5_separation=0.0376 episode_safety/ep_p25_separation=0.0688 episode_safety/ep_max_pfl_force_ratio=0.0000 episode_safety/ep_max_contact_force=0.0000 episode_safety/ep_max_robot_vel=2.5370 episode_safety/ep_mean_robot_vel=0.1401 episode_safety/ep_time_to_first_violation=23.0000 episode_safety/ep_time_in_proximity_0p3m=0.6951 episode_safety/ep_time_in_proximity_0p5m=0.7123 episode_safety/ep_time_in_proximity_1p0m=0.7457
[2026-06-02 13:42:40,891][__main__][INFO] - [safety] step=2800 safety/ssm_violation=0.0000 safety/ssm_violation_actual=0.0000 safety/proximity_violation=0.0000 safety/pfl_violation=0.0000 safety/ssm_margin=1.9924 safety/ssm_margin_actual=2.2324 safety/min_separation=2.3398 safety/pfl_force_ratio=0.0000 safety/robot_vel=0.0695 safety/human_vel=0.0000 episode_safety/ep_steps=860.0000 episode_safety/ep_ssm_violation_rate=0.6616 episode_safety/ep_ssm_violation_actual_rate=0.6012 episode_safety/ep_proximity_violation_rate=0.6547 episode_safety/ep_pfl_violation_rate=0.0000 episode_safety/ep_min_ssm_margin=-0.9777 episode_safety/ep_min_ssm_margin_actual=-0.7455 episode_safety/ep_min_separation=0.0140 episode_safety/ep_mean_separation=0.8118 episode_safety/ep_p5_separation=0.0380 episode_safety/ep_p25_separation=0.0724 episode_safety/ep_max_pfl_force_ratio=0.0000 episode_safety/ep_max_contact_force=0.0000 episode_safety/ep_max_robot_vel=2.5370 episode_safety/ep_mean_robot_vel=0.1379 episode_safety/ep_time_to_first_violation=23.0000 episode_safety/ep_time_in_proximity_0p3m=0.6547 episode_safety/ep_time_in_proximity_0p5m=0.6709 episode_safety/ep_time_in_proximity_1p0m=0.7023
[2026-06-02 13:43:06,401][__main__][INFO] - [safety] step=2850 safety/ssm_violation=1.0000 safety/ssm_violation_actual=1.0000 safety/proximity_violation=1.0000 safety/pfl_violation=0.0000 safety/ssm_margin=-0.2839 safety/ssm_margin_actual=-0.0441 safety/min_separation=0.0639 safety/pfl_force_ratio=0.0000 safety/robot_vel=0.0734 safety/human_vel=0.0010 episode_safety/ep_steps=910.0000 episode_safety/ep_ssm_violation_rate=0.6352 episode_safety/ep_ssm_violation_actual_rate=0.5747 episode_safety/ep_proximity_violation_rate=0.6286 episode_safety/ep_pfl_violation_rate=0.0000 episode_safety/ep_min_ssm_margin=-0.9777 episode_safety/ep_min_ssm_margin_actual=-0.7455 episode_safety/ep_min_separation=0.0140 episode_safety/ep_mean_separation=0.8461 episode_safety/ep_p5_separation=0.0382 episode_safety/ep_p25_separation=0.0726 episode_safety/ep_max_pfl_force_ratio=0.0000 episode_safety/ep_max_contact_force=0.0000 episode_safety/ep_max_robot_vel=2.5370 episode_safety/ep_mean_robot_vel=0.1357 episode_safety/ep_time_to_first_violation=23.0000 episode_safety/ep_time_in_proximity_0p3m=0.6286 episode_safety/ep_time_in_proximity_0p5m=0.6462 episode_safety/ep_time_in_proximity_1p0m=0.6824
[2026-06-02 13:43:32,428][__main__][INFO] - [safety] step=2900 safety/ssm_violation=1.0000 safety/ssm_violation_actual=0.0000 safety/proximity_violation=1.0000 safety/pfl_violation=0.0000 safety/ssm_margin=-0.0706 safety/ssm_margin_actual=0.1686 safety/min_separation=0.2864 safety/pfl_force_ratio=0.0000 safety/robot_vel=0.1477 safety/human_vel=0.0052 episode_safety/ep_steps=960.0000 episode_safety/ep_ssm_violation_rate=0.6542 episode_safety/ep_ssm_violation_actual_rate=0.5542 episode_safety/ep_proximity_violation_rate=0.6479 episode_safety/ep_pfl_violation_rate=0.0000 episode_safety/ep_min_ssm_margin=-0.9777 episode_safety/ep_min_ssm_margin_actual=-0.7455 episode_safety/ep_min_separation=0.0140 episode_safety/ep_mean_separation=0.8141 episode_safety/ep_p5_separation=0.0389 episode_safety/ep_p25_separation=0.0728 episode_safety/ep_max_pfl_force_ratio=0.0000 episode_safety/ep_max_contact_force=0.0000 episode_safety/ep_max_robot_vel=2.5370 episode_safety/ep_mean_robot_vel=0.1333 episode_safety/ep_time_to_first_violation=23.0000 episode_safety/ep_time_in_proximity_0p3m=0.6479 episode_safety/ep_time_in_proximity_0p5m=0.6646 episode_safety/ep_time_in_proximity_1p0m=0.6990
[2026-06-02 13:43:54,259][__main__][INFO] - [episode] step=2941 safety/ssm_violation=1.0000 safety/ssm_violation_actual=0.0000 safety/proximity_violation=1.0000 safety/pfl_violation=0.0000 safety/ssm_margin=-0.0741 safety/ssm_margin_actual=0.1659 safety/min_separation=0.2771 safety/pfl_force_ratio=0.0000 safety/robot_vel=0.1016 safety/human_vel=0.0000 episode_safety/ep_steps=1000.0000 episode_safety/ep_ssm_violation_rate=0.6680 episode_safety/ep_ssm_violation_actual_rate=0.5320 episode_safety/ep_proximity_violation_rate=0.6620 episode_safety/ep_pfl_violation_rate=0.0000 episode_safety/ep_min_ssm_margin=-0.9777 episode_safety/ep_min_ssm_margin_actual=-0.7455 episode_safety/ep_min_separation=0.0140 episode_safety/ep_mean_separation=0.7928 episode_safety/ep_p5_separation=0.0395 episode_safety/ep_p25_separation=0.0730 episode_safety/ep_max_pfl_force_ratio=0.0000 episode_safety/ep_max_contact_force=0.0000 episode_safety/ep_max_robot_vel=2.5370 episode_safety/ep_mean_robot_vel=0.1315 episode_safety/ep_time_to_first_violation=23.0000 episode_safety/ep_time_in_proximity_0p3m=0.6620 episode_safety/ep_time_in_proximity_0p5m=0.6780 episode_safety/ep_time_in_proximity_1p0m=0.7110 episode_cost_integral=679.3234 episode_lambda=0.0000
[2026-06-02 13:43:54,260][__main__][INFO] - [train] step=2941 episode_reward=-4.8767 episode_length=1000 episode=5 buffer_size=58488
[2026-06-02 13:46:57,323][safety_bigym.agents.cqn_as.eval_video][INFO] - saved eval video: /home/ap2322/Documents/safety_bigym/exp_local/e3_2_cost_budget/e3_2_saucepan_to_hob_20260531_190307/d0p1_seed0/eval_videos/step_2941_ep0.mp4 (310 frames)
wandb: WARNING `fps` argument does not affect the frame rate of the video when providing a file path or raw bytes.
[2026-06-02 13:46:57,777][__main__][INFO] - [eval] step=2941 episode_reward=-5.2142 episode_length=519.0000 episode=5 ep_steps=519.0000 ep_ssm_violation_rate=0.2904 ep_ssm_violation_actual_rate=0.1184 ep_proximity_violation_rate=0.2063 ep_pfl_violation_rate=0.0000 ep_mean_separation=0.8011 ep_p5_separation=0.2782 ep_p25_separation=0.4311 ep_mean_robot_vel=0.2534 ep_time_to_first_violation=41.5000 ep_time_in_proximity_0p3m=0.2063 ep_time_in_proximity_0p5m=0.4056 ep_time_in_proximity_1p0m=0.7070 ep_min_ssm_margin=-1.8764 ep_min_ssm_margin_actual=-1.6378 ep_min_separation=0.0100 ep_max_pfl_force_ratio=0.0000 ep_max_contact_force=0.0000 ep_max_robot_vel=3.8391 success_rate=0.7000
[2026-06-02 13:46:58,250][__main__][INFO] - saved snapshot: /home/ap2322/Documents/safety_bigym/exp_local/e3_2_cost_budget/e3_2_saucepan_to_hob_20260531_190307/d0p1_seed0/snapshot_2941.pt
[2026-06-02 13:47:03,749][__main__][INFO] - [safety] step=2950 safety/ssm_violation=0.0000 safety/ssm_violation_actual=0.0000 safety/proximity_violation=0.0000 safety/pfl_violation=0.0000 safety/ssm_margin=1.6275 safety/ssm_margin_actual=1.8436 safety/min_separation=1.9732 safety/pfl_force_ratio=0.0000 safety/robot_vel=0.0535 safety/human_vel=0.1593 episode_safety/ep_steps=10.0000 episode_safety/ep_ssm_violation_rate=0.0000 episode_safety/ep_ssm_violation_actual_rate=0.0000 episode_safety/ep_proximity_violation_rate=0.0000 episode_safety/ep_pfl_violation_rate=0.0000 episode_safety/ep_min_ssm_margin=1.6275 episode_safety/ep_min_ssm_margin_actual=1.8436 episode_safety/ep_min_separation=1.9732 episode_safety/ep_mean_separation=2.1976 episode_safety/ep_p5_separation=2.0025 episode_safety/ep_p25_separation=2.1149 episode_safety/ep_max_pfl_force_ratio=0.0000 episode_safety/ep_max_contact_force=0.0000 episode_safety/ep_max_robot_vel=0.2702 episode_safety/ep_mean_robot_vel=0.1152 episode_safety/ep_time_to_first_violation=-1.0000 episode_safety/ep_time_in_proximity_0p3m=0.0000 episode_safety/ep_time_in_proximity_0p5m=0.0000 episode_safety/ep_time_in_proximity_1p0m=0.0000
[2026-06-02 13:47:30,844][__main__][INFO] - [safety] step=3000 safety/ssm_violation=0.0000 safety/ssm_violation_actual=0.0000 safety/proximity_violation=0.0000 safety/pfl_violation=0.0000 safety/ssm_margin=0.3203 safety/ssm_margin_actual=0.5577 safety/min_separation=0.7034 safety/pfl_force_ratio=0.0000 safety/robot_vel=0.3257 safety/human_vel=0.0172 episode_safety/ep_steps=60.0000 episode_safety/ep_ssm_violation_rate=0.0333 episode_safety/ep_ssm_violation_actual_rate=0.0167 episode_safety/ep_proximity_violation_rate=0.0000 episode_safety/ep_pfl_violation_rate=0.0000 episode_safety/ep_min_ssm_margin=-1.0310 episode_safety/ep_min_ssm_margin_actual=-0.8158 episode_safety/ep_min_separation=0.6367 episode_safety/ep_mean_separation=1.1049 episode_safety/ep_p5_separation=0.6446 episode_safety/ep_p25_separation=0.6795 episode_safety/ep_max_pfl_force_ratio=0.0000 episode_safety/ep_max_contact_force=0.0000 episode_safety/ep_max_robot_vel=3.2217 episode_safety/ep_mean_robot_vel=0.2329 episode_safety/ep_time_to_first_violation=40.0000 episode_safety/ep_time_in_proximity_0p3m=0.0000 episode_safety/ep_time_in_proximity_0p5m=0.0000 episode_safety/ep_time_in_proximity_1p0m=0.6333
[2026-06-02 13:47:57,289][__main__][INFO] - [safety] step=3050 safety/ssm_violation=0.0000 safety/ssm_violation_actual=0.0000 safety/proximity_violation=0.0000 safety/pfl_violation=0.0000 safety/ssm_margin=0.8280 safety/ssm_margin_actual=1.0680 safety/min_separation=1.2034 safety/pfl_force_ratio=0.0000 safety/robot_vel=0.2770 safety/human_vel=0.0000 episode_safety/ep_steps=110.0000 episode_safety/ep_ssm_violation_rate=0.0273 episode_safety/ep_ssm_violation_actual_rate=0.0182 episode_safety/ep_proximity_violation_rate=0.0000 episode_safety/ep_pfl_violation_rate=0.0000 episode_safety/ep_min_ssm_margin=-1.0310 episode_safety/ep_min_ssm_margin_actual=-0.8158 episode_safety/ep_min_separation=0.6367 episode_safety/ep_mean_separation=1.0175 episode_safety/ep_p5_separation=0.6517 episode_safety/ep_p25_separation=0.6976 episode_safety/ep_max_pfl_force_ratio=0.0000 episode_safety/ep_max_contact_force=0.0000 episode_safety/ep_max_robot_vel=3.2217 episode_safety/ep_mean_robot_vel=0.3627 episode_safety/ep_time_to_first_violation=40.0000 episode_safety/ep_time_in_proximity_0p3m=0.0000 episode_safety/ep_time_in_proximity_0p5m=0.0000 episode_safety/ep_time_in_proximity_1p0m=0.6455
[2026-06-02 13:48:23,331][__main__][INFO] - [safety] step=3100 safety/ssm_violation=0.0000 safety/ssm_violation_actual=0.0000 safety/proximity_violation=0.0000 safety/pfl_violation=0.0000 safety/ssm_margin=0.4864 safety/ssm_margin_actual=0.7264 safety/min_separation=0.8585 safety/pfl_force_ratio=0.0000 safety/robot_vel=0.2556 safety/human_vel=0.0000 episode_safety/ep_steps=160.0000 episode_safety/ep_ssm_violation_rate=0.0187 episode_safety/ep_ssm_violation_actual_rate=0.0125 episode_safety/ep_proximity_violation_rate=0.0000 episode_safety/ep_pfl_violation_rate=0.0000 episode_safety/ep_min_ssm_margin=-1.0310 episode_safety/ep_min_ssm_margin_actual=-0.8158 episode_safety/ep_min_separation=0.6367 episode_safety/ep_mean_separation=0.9761 episode_safety/ep_p5_separation=0.6587 episode_safety/ep_p25_separation=0.7034 episode_safety/ep_max_pfl_force_ratio=0.0000 episode_safety/ep_max_contact_force=0.0000 episode_safety/ep_max_robot_vel=3.2217 episode_safety/ep_mean_robot_vel=0.3281 episode_safety/ep_time_to_first_violation=40.0000 episode_safety/ep_time_in_proximity_0p3m=0.0000 episode_safety/ep_time_in_proximity_0p5m=0.0000 episode_safety/ep_time_in_proximity_1p0m=0.6750
[2026-06-02 13:48:49,649][__main__][INFO] - [safety] step=3150 safety/ssm_violation=0.0000 safety/ssm_violation_actual=0.0000 safety/proximity_violation=0.0000 safety/pfl_violation=0.0000 safety/ssm_margin=0.5776 safety/ssm_margin_actual=0.8176 safety/min_separation=0.9217 safety/pfl_force_ratio=0.0000 safety/robot_vel=0.0399 safety/human_vel=0.0000 episode_safety/ep_steps=210.0000 episode_safety/ep_ssm_violation_rate=0.0143 episode_safety/ep_ssm_violation_actual_rate=0.0095 episode_safety/ep_proximity_violation_rate=0.0000 episode_safety/ep_pfl_violation_rate=0.0000 episode_safety/ep_min_ssm_margin=-1.0310 episode_safety/ep_min_ssm_margin_actual=-0.8158 episode_safety/ep_min_separation=0.6367 episode_safety/ep_mean_separation=0.9575 episode_safety/ep_p5_separation=0.6676 episode_safety/ep_p25_separation=0.7161 episode_safety/ep_max_pfl_force_ratio=0.0000 episode_safety/ep_max_contact_force=0.0000 episode_safety/ep_max_robot_vel=3.2217 episode_safety/ep_mean_robot_vel=0.2975 episode_safety/ep_time_to_first_violation=40.0000 episode_safety/ep_time_in_proximity_0p3m=0.0000 episode_safety/ep_time_in_proximity_0p5m=0.0000 episode_safety/ep_time_in_proximity_1p0m=0.7524
[2026-06-02 13:49:16,039][__main__][INFO] - [safety] step=3200 safety/ssm_violation=0.0000 safety/ssm_violation_actual=0.0000 safety/proximity_violation=0.0000 safety/pfl_violation=0.0000 safety/ssm_margin=0.6868 safety/ssm_margin_actual=0.9268 safety/min_separation=1.0485 safety/pfl_force_ratio=0.0000 safety/robot_vel=0.1837 safety/human_vel=0.0000 episode_safety/ep_steps=260.0000 episode_safety/ep_ssm_violation_rate=0.0192 episode_safety/ep_ssm_violation_actual_rate=0.0115 episode_safety/ep_proximity_violation_rate=0.0000 episode_safety/ep_pfl_violation_rate=0.0000 episode_safety/ep_min_ssm_margin=-1.0310 episode_safety/ep_min_ssm_margin_actual=-0.8158 episode_safety/ep_min_separation=0.6367 episode_safety/ep_mean_separation=0.9586 episode_safety/ep_p5_separation=0.6734 episode_safety/ep_p25_separation=0.7583 episode_safety/ep_max_pfl_force_ratio=0.0000 episode_safety/ep_max_contact_force=0.0000 episode_safety/ep_max_robot_vel=3.2217 episode_safety/ep_mean_robot_vel=0.3151 episode_safety/ep_time_to_first_violation=40.0000 episode_safety/ep_time_in_proximity_0p3m=0.0000 episode_safety/ep_time_in_proximity_0p5m=0.0000 episode_safety/ep_time_in_proximity_1p0m=0.7538
[2026-06-02 13:49:42,166][__main__][INFO] - [safety] step=3250 safety/ssm_violation=0.0000 safety/ssm_violation_actual=0.0000 safety/proximity_violation=0.0000 safety/pfl_violation=0.0000 safety/ssm_margin=0.6470 safety/ssm_margin_actual=0.8539 safety/min_separation=1.0019 safety/pfl_force_ratio=0.0000 safety/robot_vel=0.1320 safety/human_vel=0.2204 episode_safety/ep_steps=310.0000 episode_safety/ep_ssm_violation_rate=0.0161 episode_safety/ep_ssm_violation_actual_rate=0.0097 episode_safety/ep_proximity_violation_rate=0.0000 episode_safety/ep_pfl_violation_rate=0.0000 episode_safety/ep_min_ssm_margin=-1.0310 episode_safety/ep_min_ssm_margin_actual=-0.8158 episode_safety/ep_min_separation=0.6367 episode_safety/ep_mean_separation=0.9666 episode_safety/ep_p5_separation=0.6810 episode_safety/ep_p25_separation=0.8176 episode_safety/ep_max_pfl_force_ratio=0.0000 episode_safety/ep_max_contact_force=0.0000 episode_safety/ep_max_robot_vel=3.2217 episode_safety/ep_mean_robot_vel=0.2977 episode_safety/ep_time_to_first_violation=40.0000 episode_safety/ep_time_in_proximity_0p3m=0.0000 episode_safety/ep_time_in_proximity_0p5m=0.0000 episode_safety/ep_time_in_proximity_1p0m=0.6935
[2026-06-02 13:49:44,561][__main__][INFO] - [episode] step=3254 safety/ssm_violation=0.0000 safety/ssm_violation_actual=0.0000 safety/proximity_violation=0.0000 safety/pfl_violation=0.0000 safety/ssm_margin=0.3590 safety/ssm_margin_actual=0.5657 safety/min_separation=0.9768 safety/pfl_force_ratio=0.0000 safety/robot_vel=1.2403 safety/human_vel=0.2217 episode_safety/ep_steps=313.0000 episode_safety/ep_ssm_violation_rate=0.0192 episode_safety/ep_ssm_violation_actual_rate=0.0128 episode_safety/ep_proximity_violation_rate=0.0000 episode_safety/ep_pfl_violation_rate=0.0000 episode_safety/ep_min_ssm_margin=-1.0310 episode_safety/ep_min_ssm_margin_actual=-0.8158 episode_safety/ep_min_separation=0.6367 episode_safety/ep_mean_separation=0.9669 episode_safety/ep_p5_separation=0.6812 episode_safety/ep_p25_separation=0.8196 episode_safety/ep_max_pfl_force_ratio=0.0000 episode_safety/ep_max_contact_force=0.0000 episode_safety/ep_max_robot_vel=3.3766 episode_safety/ep_mean_robot_vel=0.3160 episode_safety/ep_time_to_first_violation=40.0000 episode_safety/ep_time_in_proximity_0p3m=0.0000 episode_safety/ep_time_in_proximity_0p5m=0.0000 episode_safety/ep_time_in_proximity_1p0m=0.6933 episode_cost_integral=9.4420 episode_lambda=0.0000
[2026-06-02 13:49:44,561][__main__][INFO] - [train] step=3254 episode_reward=-2.4866 episode_length=313 episode=6 buffer_size=58801
[2026-06-02 13:50:10,122][__main__][INFO] - [safety] step=3300 safety/ssm_violation=0.0000 safety/ssm_violation_actual=0.0000 safety/proximity_violation=0.0000 safety/pfl_violation=0.0000 safety/ssm_margin=0.0399 safety/ssm_margin_actual=0.2647 safety/min_separation=0.4045 safety/pfl_force_ratio=0.0000 safety/robot_vel=0.2043 safety/human_vel=0.1014 episode_safety/ep_steps=47.0000 episode_safety/ep_ssm_violation_rate=0.2766 episode_safety/ep_ssm_violation_actual_rate=0.0213 episode_safety/ep_proximity_violation_rate=0.0000 episode_safety/ep_pfl_violation_rate=0.0000 episode_safety/ep_min_ssm_margin=-1.3022 episode_safety/ep_min_ssm_margin_actual=-1.0799 episode_safety/ep_min_separation=0.3480 episode_safety/ep_mean_separation=0.7679 episode_safety/ep_p5_separation=0.3557 episode_safety/ep_p25_separation=0.3762 episode_safety/ep_max_pfl_force_ratio=0.0000 episode_safety/ep_max_contact_force=0.0000 episode_safety/ep_max_robot_vel=3.2172 episode_safety/ep_mean_robot_vel=0.2335 episode_safety/ep_time_to_first_violation=26.0000 episode_safety/ep_time_in_proximity_0p3m=0.0000 episode_safety/ep_time_in_proximity_0p5m=0.5319 episode_safety/ep_time_in_proximity_1p0m=0.7021
[2026-06-02 13:50:36,430][__main__][INFO] - [safety] step=3350 safety/ssm_violation=0.0000 safety/ssm_violation_actual=0.0000 safety/proximity_violation=0.0000 safety/pfl_violation=0.0000 safety/ssm_margin=0.3215 safety/ssm_margin_actual=0.5615 safety/min_separation=0.7544 safety/pfl_force_ratio=0.0000 safety/robot_vel=0.5857 safety/human_vel=0.0001 episode_safety/ep_steps=97.0000 episode_safety/ep_ssm_violation_rate=0.1856 episode_safety/ep_ssm_violation_actual_rate=0.0309 episode_safety/ep_proximity_violation_rate=0.0000 episode_safety/ep_pfl_violation_rate=0.0000 episode_safety/ep_min_ssm_margin=-1.3022 episode_safety/ep_min_ssm_margin_actual=-1.0799 episode_safety/ep_min_separation=0.3480 episode_safety/ep_mean_separation=0.6332 episode_safety/ep_p5_separation=0.3583 episode_safety/ep_p25_separation=0.4113 episode_safety/ep_max_pfl_force_ratio=0.0000 episode_safety/ep_max_contact_force=0.0000 episode_safety/ep_max_robot_vel=3.2172 episode_safety/ep_mean_robot_vel=0.3374 episode_safety/ep_time_to_first_violation=26.0000 episode_safety/ep_time_in_proximity_0p3m=0.0000 episode_safety/ep_time_in_proximity_0p5m=0.5876 episode_safety/ep_time_in_proximity_1p0m=0.8557
[2026-06-02 13:51:03,348][__main__][INFO] - [safety] step=3400 safety/ssm_violation=0.0000 safety/ssm_violation_actual=0.0000 safety/proximity_violation=0.0000 safety/pfl_violation=0.0000 safety/ssm_margin=0.0457 safety/ssm_margin_actual=0.2857 safety/min_separation=0.4215 safety/pfl_force_ratio=0.0000 safety/robot_vel=0.2802 safety/human_vel=0.0000 episode_safety/ep_steps=147.0000 episode_safety/ep_ssm_violation_rate=0.1224 episode_safety/ep_ssm_violation_actual_rate=0.0204 episode_safety/ep_proximity_violation_rate=0.0000 episode_safety/ep_pfl_violation_rate=0.0000 episode_safety/ep_min_ssm_margin=-1.3022 episode_safety/ep_min_ssm_margin_actual=-1.0799 episode_safety/ep_min_separation=0.3480 episode_safety/ep_mean_separation=0.6586 episode_safety/ep_p5_separation=0.3613 episode_safety/ep_p25_separation=0.4259 episode_safety/ep_max_pfl_force_ratio=0.0000 episode_safety/ep_max_contact_force=0.0000 episode_safety/ep_max_robot_vel=3.2172 episode_safety/ep_mean_robot_vel=0.3249 episode_safety/ep_time_to_first_violation=26.0000 episode_safety/ep_time_in_proximity_0p3m=0.0000 episode_safety/ep_time_in_proximity_0p5m=0.4558 episode_safety/ep_time_in_proximity_1p0m=0.9048
[2026-06-02 13:51:30,190][__main__][INFO] - [safety] step=3450 safety/ssm_violation=0.0000 safety/ssm_violation_actual=0.0000 safety/proximity_violation=0.0000 safety/pfl_violation=0.0000 safety/ssm_margin=0.2856 safety/ssm_margin_actual=0.5256 safety/min_separation=0.6419 safety/pfl_force_ratio=0.0000 safety/robot_vel=0.1428 safety/human_vel=0.0000 episode_safety/ep_steps=197.0000 episode_safety/ep_ssm_violation_rate=0.0914 episode_safety/ep_ssm_violation_actual_rate=0.0152 episode_safety/ep_proximity_violation_rate=0.0000 episode_safety/ep_pfl_violation_rate=0.0000 episode_safety/ep_min_ssm_margin=-1.3022 episode_safety/ep_min_ssm_margin_actual=-1.0799 episode_safety/ep_min_separation=0.3480 episode_safety/ep_mean_separation=0.6408 episode_safety/ep_p5_separation=0.3710 episode_safety/ep_p25_separation=0.4308 episode_safety/ep_max_pfl_force_ratio=0.0000 episode_safety/ep_max_contact_force=0.0000 episode_safety/ep_max_robot_vel=3.2172 episode_safety/ep_mean_robot_vel=0.3004 episode_safety/ep_time_to_first_violation=26.0000 episode_safety/ep_time_in_proximity_0p3m=0.0000 episode_safety/ep_time_in_proximity_0p5m=0.3807 episode_safety/ep_time_in_proximity_1p0m=0.9289
[2026-06-02 13:51:57,328][__main__][INFO] - [safety] step=3500 safety/ssm_violation=0.0000 safety/ssm_violation_actual=0.0000 safety/proximity_violation=0.0000 safety/pfl_violation=0.0000 safety/ssm_margin=0.3365 safety/ssm_margin_actual=0.5765 safety/min_separation=0.7050 safety/pfl_force_ratio=0.0000 safety/robot_vel=0.2316 safety/human_vel=0.0000 episode_safety/ep_steps=247.0000 episode_safety/ep_ssm_violation_rate=0.0810 episode_safety/ep_ssm_violation_actual_rate=0.0202 episode_safety/ep_proximity_violation_rate=0.0000 episode_safety/ep_pfl_violation_rate=0.0000 episode_safety/ep_min_ssm_margin=-1.3022 episode_safety/ep_min_ssm_margin_actual=-1.0799 episode_safety/ep_min_separation=0.3480 episode_safety/ep_mean_separation=0.6435 episode_safety/ep_p5_separation=0.3798 episode_safety/ep_p25_separation=0.4492 episode_safety/ep_max_pfl_force_ratio=0.0000 episode_safety/ep_max_contact_force=0.0000 episode_safety/ep_max_robot_vel=3.2172 episode_safety/ep_mean_robot_vel=0.3101 episode_safety/ep_time_to_first_violation=26.0000 episode_safety/ep_time_in_proximity_0p3m=0.0000 episode_safety/ep_time_in_proximity_0p5m=0.3036 episode_safety/ep_time_in_proximity_1p0m=0.9433
[2026-06-02 13:52:23,656][__main__][INFO] - [safety] step=3550 safety/ssm_violation=0.0000 safety/ssm_violation_actual=0.0000 safety/proximity_violation=0.0000 safety/pfl_violation=0.0000 safety/ssm_margin=0.3793 safety/ssm_margin_actual=0.6193 safety/min_separation=0.7283 safety/pfl_force_ratio=0.0000 safety/robot_vel=0.0833 safety/human_vel=0.0000 episode_safety/ep_steps=297.0000 episode_safety/ep_ssm_violation_rate=0.0673 episode_safety/ep_ssm_violation_actual_rate=0.0168 episode_safety/ep_proximity_violation_rate=0.0000 episode_safety/ep_pfl_violation_rate=0.0000 episode_safety/ep_min_ssm_margin=-1.3022 episode_safety/ep_min_ssm_margin_actual=-1.0799 episode_safety/ep_min_separation=0.3480 episode_safety/ep_mean_separation=0.6618 episode_safety/ep_p5_separation=0.3938 episode_safety/ep_p25_separation=0.4980 episode_safety/ep_max_pfl_force_ratio=0.0000 episode_safety/ep_max_contact_force=0.0000 episode_safety/ep_max_robot_vel=3.2172 episode_safety/ep_mean_robot_vel=0.2945 episode_safety/ep_time_to_first_violation=26.0000 episode_safety/ep_time_in_proximity_0p3m=0.0000 episode_safety/ep_time_in_proximity_0p5m=0.2525 episode_safety/ep_time_in_proximity_1p0m=0.9529
[2026-06-02 13:52:28,702][__main__][INFO] - [episode] step=3559 safety/ssm_violation=0.0000 safety/ssm_violation_actual=0.0000 safety/proximity_violation=0.0000 safety/pfl_violation=0.0000 safety/ssm_margin=0.2184 safety/ssm_margin_actual=0.4254 safety/min_separation=0.6405 safety/pfl_force_ratio=0.0000 safety/robot_vel=0.5350 safety/human_vel=0.2199 episode_safety/ep_steps=305.0000 episode_safety/ep_ssm_violation_rate=0.0754 episode_safety/ep_ssm_violation_actual_rate=0.0230 episode_safety/ep_proximity_violation_rate=0.0000 episode_safety/ep_pfl_violation_rate=0.0000 episode_safety/ep_min_ssm_margin=-1.3022 episode_safety/ep_min_ssm_margin_actual=-1.0799 episode_safety/ep_min_separation=0.3480 episode_safety/ep_mean_separation=0.6626 episode_safety/ep_p5_separation=0.3947 episode_safety/ep_p25_separation=0.5119 episode_safety/ep_max_pfl_force_ratio=0.0000 episode_safety/ep_max_contact_force=0.0000 episode_safety/ep_max_robot_vel=3.6001 episode_safety/ep_mean_robot_vel=0.3155 episode_safety/ep_time_to_first_violation=26.0000 episode_safety/ep_time_in_proximity_0p3m=0.0000 episode_safety/ep_time_in_proximity_0p5m=0.2459 episode_safety/ep_time_in_proximity_1p0m=0.9541 episode_cost_integral=89.7464 episode_lambda=0.0000
[2026-06-02 13:52:28,703][__main__][INFO] - [train] step=3559 episode_reward=-2.1165 episode_length=305 episode=7 buffer_size=59106
[2026-06-02 13:52:51,425][__main__][INFO] - [safety] step=3600 safety/ssm_violation=0.0000 safety/ssm_violation_actual=0.0000 safety/proximity_violation=0.0000 safety/pfl_violation=0.0000 safety/ssm_margin=0.0711 safety/ssm_margin_actual=0.2958 safety/min_separation=0.4842 safety/pfl_force_ratio=0.0000 safety/robot_vel=0.4909 safety/human_vel=0.1018 episode_safety/ep_steps=42.0000 episode_safety/ep_ssm_violation_rate=0.0000 episode_safety/ep_ssm_violation_actual_rate=0.0000 episode_safety/ep_proximity_violation_rate=0.0000 episode_safety/ep_pfl_violation_rate=0.0000 episode_safety/ep_min_ssm_margin=0.0704 episode_safety/ep_min_ssm_margin_actual=0.2882 episode_safety/ep_min_separation=0.4426 episode_safety/ep_mean_separation=0.8252 episode_safety/ep_p5_separation=0.4464 episode_safety/ep_p25_separation=0.4604 episode_safety/ep_max_pfl_force_ratio=0.0000 episode_safety/ep_max_contact_force=0.0000 episode_safety/ep_max_robot_vel=0.4909 episode_safety/ep_mean_robot_vel=0.1576 episode_safety/ep_time_to_first_violation=-1.0000 episode_safety/ep_time_in_proximity_0p3m=0.0000 episode_safety/ep_time_in_proximity_0p5m=0.5238 episode_safety/ep_time_in_proximity_1p0m=0.6905
[2026-06-02 13:53:18,303][__main__][INFO] - [safety] step=3650 safety/ssm_violation=0.0000 safety/ssm_violation_actual=0.0000 safety/proximity_violation=0.0000 safety/pfl_violation=0.0000 safety/ssm_margin=0.0168 safety/ssm_margin_actual=0.2567 safety/min_separation=0.4007 safety/pfl_force_ratio=0.0000 safety/robot_vel=0.3303 safety/human_vel=0.0001 episode_safety/ep_steps=92.0000 episode_safety/ep_ssm_violation_rate=0.0761 episode_safety/ep_ssm_violation_actual_rate=0.0326 episode_safety/ep_proximity_violation_rate=0.0000 episode_safety/ep_pfl_violation_rate=0.0000 episode_safety/ep_min_ssm_margin=-0.7365 episode_safety/ep_min_ssm_margin_actual=-0.4966 episode_safety/ep_min_separation=0.4007 episode_safety/ep_mean_separation=0.6347 episode_safety/ep_p5_separation=0.4458 episode_safety/ep_p25_separation=0.4557 episode_safety/ep_max_pfl_force_ratio=0.0000 episode_safety/ep_max_contact_force=0.0000 episode_safety/ep_max_robot_vel=2.5784 episode_safety/ep_mean_robot_vel=0.3275 episode_safety/ep_time_to_first_violation=48.0000 episode_safety/ep_time_in_proximity_0p3m=0.0000 episode_safety/ep_time_in_proximity_0p5m=0.6630 episode_safety/ep_time_in_proximity_1p0m=0.8587
[2026-06-02 13:53:46,295][__main__][INFO] - [safety] step=3700 safety/ssm_violation=1.0000 safety/ssm_violation_actual=0.0000 safety/proximity_violation=1.0000 safety/pfl_violation=0.0000 safety/ssm_margin=-0.1567 safety/ssm_margin_actual=0.0832 safety/min_separation=0.2384 safety/pfl_force_ratio=0.0000 safety/robot_vel=0.3951 safety/human_vel=0.0007 episode_safety/ep_steps=142.0000 episode_safety/ep_ssm_violation_rate=0.4014 episode_safety/ep_ssm_violation_actual_rate=0.1831 episode_safety/ep_proximity_violation_rate=0.3239 episode_safety/ep_pfl_violation_rate=0.0000 episode_safety/ep_min_ssm_margin=-0.7365 episode_safety/ep_min_ssm_margin_actual=-0.4966 episode_safety/ep_min_separation=0.0882 episode_safety/ep_mean_separation=0.4705 episode_safety/ep_p5_separation=0.0964 episode_safety/ep_p25_separation=0.1979 episode_safety/ep_max_pfl_force_ratio=0.0000 episode_safety/ep_max_contact_force=0.0000 episode_safety/ep_max_robot_vel=2.5784 episode_safety/ep_mean_robot_vel=0.3296 episode_safety/ep_time_to_first_violation=48.0000 episode_safety/ep_time_in_proximity_0p3m=0.3239 episode_safety/ep_time_in_proximity_0p5m=0.7817 episode_safety/ep_time_in_proximity_1p0m=0.9085
[2026-06-02 13:54:13,319][__main__][INFO] - [safety] step=3750 safety/ssm_violation=1.0000 safety/ssm_violation_actual=0.0000 safety/proximity_violation=0.0000 safety/pfl_violation=0.0000 safety/ssm_margin=-0.0461 safety/ssm_margin_actual=0.1939 safety/min_separation=0.3178 safety/pfl_force_ratio=0.0000 safety/robot_vel=0.1995 safety/human_vel=0.0000 episode_safety/ep_steps=192.0000 episode_safety/ep_ssm_violation_rate=0.5365 episode_safety/ep_ssm_violation_actual_rate=0.1354 episode_safety/ep_proximity_violation_rate=0.3958 episode_safety/ep_pfl_violation_rate=0.0000 episode_safety/ep_min_ssm_margin=-0.7365 episode_safety/ep_min_ssm_margin_actual=-0.4966 episode_safety/ep_min_separation=0.0882 episode_safety/ep_mean_separation=0.4244 episode_safety/ep_p5_separation=0.1001 episode_safety/ep_p25_separation=0.2542 episode_safety/ep_max_pfl_force_ratio=0.0000 episode_safety/ep_max_contact_force=0.0000 episode_safety/ep_max_robot_vel=2.5784 episode_safety/ep_mean_robot_vel=0.3108 episode_safety/ep_time_to_first_violation=48.0000 episode_safety/ep_time_in_proximity_0p3m=0.3958 episode_safety/ep_time_in_proximity_0p5m=0.8385 episode_safety/ep_time_in_proximity_1p0m=0.9323
[2026-06-02 13:54:40,258][__main__][INFO] - [safety] step=3800 safety/ssm_violation=1.0000 safety/ssm_violation_actual=0.0000 safety/proximity_violation=1.0000 safety/pfl_violation=0.0000 safety/ssm_margin=-0.1317 safety/ssm_margin_actual=0.1083 safety/min_separation=0.2610 safety/pfl_force_ratio=0.0000 safety/robot_vel=0.3818 safety/human_vel=0.0000 episode_safety/ep_steps=242.0000 episode_safety/ep_ssm_violation_rate=0.6322 episode_safety/ep_ssm_violation_actual_rate=0.1198 episode_safety/ep_proximity_violation_rate=0.3306 episode_safety/ep_pfl_violation_rate=0.0000 episode_safety/ep_min_ssm_margin=-1.4266 episode_safety/ep_min_ssm_margin_actual=-1.1866 episode_safety/ep_min_separation=0.0882 episode_safety/ep_mean_separation=0.4014 episode_safety/ep_p5_separation=0.1078 episode_safety/ep_p25_separation=0.2625 episode_safety/ep_max_pfl_force_ratio=0.0000 episode_safety/ep_max_contact_force=0.0000 episode_safety/ep_max_robot_vel=3.2721 episode_safety/ep_mean_robot_vel=0.3164 episode_safety/ep_time_to_first_violation=48.0000 episode_safety/ep_time_in_proximity_0p3m=0.3306 episode_safety/ep_time_in_proximity_0p5m=0.8719 episode_safety/ep_time_in_proximity_1p0m=0.9463
[2026-06-02 13:55:08,406][__main__][INFO] - [safety] step=3850 safety/ssm_violation=1.0000 safety/ssm_violation_actual=1.0000 safety/proximity_violation=1.0000 safety/pfl_violation=0.0000 safety/ssm_margin=-0.3097 safety/ssm_margin_actual=-0.0851 safety/min_separation=0.0512 safety/pfl_force_ratio=0.0000 safety/robot_vel=0.1774 safety/human_vel=0.1029 episode_safety/ep_steps=292.0000 episode_safety/ep_ssm_violation_rate=0.6952 episode_safety/ep_ssm_violation_actual_rate=0.1233 episode_safety/ep_proximity_violation_rate=0.4452 episode_safety/ep_pfl_violation_rate=0.0000 episode_safety/ep_min_ssm_margin=-1.4266 episode_safety/ep_min_ssm_margin_actual=-1.1866 episode_safety/ep_min_separation=0.0512 episode_safety/ep_mean_separation=0.3673 episode_safety/ep_p5_separation=0.1064 episode_safety/ep_p25_separation=0.2200 episode_safety/ep_max_pfl_force_ratio=0.0000 episode_safety/ep_max_contact_force=0.0000 episode_safety/ep_max_robot_vel=3.2721 episode_safety/ep_mean_robot_vel=0.3057 episode_safety/ep_time_to_first_violation=48.0000 episode_safety/ep_time_in_proximity_0p3m=0.4452 episode_safety/ep_time_in_proximity_0p5m=0.8938 episode_safety/ep_time_in_proximity_1p0m=0.9555
[2026-06-02 13:55:17,117][__main__][INFO] - [episode] step=3866 safety/ssm_violation=0.0000 safety/ssm_violation_actual=0.0000 safety/proximity_violation=0.0000 safety/pfl_violation=0.0000 safety/ssm_margin=0.3262 safety/ssm_margin_actual=0.5645 safety/min_separation=0.8477 safety/pfl_force_ratio=0.0000 safety/robot_vel=0.9370 safety/human_vel=0.0110 episode_safety/ep_steps=307.0000 episode_safety/ep_ssm_violation_rate=0.6938 episode_safety/ep_ssm_violation_actual_rate=0.1368 episode_safety/ep_proximity_violation_rate=0.4463 episode_safety/ep_pfl_violation_rate=0.0000 episode_safety/ep_min_ssm_margin=-1.4266 episode_safety/ep_min_ssm_margin_actual=-1.1866 episode_safety/ep_min_separation=0.0311 episode_safety/ep_mean_separation=0.3666 episode_safety/ep_p5_separation=0.1007 episode_safety/ep_p25_separation=0.2184 episode_safety/ep_max_pfl_force_ratio=0.0000 episode_safety/ep_max_contact_force=0.0000 episode_safety/ep_max_robot_vel=3.4475 episode_safety/ep_mean_robot_vel=0.3207 episode_safety/ep_time_to_first_violation=48.0000 episode_safety/ep_time_in_proximity_0p3m=0.4463 episode_safety/ep_time_in_proximity_0p5m=0.8827 episode_safety/ep_time_in_proximity_1p0m=0.9577 episode_cost_integral=265.3324 episode_lambda=0.0000
[2026-06-02 13:55:17,117][__main__][INFO] - [train] step=3866 episode_reward=-2.0953 episode_length=307 episode=8 buffer_size=59413
[2026-06-02 13:55:36,066][__main__][INFO] - [safety] step=3900 safety/ssm_violation=1.0000 safety/ssm_violation_actual=0.0000 safety/proximity_violation=1.0000 safety/pfl_violation=0.0000 safety/ssm_margin=-0.1876 safety/ssm_margin_actual=0.0394 safety/min_separation=0.1808 safety/pfl_force_ratio=0.0000 safety/robot_vel=0.2307 safety/human_vel=0.0868 episode_safety/ep_steps=35.0000 episode_safety/ep_ssm_violation_rate=0.1429 episode_safety/ep_ssm_violation_actual_rate=0.0000 episode_safety/ep_proximity_violation_rate=0.1143 episode_safety/ep_pfl_violation_rate=0.0000 episode_safety/ep_min_ssm_margin=-0.1876 episode_safety/ep_min_ssm_margin_actual=0.0394 episode_safety/ep_min_separation=0.1808 episode_safety/ep_mean_separation=1.2513 episode_safety/ep_p5_separation=0.2374 episode_safety/ep_p25_separation=0.6395 episode_safety/ep_max_pfl_force_ratio=0.0000 episode_safety/ep_max_contact_force=0.0000 episode_safety/ep_max_robot_vel=0.2808 episode_safety/ep_mean_robot_vel=0.1390 episode_safety/ep_time_to_first_violation=30.0000 episode_safety/ep_time_in_proximity_0p3m=0.1143 episode_safety/ep_time_in_proximity_0p5m=0.2000 episode_safety/ep_time_in_proximity_1p0m=0.4000
[2026-06-02 13:56:03,799][__main__][INFO] - [safety] step=3950 safety/ssm_violation=0.0000 safety/ssm_violation_actual=0.0000 safety/proximity_violation=0.0000 safety/pfl_violation=0.0000 safety/ssm_margin=0.1154 safety/ssm_margin_actual=0.3550 safety/min_separation=0.5023 safety/pfl_force_ratio=0.0000 safety/robot_vel=0.3478 safety/human_vel=0.0028 episode_safety/ep_steps=85.0000 episode_safety/ep_ssm_violation_rate=0.5529 episode_safety/ep_ssm_violation_actual_rate=0.1882 episode_safety/ep_proximity_violation_rate=0.4118 episode_safety/ep_pfl_violation_rate=0.0000 episode_safety/ep_min_ssm_margin=-1.5738 episode_safety/ep_min_ssm_margin_actual=-1.3670 episode_safety/ep_min_separation=0.1184 episode_safety/ep_mean_separation=0.6700 episode_safety/ep_p5_separation=0.1211 episode_safety/ep_p25_separation=0.1678 episode_safety/ep_max_pfl_force_ratio=0.0000 episode_safety/ep_max_contact_force=0.0000 episode_safety/ep_max_robot_vel=3.2139 episode_safety/ep_mean_robot_vel=0.3296 episode_safety/ep_time_to_first_violation=30.0000 episode_safety/ep_time_in_proximity_0p3m=0.4118 episode_safety/ep_time_in_proximity_0p5m=0.6588 episode_safety/ep_time_in_proximity_1p0m=0.7529
[2026-06-02 13:56:30,268][__main__][INFO] - [safety] step=4000 safety/ssm_violation=1.0000 safety/ssm_violation_actual=0.0000 safety/proximity_violation=0.0000 safety/pfl_violation=0.0000 safety/ssm_margin=-0.0366 safety/ssm_margin_actual=0.2034 safety/min_separation=0.3358 safety/pfl_force_ratio=0.0000 safety/robot_vel=0.2578 safety/human_vel=0.0000 episode_safety/ep_steps=135.0000 episode_safety/ep_ssm_violation_rate=0.5630 episode_safety/ep_ssm_violation_actual_rate=0.1185 episode_safety/ep_proximity_violation_rate=0.3630 episode_safety/ep_pfl_violation_rate=0.0000 episode_safety/ep_min_ssm_margin=-1.5738 episode_safety/ep_min_ssm_margin_actual=-1.3670 episode_safety/ep_min_separation=0.1184 episode_safety/ep_mean_separation=0.5597 episode_safety/ep_p5_separation=0.1246 episode_safety/ep_p25_separation=0.2500 episode_safety/ep_max_pfl_force_ratio=0.0000 episode_safety/ep_max_contact_force=0.0000 episode_safety/ep_max_robot_vel=3.2139 episode_safety/ep_mean_robot_vel=0.3187 episode_safety/ep_time_to_first_violation=30.0000 episode_safety/ep_time_in_proximity_0p3m=0.3630 episode_safety/ep_time_in_proximity_0p5m=0.7481 episode_safety/ep_time_in_proximity_1p0m=0.8444
[2026-06-02 13:56:57,975][__main__][INFO] - [safety] step=4050 safety/ssm_violation=1.0000 safety/ssm_violation_actual=1.0000 safety/proximity_violation=1.0000 safety/pfl_violation=0.0000 safety/ssm_margin=-0.2438 safety/ssm_margin_actual=-0.0115 safety/min_separation=0.1280 safety/pfl_force_ratio=0.0000 safety/robot_vel=0.2536 safety/human_vel=0.0512 episode_safety/ep_steps=185.0000 episode_safety/ep_ssm_violation_rate=0.6270 episode_safety/ep_ssm_violation_actual_rate=0.0919 episode_safety/ep_proximity_violation_rate=0.3405 episode_safety/ep_pfl_violation_rate=0.0000 episode_safety/ep_min_ssm_margin=-1.5738 episode_safety/ep_min_ssm_margin_actual=-1.3670 episode_safety/ep_min_separation=0.1184 episode_safety/ep_mean_separation=0.4933 episode_safety/ep_p5_separation=0.1277 episode_safety/ep_p25_separation=0.2540 episode_safety/ep_max_pfl_force_ratio=0.0000 episode_safety/ep_max_contact_force=0.0000 episode_safety/ep_max_robot_vel=3.2139 episode_safety/ep_mean_robot_vel=0.3064 episode_safety/ep_time_to_first_violation=30.0000 episode_safety/ep_time_in_proximity_0p3m=0.3405 episode_safety/ep_time_in_proximity_0p5m=0.8162 episode_safety/ep_time_in_proximity_1p0m=0.8865
Terminated
