== E3.2 cost-budget Pareto | TASK=saucepan_to_hob d='0.05' seeds='2' frames=60000 ==
   OUTDIR=/home/ap2322/Documents/safety_bigym/exp_local/e3_2_cost_budget/e3_2_saucepan_to_hob_20260531_190307  warmstart=/home/ap2322/Documents/safety_bigym/exp_local/cqn_as_base_curriculum/base_g1_30k_30k_40k_20260529_124749/stage1_easy/snapshot_2588.pt
== launch d0p05_seed2 (cost_budget=0.05) -> /home/ap2322/Documents/safety_bigym/exp_local/e3_2_cost_budget/e3_2_saucepan_to_hob_20260531_190307/d0p05_seed2 ==
[2026-06-02 13:20:55,871][__main__][INFO] - workspace: /home/ap2322/Documents/safety_bigym/exp_local/e3_2_cost_budget/e3_2_saucepan_to_hob_20260531_190307/d0p05_seed2
[2026-06-02 13:20:55,872][safety_bigym.envs.safety_bigym_factory][INFO] - Forcing disruption_type=COWORKER for every episode.
[2026-06-02 13:20:55,872][safety_bigym.envs.safety_bigym_factory][INFO] - Creating SafetyBiGymEnv: task=SaucepanToHob, inject_human=True, clips=0
[2026-06-02 13:21:01,258][safety_bigym.envs.safety_env][INFO] - Human indices: pelvis_id=2, pelvis_mocapid=0, ssm_bodies=14
[2026-06-02 13:21:01,259][safety_bigym.envs.safety_env][INFO] - Promoted 69 geoms onto human collision channel (human_emit=bit1, robot_emit=bit2); reset 22 human collision geoms onto the cross-paired channel.
[2026-06-02 13:21:01,259][safety_bigym.envs.safety_env][INFO] - Safety wrapper initialized
[2026-06-02 13:21:01,259][safety_bigym.envs.safety_env][INFO] - G1 human controller initialized
[2026-06-02 13:21:01,260][safety_bigym.envs.safety_bigym_factory][INFO] - Inserting BodySLAMWrapper(mode=oracle, occlusion=none).
wandb: [wandb.login()] Loaded credentials for https://api.wandb.ai from /home/ap2322/.netrc.
wandb: Currently logged in as: a4ayushpatel (a4ayushpatel-imperial-college-london) to https://api.wandb.ai. Use `wandb login --relogin` to force relogin
wandb: setting up run 6lmvko55
wandb: Tracking run with wandb version 0.25.0
wandb: Run data is saved locally in /home/ap2322/Documents/safety_bigym/exp_local/e3_2_cost_budget/e3_2_saucepan_to_hob_20260531_190307/d0p05_seed2/wandb/run-20260602_132101-6lmvko55
wandb: Run `wandb offline` to turn off syncing.
wandb: Syncing run e3_2_d0p05_seed2
wandb: ⭐️ View project at https://wandb.ai/a4ayushpatel-imperial-college-london/safety-critic
wandb: 🚀 View run at https://wandb.ai/a4ayushpatel-imperial-college-london/safety-critic/runs/6lmvko55
MultiViewCNNEncoder(
  (conv_nets): ModuleList(
    (0-2): 3 x Sequential(
      (0): Conv2d(12, 32, kernel_size=(4, 4), stride=(2, 2), padding=(1, 1))
      (1): ImgChLayerNorm()
      (2): SiLU()
      (3): Conv2d(32, 64, kernel_size=(4, 4), stride=(2, 2), padding=(1, 1))
      (4): ImgChLayerNorm()
      (5): SiLU()
      (6): Conv2d(64, 128, kernel_size=(4, 4), stride=(2, 2), padding=(1, 1))
      (7): ImgChLayerNorm()
      (8): SiLU()
      (9): Conv2d(128, 256, kernel_size=(4, 4), stride=(2, 2), padding=(1, 1))
      (10): ImgChLayerNorm()
      (11): SiLU()
    )
  )
)
C2FCritic(
  (network): C2FCriticNetwork(
    (adv_rgb_encoder): Sequential(
      (0): Linear(in_features=19200, out_features=512, bias=False)
      (1): LayerNorm((512,), eps=1e-05, elementwise_affine=True)
      (2): SiLU()
      (3): Linear(in_features=512, out_features=512, bias=False)
      (4): LayerNorm((512,), eps=1e-05, elementwise_affine=True)
      (5): SiLU()
      (6): Linear(in_features=512, out_features=64, bias=False)
      (7): LayerNorm((64,), eps=1e-05, elementwise_affine=True)
      (8): Tanh()
    )
    (adv_low_dim_encoder): Sequential(
      (0): Linear(in_features=288, out_features=64, bias=False)
      (1): LayerNorm((64,), eps=1e-05, elementwise_affine=True)
      (2): Tanh()
    )
    (adv_net): Sequential(
      (0): Linear(in_features=163, out_features=512, bias=False)
      (1): LayerNorm((512,), eps=1e-05, elementwise_affine=True)
      (2): SiLU()
      (3): Linear(in_features=512, out_features=512, bias=False)
      (4): LayerNorm((512,), eps=1e-05, elementwise_affine=True)
      (5): SiLU()
    )
    (adv_gru): GRU(512, 512, batch_first=True)
    (adv_head): Linear(in_features=512, out_features=8080, bias=True)
    (value_rgb_encoder): Sequential(
      (0): Linear(in_features=19200, out_features=512, bias=False)
      (1): LayerNorm((512,), eps=1e-05, elementwise_affine=True)
      (2): SiLU()
      (3): Linear(in_features=512, out_features=512, bias=False)
      (4): LayerNorm((512,), eps=1e-05, elementwise_affine=True)
      (5): SiLU()
      (6): Linear(in_features=512, out_features=64, bias=False)
      (7): LayerNorm((64,), eps=1e-05, elementwise_affine=True)
      (8): Tanh()
    )
    (value_low_dim_encoder): Sequential(
      (0): Linear(in_features=288, out_features=64, bias=False)
      (1): LayerNorm((64,), eps=1e-05, elementwise_affine=True)
      (2): Tanh()
    )
    (value_net): Sequential(
      (0): Linear(in_features=163, out_features=512, bias=False)
      (1): LayerNorm((512,), eps=1e-05, elementwise_affine=True)
      (2): SiLU()
      (3): Linear(in_features=512, out_features=512, bias=False)
      (4): LayerNorm((512,), eps=1e-05, elementwise_affine=True)
      (5): SiLU()
    )
    (value_gru): GRU(512, 512, batch_first=True)
    (value_head): Linear(in_features=512, out_features=1616, bias=True)
  )
)
[2026-06-02 13:21:04,892][__main__][INFO] - loading snapshot: /home/ap2322/Documents/safety_bigym/exp_local/cqn_as_base_curriculum/base_g1_30k_30k_40k_20260529_124749/stage1_easy/snapshot_2588.pt
[2026-06-02 13:21:05,116][__main__][INFO] - snapshot loaded: trained for 2588 steps / 6 episodes
[2026-06-02 13:21:05,117][root][INFO] - Loading demos via raw BiGym env (for DemoStore compatibility).
[2026-06-02 13:21:08,310][root][INFO] - Demos are cached already: /home/ap2322/.bigym/demonstrations/0.9.0
[2026-06-02 13:21:08,311][root][INFO] - Demos are cached already: /home/ap2322/.bigym/demonstrations/0.9.0
[2026-06-02 13:21:08,311][root][INFO] - Demos are cached already: /home/ap2322/.bigym/demonstrations/0.9.0
[2026-06-02 13:21:09,815][root][INFO] - Loaded 36 demos.
[2026-06-02 13:21:14,009][safety_bigym.agents.cqn_as.env_adapter][INFO] - Converted 36 demos (29 successful) for CQN-AS.
[2026-06-02 13:21:40,066][__main__][INFO] - Loaded 36 demos; replay size now 81108
[2026-06-02 13:21:40,346][__main__][INFO] - [safety] step=0 safety/ssm_violation=0.0000 safety/ssm_violation_actual=0.0000 safety/proximity_violation=0.0000 safety/pfl_violation=0.0000 safety/ssm_margin=2.2845 safety/ssm_margin_actual=2.4703 safety/min_separation=2.6486 safety/pfl_force_ratio=0.0000 safety/robot_vel=0.2001 safety/human_vel=0.3618 episode_safety/ep_steps=1.0000 episode_safety/ep_ssm_violation_rate=0.0000 episode_safety/ep_ssm_violation_actual_rate=0.0000 episode_safety/ep_proximity_violation_rate=0.0000 episode_safety/ep_pfl_violation_rate=0.0000 episode_safety/ep_min_ssm_margin=2.2845 episode_safety/ep_min_ssm_margin_actual=2.4703 episode_safety/ep_min_separation=2.6486 episode_safety/ep_mean_separation=2.6486 episode_safety/ep_p5_separation=2.6486 episode_safety/ep_p25_separation=2.6486 episode_safety/ep_max_pfl_force_ratio=0.0000 episode_safety/ep_max_contact_force=0.0000 episode_safety/ep_max_robot_vel=0.2001 episode_safety/ep_mean_robot_vel=0.2001 episode_safety/ep_time_to_first_violation=-1.0000 episode_safety/ep_time_in_proximity_0p3m=0.0000 episode_safety/ep_time_in_proximity_0p5m=0.0000 episode_safety/ep_time_in_proximity_1p0m=0.0000
[2026-06-02 13:21:41,214][__main__][INFO] - [safety] step=50 safety/ssm_violation=0.0000 safety/ssm_violation_actual=0.0000 safety/proximity_violation=0.0000 safety/pfl_violation=0.0000 safety/ssm_margin=0.1151 safety/ssm_margin_actual=0.3400 safety/min_separation=0.4628 safety/pfl_force_ratio=0.0000 safety/robot_vel=0.0715 safety/human_vel=0.1005 episode_safety/ep_steps=51.0000 episode_safety/ep_ssm_violation_rate=0.0196 episode_safety/ep_ssm_violation_actual_rate=0.0000 episode_safety/ep_proximity_violation_rate=0.0000 episode_safety/ep_pfl_violation_rate=0.0000 episode_safety/ep_min_ssm_margin=-0.0568 episode_safety/ep_min_ssm_margin_actual=0.1629 episode_safety/ep_min_separation=0.4628 episode_safety/ep_mean_separation=1.2522 episode_safety/ep_p5_separation=0.4655 episode_safety/ep_p25_separation=0.5038 episode_safety/ep_max_pfl_force_ratio=0.0000 episode_safety/ep_max_contact_force=0.0000 episode_safety/ep_max_robot_vel=0.9372 episode_safety/ep_mean_robot_vel=0.1870 episode_safety/ep_time_to_first_violation=48.0000 episode_safety/ep_time_in_proximity_0p3m=0.0000 episode_safety/ep_time_in_proximity_0p5m=0.2353 episode_safety/ep_time_in_proximity_1p0m=0.5098
[2026-06-02 13:21:42,188][__main__][INFO] - [safety] step=100 safety/ssm_violation=1.0000 safety/ssm_violation_actual=0.0000 safety/proximity_violation=1.0000 safety/pfl_violation=0.0000 safety/ssm_margin=-0.1563 safety/ssm_margin_actual=0.0837 safety/min_separation=0.2812 safety/pfl_force_ratio=0.0000 safety/robot_vel=0.6068 safety/human_vel=0.0001 episode_safety/ep_steps=101.0000 episode_safety/ep_ssm_violation_rate=0.1584 episode_safety/ep_ssm_violation_actual_rate=0.0198 episode_safety/ep_proximity_violation_rate=0.0099 episode_safety/ep_pfl_violation_rate=0.0000 episode_safety/ep_min_ssm_margin=-0.4645 episode_safety/ep_min_ssm_margin_actual=-0.2246 episode_safety/ep_min_separation=0.2812 episode_safety/ep_mean_separation=0.8569 episode_safety/ep_p5_separation=0.3672 episode_safety/ep_p25_separation=0.4608 episode_safety/ep_max_pfl_force_ratio=0.0000 episode_safety/ep_max_contact_force=0.0000 episode_safety/ep_max_robot_vel=2.0877 episode_safety/ep_mean_robot_vel=0.3316 episode_safety/ep_time_to_first_violation=48.0000 episode_safety/ep_time_in_proximity_0p3m=0.0099 episode_safety/ep_time_in_proximity_0p5m=0.5149 episode_safety/ep_time_in_proximity_1p0m=0.7525
[2026-06-02 13:21:43,140][__main__][INFO] - [safety] step=150 safety/ssm_violation=1.0000 safety/ssm_violation_actual=0.0000 safety/proximity_violation=1.0000 safety/pfl_violation=0.0000 safety/ssm_margin=-0.1704 safety/ssm_margin_actual=0.0696 safety/min_separation=0.2109 safety/pfl_force_ratio=0.0000 safety/robot_vel=0.3142 safety/human_vel=0.0000 episode_safety/ep_steps=151.0000 episode_safety/ep_ssm_violation_rate=0.4371 episode_safety/ep_ssm_violation_actual_rate=0.2119 episode_safety/ep_proximity_violation_rate=0.3377 episode_safety/ep_pfl_violation_rate=0.0000 episode_safety/ep_min_ssm_margin=-0.4645 episode_safety/ep_min_ssm_margin_actual=-0.2246 episode_safety/ep_min_separation=0.0570 episode_safety/ep_mean_separation=0.6171 episode_safety/ep_p5_separation=0.0651 episode_safety/ep_p25_separation=0.1876 episode_safety/ep_max_pfl_force_ratio=0.0000 episode_safety/ep_max_contact_force=0.0000 episode_safety/ep_max_robot_vel=2.0877 episode_safety/ep_mean_robot_vel=0.3250 episode_safety/ep_time_to_first_violation=48.0000 episode_safety/ep_time_in_proximity_0p3m=0.3377 episode_safety/ep_time_in_proximity_0p5m=0.6755 episode_safety/ep_time_in_proximity_1p0m=0.8344
[2026-06-02 13:21:44,049][__main__][INFO] - [safety] step=200 safety/ssm_violation=1.0000 safety/ssm_violation_actual=0.0000 safety/proximity_violation=0.0000 safety/pfl_violation=0.0000 safety/ssm_margin=-0.0090 safety/ssm_margin_actual=0.2310 safety/min_separation=0.3586 safety/pfl_force_ratio=0.0000 safety/robot_vel=0.2254 safety/human_vel=0.0000 episode_safety/ep_steps=201.0000 episode_safety/ep_ssm_violation_rate=0.5721 episode_safety/ep_ssm_violation_actual_rate=0.1592 episode_safety/ep_proximity_violation_rate=0.4229 episode_safety/ep_pfl_violation_rate=0.0000 episode_safety/ep_min_ssm_margin=-0.4645 episode_safety/ep_min_ssm_margin_actual=-0.2246 episode_safety/ep_min_separation=0.0570 episode_safety/ep_mean_separation=0.5355 episode_safety/ep_p5_separation=0.0710 episode_safety/ep_p25_separation=0.2438 episode_safety/ep_max_pfl_force_ratio=0.0000 episode_safety/ep_max_contact_force=0.0000 episode_safety/ep_max_robot_vel=2.0877 episode_safety/ep_mean_robot_vel=0.3020 episode_safety/ep_time_to_first_violation=48.0000 episode_safety/ep_time_in_proximity_0p3m=0.4229 episode_safety/ep_time_in_proximity_0p5m=0.7562 episode_safety/ep_time_in_proximity_1p0m=0.8756
[2026-06-02 13:21:45,029][__main__][INFO] - [safety] step=250 safety/ssm_violation=1.0000 safety/ssm_violation_actual=0.0000 safety/proximity_violation=1.0000 safety/pfl_violation=0.0000 safety/ssm_margin=-0.1133 safety/ssm_margin_actual=0.1267 safety/min_separation=0.2509 safety/pfl_force_ratio=0.0000 safety/robot_vel=0.2015 safety/human_vel=0.0000 episode_safety/ep_steps=251.0000 episode_safety/ep_ssm_violation_rate=0.6096 episode_safety/ep_ssm_violation_actual_rate=0.1394 episode_safety/ep_proximity_violation_rate=0.3904 episode_safety/ep_pfl_violation_rate=0.0000 episode_safety/ep_min_ssm_margin=-1.2485 episode_safety/ep_min_ssm_margin_actual=-1.0085 episode_safety/ep_min_separation=0.0570 episode_safety/ep_mean_separation=0.4950 episode_safety/ep_p5_separation=0.0791 episode_safety/ep_p25_separation=0.2592 episode_safety/ep_max_pfl_force_ratio=0.0000 episode_safety/ep_max_contact_force=0.0000 episode_safety/ep_max_robot_vel=3.0955 episode_safety/ep_mean_robot_vel=0.3154 episode_safety/ep_time_to_first_violation=48.0000 episode_safety/ep_time_in_proximity_0p3m=0.3904 episode_safety/ep_time_in_proximity_0p5m=0.8048 episode_safety/ep_time_in_proximity_1p0m=0.9004
[2026-06-02 13:21:46,043][__main__][INFO] - [safety] step=300 safety/ssm_violation=1.0000 safety/ssm_violation_actual=0.0000 safety/proximity_violation=0.0000 safety/pfl_violation=0.0000 safety/ssm_margin=-0.0009 safety/ssm_margin_actual=0.2379 safety/min_separation=0.5971 safety/pfl_force_ratio=0.0000 safety/robot_vel=1.1823 safety/human_vel=0.0080 episode_safety/ep_steps=301.0000 episode_safety/ep_ssm_violation_rate=0.6711 episode_safety/ep_ssm_violation_actual_rate=0.1661 episode_safety/ep_proximity_violation_rate=0.4751 episode_safety/ep_pfl_violation_rate=0.0000 episode_safety/ep_min_ssm_margin=-1.2485 episode_safety/ep_min_ssm_margin_actual=-1.0085 episode_safety/ep_min_separation=0.0207 episode_safety/ep_mean_separation=0.4471 episode_safety/ep_p5_separation=0.0658 episode_safety/ep_p25_separation=0.2292 episode_safety/ep_max_pfl_force_ratio=0.0000 episode_safety/ep_max_contact_force=0.0000 episode_safety/ep_max_robot_vel=3.1987 episode_safety/ep_mean_robot_vel=0.3153 episode_safety/ep_time_to_first_violation=48.0000 episode_safety/ep_time_in_proximity_0p3m=0.4751 episode_safety/ep_time_in_proximity_0p5m=0.8306 episode_safety/ep_time_in_proximity_1p0m=0.9169
[2026-06-02 13:21:46,755][__main__][INFO] - [episode] step=302 safety/ssm_violation=0.0000 safety/ssm_violation_actual=0.0000 safety/proximity_violation=0.0000 safety/pfl_violation=0.0000 safety/ssm_margin=0.2006 safety/ssm_margin_actual=0.4396 safety/min_separation=0.6744 safety/pfl_force_ratio=0.0000 safety/robot_vel=0.7600 safety/human_vel=0.0069 episode_safety/ep_steps=302.0000 episode_safety/ep_ssm_violation_rate=0.6689 episode_safety/ep_ssm_violation_actual_rate=0.1656 episode_safety/ep_proximity_violation_rate=0.4735 episode_safety/ep_pfl_violation_rate=0.0000 episode_safety/ep_min_ssm_margin=-1.2485 episode_safety/ep_min_ssm_margin_actual=-1.0085 episode_safety/ep_min_separation=0.0207 episode_safety/ep_mean_separation=0.4479 episode_safety/ep_p5_separation=0.0659 episode_safety/ep_p25_separation=0.2292 episode_safety/ep_max_pfl_force_ratio=0.0000 episode_safety/ep_max_contact_force=0.0000 episode_safety/ep_max_robot_vel=3.1987 episode_safety/ep_mean_robot_vel=0.3168 episode_safety/ep_time_to_first_violation=48.0000 episode_safety/ep_time_in_proximity_0p3m=0.4735 episode_safety/ep_time_in_proximity_0p5m=0.8278 episode_safety/ep_time_in_proximity_1p0m=0.9172 episode_cost_integral=250.6107 episode_lambda=0.0000
[2026-06-02 13:21:46,756][__main__][INFO] - [train] step=302 episode_reward=-1.8417 episode_length=302 episode=1 buffer_size=81410
[2026-06-02 13:21:47,767][__main__][INFO] - [safety] step=350 safety/ssm_violation=1.0000 safety/ssm_violation_actual=0.0000 safety/proximity_violation=0.0000 safety/pfl_violation=0.0000 safety/ssm_margin=-0.2159 safety/ssm_margin_actual=0.0106 safety/min_separation=0.3740 safety/pfl_force_ratio=0.0000 safety/robot_vel=1.1581 safety/human_vel=0.0901 episode_safety/ep_steps=49.0000 episode_safety/ep_ssm_violation_rate=0.2449 episode_safety/ep_ssm_violation_actual_rate=0.0204 episode_safety/ep_proximity_violation_rate=0.0000 episode_safety/ep_pfl_violation_rate=0.0000 episode_safety/ep_min_ssm_margin=-0.5974 episode_safety/ep_min_ssm_margin_actual=-0.3830 episode_safety/ep_min_separation=0.3552 episode_safety/ep_mean_separation=0.9229 episode_safety/ep_p5_separation=0.3573 episode_safety/ep_p25_separation=0.3740 episode_safety/ep_max_pfl_force_ratio=0.0000 episode_safety/ep_max_contact_force=0.0000 episode_safety/ep_max_robot_vel=2.0693 episode_safety/ep_mean_robot_vel=0.2328 episode_safety/ep_time_to_first_violation=30.0000 episode_safety/ep_time_in_proximity_0p3m=0.0000 episode_safety/ep_time_in_proximity_0p5m=0.4694 episode_safety/ep_time_in_proximity_1p0m=0.6327
[2026-06-02 13:21:48,718][__main__][INFO] - [safety] step=400 safety/ssm_violation=1.0000 safety/ssm_violation_actual=1.0000 safety/proximity_violation=1.0000 safety/pfl_violation=0.0000 safety/ssm_margin=-0.2636 safety/ssm_margin_actual=-0.0236 safety/min_separation=0.1572 safety/pfl_force_ratio=0.0000 safety/robot_vel=0.5285 safety/human_vel=0.0001 episode_safety/ep_steps=99.0000 episode_safety/ep_ssm_violation_rate=0.4444 episode_safety/ep_ssm_violation_actual_rate=0.0505 episode_safety/ep_proximity_violation_rate=0.0808 episode_safety/ep_pfl_violation_rate=0.0000 episode_safety/ep_min_ssm_margin=-0.7922 episode_safety/ep_min_ssm_margin_actual=-0.5524 episode_safety/ep_min_separation=0.1572 episode_safety/ep_mean_separation=0.6506 episode_safety/ep_p5_separation=0.2440 episode_safety/ep_p25_separation=0.3624 episode_safety/ep_max_pfl_force_ratio=0.0000 episode_safety/ep_max_contact_force=0.0000 episode_safety/ep_max_robot_vel=2.6051 episode_safety/ep_mean_robot_vel=0.3888 episode_safety/ep_time_to_first_violation=30.0000 episode_safety/ep_time_in_proximity_0p3m=0.0808 episode_safety/ep_time_in_proximity_0p5m=0.7374 episode_safety/ep_time_in_proximity_1p0m=0.8182
[2026-06-02 13:21:49,630][__main__][INFO] - [safety] step=450 safety/ssm_violation=1.0000 safety/ssm_violation_actual=0.0000 safety/proximity_violation=0.0000 safety/pfl_violation=0.0000 safety/ssm_margin=-0.0568 safety/ssm_margin_actual=0.1832 safety/min_separation=0.3133 safety/pfl_force_ratio=0.0000 safety/robot_vel=0.2418 safety/human_vel=0.0000 episode_safety/ep_steps=149.0000 episode_safety/ep_ssm_violation_rate=0.6309 episode_safety/ep_ssm_violation_actual_rate=0.1812 episode_safety/ep_proximity_violation_rate=0.3758 episode_safety/ep_pfl_violation_rate=0.0000 episode_safety/ep_min_ssm_margin=-0.7922 episode_safety/ep_min_ssm_margin_actual=-0.5524 episode_safety/ep_min_separation=0.0627 episode_safety/ep_mean_separation=0.4836 episode_safety/ep_p5_separation=0.0749 episode_safety/ep_p25_separation=0.1831 episode_safety/ep_max_pfl_force_ratio=0.0000 episode_safety/ep_max_contact_force=0.0000 episode_safety/ep_max_robot_vel=2.6051 episode_safety/ep_mean_robot_vel=0.3409 episode_safety/ep_time_to_first_violation=30.0000 episode_safety/ep_time_in_proximity_0p3m=0.3758 episode_safety/ep_time_in_proximity_0p5m=0.8255 episode_safety/ep_time_in_proximity_1p0m=0.8792
[2026-06-02 13:21:50,601][__main__][INFO] - [safety] step=500 safety/ssm_violation=1.0000 safety/ssm_violation_actual=0.0000 safety/proximity_violation=1.0000 safety/pfl_violation=0.0000 safety/ssm_margin=-0.1178 safety/ssm_margin_actual=0.1222 safety/min_separation=0.2307 safety/pfl_force_ratio=0.0000 safety/robot_vel=0.0786 safety/human_vel=0.0000 episode_safety/ep_steps=199.0000 episode_safety/ep_ssm_violation_rate=0.7236 episode_safety/ep_ssm_violation_actual_rate=0.1407 episode_safety/ep_proximity_violation_rate=0.5126 episode_safety/ep_pfl_violation_rate=0.0000 episode_safety/ep_min_ssm_margin=-0.7922 episode_safety/ep_min_ssm_margin_actual=-0.5524 episode_safety/ep_min_separation=0.0627 episode_safety/ep_mean_separation=0.4167 episode_safety/ep_p5_separation=0.0781 episode_safety/ep_p25_separation=0.1845 episode_safety/ep_max_pfl_force_ratio=0.0000 episode_safety/ep_max_contact_force=0.0000 episode_safety/ep_max_robot_vel=2.6051 episode_safety/ep_mean_robot_vel=0.3097 episode_safety/ep_time_to_first_violation=30.0000 episode_safety/ep_time_in_proximity_0p3m=0.5126 episode_safety/ep_time_in_proximity_0p5m=0.8693 episode_safety/ep_time_in_proximity_1p0m=0.9095
[2026-06-02 13:21:53,459][__main__][INFO] - [safety] step=550 safety/ssm_violation=1.0000 safety/ssm_violation_actual=1.0000 safety/proximity_violation=1.0000 safety/pfl_violation=0.0000 safety/ssm_margin=-0.1934 safety/ssm_margin_actual=-0.0020 safety/min_separation=0.1581 safety/pfl_force_ratio=0.0000 safety/robot_vel=0.1044 safety/human_vel=0.3236 episode_safety/ep_steps=249.0000 episode_safety/ep_ssm_violation_rate=0.7791 episode_safety/ep_ssm_violation_actual_rate=0.1928 episode_safety/ep_proximity_violation_rate=0.6104 episode_safety/ep_pfl_violation_rate=0.0000 episode_safety/ep_min_ssm_margin=-1.4050 episode_safety/ep_min_ssm_margin_actual=-1.1650 episode_safety/ep_min_separation=0.0627 episode_safety/ep_mean_separation=0.3691 episode_safety/ep_p5_separation=0.0888 episode_safety/ep_p25_separation=0.1701 episode_safety/ep_max_pfl_force_ratio=0.0000 episode_safety/ep_max_contact_force=0.0000 episode_safety/ep_max_robot_vel=3.1251 episode_safety/ep_mean_robot_vel=0.3230 episode_safety/ep_time_to_first_violation=30.0000 episode_safety/ep_time_in_proximity_0p3m=0.6104 episode_safety/ep_time_in_proximity_0p5m=0.8956 episode_safety/ep_time_in_proximity_1p0m=0.9277
[2026-06-02 13:21:54,785][__main__][INFO] - [safety] step=600 safety/ssm_violation=0.0000 safety/ssm_violation_actual=0.0000 safety/proximity_violation=0.0000 safety/pfl_violation=0.0000 safety/ssm_margin=0.5166 safety/ssm_margin_actual=0.7557 safety/min_separation=0.8809 safety/pfl_force_ratio=0.0000 safety/robot_vel=0.2023 safety/human_vel=0.0055 episode_safety/ep_steps=299.0000 episode_safety/ep_ssm_violation_rate=0.7993 episode_safety/ep_ssm_violation_actual_rate=0.2174 episode_safety/ep_proximity_violation_rate=0.6488 episode_safety/ep_pfl_violation_rate=0.0000 episode_safety/ep_min_ssm_margin=-1.4050 episode_safety/ep_min_ssm_margin_actual=-1.1650 episode_safety/ep_min_separation=0.0293 episode_safety/ep_mean_separation=0.3437 episode_safety/ep_p5_separation=0.0768 episode_safety/ep_p25_separation=0.1664 episode_safety/ep_max_pfl_force_ratio=0.0000 episode_safety/ep_max_contact_force=0.0000 episode_safety/ep_max_robot_vel=3.1930 episode_safety/ep_mean_robot_vel=0.3220 episode_safety/ep_time_to_first_violation=30.0000 episode_safety/ep_time_in_proximity_0p3m=0.6488 episode_safety/ep_time_in_proximity_0p5m=0.8963 episode_safety/ep_time_in_proximity_1p0m=0.9398
[2026-06-02 13:21:55,634][__main__][INFO] - [episode] step=608 safety/ssm_violation=0.0000 safety/ssm_violation_actual=0.0000 safety/proximity_violation=0.0000 safety/pfl_violation=0.0000 safety/ssm_margin=1.0708 safety/ssm_margin_actual=1.3106 safety/min_separation=1.4917 safety/pfl_force_ratio=0.0000 safety/robot_vel=0.5286 safety/human_vel=0.0019 episode_safety/ep_steps=306.0000 episode_safety/ep_ssm_violation_rate=0.7843 episode_safety/ep_ssm_violation_actual_rate=0.2124 episode_safety/ep_proximity_violation_rate=0.6340 episode_safety/ep_pfl_violation_rate=0.0000 episode_safety/ep_min_ssm_margin=-1.4050 episode_safety/ep_min_ssm_margin_actual=-1.1650 episode_safety/ep_min_separation=0.0293 episode_safety/ep_mean_separation=0.3640 episode_safety/ep_p5_separation=0.0773 episode_safety/ep_p25_separation=0.1671 episode_safety/ep_max_pfl_force_ratio=0.0000 episode_safety/ep_max_contact_force=0.0000 episode_safety/ep_max_robot_vel=3.1930 episode_safety/ep_mean_robot_vel=0.3376 episode_safety/ep_time_to_first_violation=30.0000 episode_safety/ep_time_in_proximity_0p3m=0.6340 episode_safety/ep_time_in_proximity_0p5m=0.8758 episode_safety/ep_time_in_proximity_1p0m=0.9216 episode_cost_integral=267.3671 episode_lambda=0.0000
[2026-06-02 13:21:55,634][__main__][INFO] - [train] step=608 episode_reward=-1.6805 episode_length=306 episode=2 buffer_size=81716
[2026-06-02 13:22:21,943][__main__][INFO] - [safety] step=650 safety/ssm_violation=0.0000 safety/ssm_violation_actual=0.0000 safety/proximity_violation=0.0000 safety/pfl_violation=0.0000 safety/ssm_margin=0.2380 safety/ssm_margin_actual=0.4628 safety/min_separation=0.6735 safety/pfl_force_ratio=0.0000 safety/robot_vel=0.5976 safety/human_vel=0.1016 episode_safety/ep_steps=43.0000 episode_safety/ep_ssm_violation_rate=0.0000 episode_safety/ep_ssm_violation_actual_rate=0.0000 episode_safety/ep_proximity_violation_rate=0.0000 episode_safety/ep_pfl_violation_rate=0.0000 episode_safety/ep_min_ssm_margin=0.2116 episode_safety/ep_min_ssm_margin_actual=0.4385 episode_safety/ep_min_separation=0.5617 episode_safety/ep_mean_separation=0.9924 episode_safety/ep_p5_separation=0.5699 episode_safety/ep_p25_separation=0.6066 episode_safety/ep_max_pfl_force_ratio=0.0000 episode_safety/ep_max_contact_force=0.0000 episode_safety/ep_max_robot_vel=0.5976 episode_safety/ep_mean_robot_vel=0.1568 episode_safety/ep_time_to_first_violation=-1.0000 episode_safety/ep_time_in_proximity_0p3m=0.0000 episode_safety/ep_time_in_proximity_0p5m=0.0000 episode_safety/ep_time_in_proximity_1p0m=0.6512
[2026-06-02 13:22:48,331][__main__][INFO] - [safety] step=700 safety/ssm_violation=0.0000 safety/ssm_violation_actual=0.0000 safety/proximity_violation=0.0000 safety/pfl_violation=0.0000 safety/ssm_margin=0.1130 safety/ssm_margin_actual=0.3530 safety/min_separation=0.5256 safety/pfl_force_ratio=0.0000 safety/robot_vel=0.4881 safety/human_vel=0.0001 episode_safety/ep_steps=93.0000 episode_safety/ep_ssm_violation_rate=0.0860 episode_safety/ep_ssm_violation_actual_rate=0.0323 episode_safety/ep_proximity_violation_rate=0.0000 episode_safety/ep_pfl_violation_rate=0.0000 episode_safety/ep_min_ssm_margin=-0.8275 episode_safety/ep_min_ssm_margin_actual=-0.5876 episode_safety/ep_min_separation=0.4306 episode_safety/ep_mean_separation=0.7584 episode_safety/ep_p5_separation=0.4363 episode_safety/ep_p25_separation=0.5256 episode_safety/ep_max_pfl_force_ratio=0.0000 episode_safety/ep_max_contact_force=0.0000 episode_safety/ep_max_robot_vel=2.5790 episode_safety/ep_mean_robot_vel=0.3487 episode_safety/ep_time_to_first_violation=51.0000 episode_safety/ep_time_in_proximity_0p3m=0.0000 episode_safety/ep_time_in_proximity_0p5m=0.2043 episode_safety/ep_time_in_proximity_1p0m=0.8387
[2026-06-02 13:23:15,082][__main__][INFO] - [safety] step=750 safety/ssm_violation=0.0000 safety/ssm_violation_actual=0.0000 safety/proximity_violation=0.0000 safety/pfl_violation=0.0000 safety/ssm_margin=0.3034 safety/ssm_margin_actual=0.5434 safety/min_separation=0.7016 safety/pfl_force_ratio=0.0000 safety/robot_vel=0.4120 safety/human_vel=0.0000 episode_safety/ep_steps=143.0000 episode_safety/ep_ssm_violation_rate=0.0559 episode_safety/ep_ssm_violation_actual_rate=0.0210 episode_safety/ep_proximity_violation_rate=0.0000 episode_safety/ep_pfl_violation_rate=0.0000 episode_safety/ep_min_ssm_margin=-0.8275 episode_safety/ep_min_ssm_margin_actual=-0.5876 episode_safety/ep_min_separation=0.4306 episode_safety/ep_mean_separation=0.7686 episode_safety/ep_p5_separation=0.4449 episode_safety/ep_p25_separation=0.5789 episode_safety/ep_max_pfl_force_ratio=0.0000 episode_safety/ep_max_contact_force=0.0000 episode_safety/ep_max_robot_vel=2.5790 episode_safety/ep_mean_robot_vel=0.3433 episode_safety/ep_time_to_first_violation=51.0000 episode_safety/ep_time_in_proximity_0p3m=0.0000 episode_safety/ep_time_in_proximity_0p5m=0.1329 episode_safety/ep_time_in_proximity_1p0m=0.8951
[2026-06-02 13:23:42,005][__main__][INFO] - [safety] step=800 safety/ssm_violation=0.0000 safety/ssm_violation_actual=0.0000 safety/proximity_violation=0.0000 safety/pfl_violation=0.0000 safety/ssm_margin=0.5757 safety/ssm_margin_actual=0.8157 safety/min_separation=0.9389 safety/pfl_force_ratio=0.0000 safety/robot_vel=0.1944 safety/human_vel=0.0000 episode_safety/ep_steps=193.0000 episode_safety/ep_ssm_violation_rate=0.0415 episode_safety/ep_ssm_violation_actual_rate=0.0155 episode_safety/ep_proximity_violation_rate=0.0000 episode_safety/ep_pfl_violation_rate=0.0000 episode_safety/ep_min_ssm_margin=-0.8275 episode_safety/ep_min_ssm_margin_actual=-0.5876 episode_safety/ep_min_separation=0.4306 episode_safety/ep_mean_separation=0.7693 episode_safety/ep_p5_separation=0.4547 episode_safety/ep_p25_separation=0.6144 episode_safety/ep_max_pfl_force_ratio=0.0000 episode_safety/ep_max_contact_force=0.0000 episode_safety/ep_max_robot_vel=2.5790 episode_safety/ep_mean_robot_vel=0.3251 episode_safety/ep_time_to_first_violation=51.0000 episode_safety/ep_time_in_proximity_0p3m=0.0000 episode_safety/ep_time_in_proximity_0p5m=0.0984 episode_safety/ep_time_in_proximity_1p0m=0.9223
[2026-06-02 13:24:08,534][__main__][INFO] - [safety] step=850 safety/ssm_violation=0.0000 safety/ssm_violation_actual=0.0000 safety/proximity_violation=0.0000 safety/pfl_violation=0.0000 safety/ssm_margin=0.5483 safety/ssm_margin_actual=0.7883 safety/min_separation=0.9527 safety/pfl_force_ratio=0.0000 safety/robot_vel=0.4456 safety/human_vel=0.0000 episode_safety/ep_steps=243.0000 episode_safety/ep_ssm_violation_rate=0.0412 episode_safety/ep_ssm_violation_actual_rate=0.0165 episode_safety/ep_proximity_violation_rate=0.0000 episode_safety/ep_pfl_violation_rate=0.0000 episode_safety/ep_min_ssm_margin=-0.8275 episode_safety/ep_min_ssm_margin_actual=-0.5876 episode_safety/ep_min_separation=0.4306 episode_safety/ep_mean_separation=0.8129 episode_safety/ep_p5_separation=0.4636 episode_safety/ep_p25_separation=0.6323 episode_safety/ep_max_pfl_force_ratio=0.0000 episode_safety/ep_max_contact_force=0.0000 episode_safety/ep_max_robot_vel=2.8844 episode_safety/ep_mean_robot_vel=0.3231 episode_safety/ep_time_to_first_violation=51.0000 episode_safety/ep_time_in_proximity_0p3m=0.0000 episode_safety/ep_time_in_proximity_0p5m=0.0782 episode_safety/ep_time_in_proximity_1p0m=0.9177
[2026-06-02 13:24:35,154][__main__][INFO] - [safety] step=900 safety/ssm_violation=0.0000 safety/ssm_violation_actual=0.0000 safety/proximity_violation=0.0000 safety/pfl_violation=0.0000 safety/ssm_margin=0.2999 safety/ssm_margin_actual=0.5372 safety/min_separation=0.6595 safety/pfl_force_ratio=0.0000 safety/robot_vel=0.1679 safety/human_vel=0.0179 episode_safety/ep_steps=293.0000 episode_safety/ep_ssm_violation_rate=0.0341 episode_safety/ep_ssm_violation_actual_rate=0.0137 episode_safety/ep_proximity_violation_rate=0.0000 episode_safety/ep_pfl_violation_rate=0.0000 episode_safety/ep_min_ssm_margin=-0.8275 episode_safety/ep_min_ssm_margin_actual=-0.5876 episode_safety/ep_min_separation=0.4306 episode_safety/ep_mean_separation=0.8017 episode_safety/ep_p5_separation=0.4755 episode_safety/ep_p25_separation=0.6320 episode_safety/ep_max_pfl_force_ratio=0.0000 episode_safety/ep_max_contact_force=0.0000 episode_safety/ep_max_robot_vel=2.8844 episode_safety/ep_mean_robot_vel=0.3105 episode_safety/ep_time_to_first_violation=51.0000 episode_safety/ep_time_in_proximity_0p3m=0.0000 episode_safety/ep_time_in_proximity_0p5m=0.0648 episode_safety/ep_time_in_proximity_1p0m=0.9317
[2026-06-02 13:24:47,833][__main__][INFO] - [episode] step=923 safety/ssm_violation=0.0000 safety/ssm_violation_actual=0.0000 safety/proximity_violation=0.0000 safety/pfl_violation=0.0000 safety/ssm_margin=0.6627 safety/ssm_margin_actual=0.9026 safety/min_separation=1.6710 safety/pfl_force_ratio=0.0000 safety/robot_vel=2.1330 safety/human_vel=0.0007 episode_safety/ep_steps=315.0000 episode_safety/ep_ssm_violation_rate=0.0349 episode_safety/ep_ssm_violation_actual_rate=0.0159 episode_safety/ep_proximity_violation_rate=0.0000 episode_safety/ep_pfl_violation_rate=0.0000 episode_safety/ep_min_ssm_margin=-0.8275 episode_safety/ep_min_ssm_margin_actual=-0.5876 episode_safety/ep_min_separation=0.4306 episode_safety/ep_mean_separation=0.8329 episode_safety/ep_p5_separation=0.4802 episode_safety/ep_p25_separation=0.6367 episode_safety/ep_max_pfl_force_ratio=0.0000 episode_safety/ep_max_contact_force=0.0000 episode_safety/ep_max_robot_vel=3.6619 episode_safety/ep_mean_robot_vel=0.3142 episode_safety/ep_time_to_first_violation=51.0000 episode_safety/ep_time_in_proximity_0p3m=0.0000 episode_safety/ep_time_in_proximity_0p5m=0.0603 episode_safety/ep_time_in_proximity_1p0m=0.8889 episode_cost_integral=42.6878 episode_lambda=0.0103
[2026-06-02 13:24:47,834][__main__][INFO] - [train] step=923 episode_reward=-1.9401 episode_length=315 episode=3 buffer_size=82031
[2026-06-02 13:25:02,798][__main__][INFO] - [safety] step=950 safety/ssm_violation=0.0000 safety/ssm_violation_actual=0.0000 safety/proximity_violation=0.0000 safety/pfl_violation=0.0000 safety/ssm_margin=0.1717 safety/ssm_margin_actual=0.3981 safety/min_separation=0.5395 safety/pfl_force_ratio=0.0000 safety/robot_vel=0.2268 safety/human_vel=0.0908 episode_safety/ep_steps=28.0000 episode_safety/ep_ssm_violation_rate=0.0000 episode_safety/ep_ssm_violation_actual_rate=0.0000 episode_safety/ep_proximity_violation_rate=0.0000 episode_safety/ep_pfl_violation_rate=0.0000 episode_safety/ep_min_ssm_margin=0.1717 episode_safety/ep_min_ssm_margin_actual=0.3981 episode_safety/ep_min_separation=0.5395 episode_safety/ep_mean_separation=1.4356 episode_safety/ep_p5_separation=0.5895 episode_safety/ep_p25_separation=0.9090 episode_safety/ep_max_pfl_force_ratio=0.0000 episode_safety/ep_max_contact_force=0.0000 episode_safety/ep_max_robot_vel=0.2268 episode_safety/ep_mean_robot_vel=0.1112 episode_safety/ep_time_to_first_violation=-1.0000 episode_safety/ep_time_in_proximity_0p3m=0.0000 episode_safety/ep_time_in_proximity_0p5m=0.0000 episode_safety/ep_time_in_proximity_1p0m=0.2857
[2026-06-02 13:25:29,439][__main__][INFO] - [safety] step=1000 safety/ssm_violation=1.0000 safety/ssm_violation_actual=0.0000 safety/proximity_violation=0.0000 safety/pfl_violation=0.0000 safety/ssm_margin=-0.0624 safety/ssm_margin_actual=0.1775 safety/min_separation=0.3960 safety/pfl_force_ratio=0.0000 safety/robot_vel=0.6974 safety/human_vel=0.0011 episode_safety/ep_steps=78.0000 episode_safety/ep_ssm_violation_rate=0.0769 episode_safety/ep_ssm_violation_actual_rate=0.0000 episode_safety/ep_proximity_violation_rate=0.0000 episode_safety/ep_pfl_violation_rate=0.0000 episode_safety/ep_min_ssm_margin=-0.1568 episode_safety/ep_min_ssm_margin_actual=0.0830 episode_safety/ep_min_separation=0.3960 episode_safety/ep_mean_separation=0.8083 episode_safety/ep_p5_separation=0.4100 episode_safety/ep_p25_separation=0.4634 episode_safety/ep_max_pfl_force_ratio=0.0000 episode_safety/ep_max_contact_force=0.0000 episode_safety/ep_max_robot_vel=1.1049 episode_safety/ep_mean_robot_vel=0.2760 episode_safety/ep_time_to_first_violation=40.0000 episode_safety/ep_time_in_proximity_0p3m=0.0000 episode_safety/ep_time_in_proximity_0p5m=0.6282 episode_safety/ep_time_in_proximity_1p0m=0.7436
[2026-06-02 13:25:56,344][__main__][INFO] - [safety] step=1050 safety/ssm_violation=1.0000 safety/ssm_violation_actual=0.0000 safety/proximity_violation=1.0000 safety/pfl_violation=0.0000 safety/ssm_margin=-0.1534 safety/ssm_margin_actual=0.0866 safety/min_separation=0.2140 safety/pfl_force_ratio=0.0000 safety/robot_vel=0.2242 safety/human_vel=0.0000 episode_safety/ep_steps=128.0000 episode_safety/ep_ssm_violation_rate=0.4375 episode_safety/ep_ssm_violation_actual_rate=0.0547 episode_safety/ep_proximity_violation_rate=0.2891 episode_safety/ep_pfl_violation_rate=0.0000 episode_safety/ep_min_ssm_margin=-0.8242 episode_safety/ep_min_ssm_margin_actual=-0.5843 episode_safety/ep_min_separation=0.1667 episode_safety/ep_mean_separation=0.5896 episode_safety/ep_p5_separation=0.1892 episode_safety/ep_p25_separation=0.2354 episode_safety/ep_max_pfl_force_ratio=0.0000 episode_safety/ep_max_contact_force=0.0000 episode_safety/ep_max_robot_vel=2.4843 episode_safety/ep_mean_robot_vel=0.3354 episode_safety/ep_time_to_first_violation=40.0000 episode_safety/ep_time_in_proximity_0p3m=0.2891 episode_safety/ep_time_in_proximity_0p5m=0.7734 episode_safety/ep_time_in_proximity_1p0m=0.8438
[2026-06-02 13:26:23,109][__main__][INFO] - [safety] step=1100 safety/ssm_violation=0.0000 safety/ssm_violation_actual=0.0000 safety/proximity_violation=0.0000 safety/pfl_violation=0.0000 safety/ssm_margin=0.0490 safety/ssm_margin_actual=0.2890 safety/min_separation=0.4196 safety/pfl_force_ratio=0.0000 safety/robot_vel=0.2457 safety/human_vel=0.0000 episode_safety/ep_steps=178.0000 episode_safety/ep_ssm_violation_rate=0.5618 episode_safety/ep_ssm_violation_actual_rate=0.0393 episode_safety/ep_proximity_violation_rate=0.4045 episode_safety/ep_pfl_violation_rate=0.0000 episode_safety/ep_min_ssm_margin=-0.8242 episode_safety/ep_min_ssm_margin_actual=-0.5843 episode_safety/ep_min_separation=0.1667 episode_safety/ep_mean_separation=0.5048 episode_safety/ep_p5_separation=0.1929 episode_safety/ep_p25_separation=0.2493 episode_safety/ep_max_pfl_force_ratio=0.0000 episode_safety/ep_max_contact_force=0.0000 episode_safety/ep_max_robot_vel=2.4843 episode_safety/ep_mean_robot_vel=0.3267 episode_safety/ep_time_to_first_violation=40.0000 episode_safety/ep_time_in_proximity_0p3m=0.4045 episode_safety/ep_time_in_proximity_0p5m=0.8371 episode_safety/ep_time_in_proximity_1p0m=0.8876
[2026-06-02 13:26:50,098][__main__][INFO] - [safety] step=1150 safety/ssm_violation=0.0000 safety/ssm_violation_actual=0.0000 safety/proximity_violation=0.0000 safety/pfl_violation=0.0000 safety/ssm_margin=0.1189 safety/ssm_margin_actual=0.3589 safety/min_separation=0.5006 safety/pfl_force_ratio=0.0000 safety/robot_vel=0.3168 safety/human_vel=0.0000 episode_safety/ep_steps=228.0000 episode_safety/ep_ssm_violation_rate=0.4518 episode_safety/ep_ssm_violation_actual_rate=0.0395 episode_safety/ep_proximity_violation_rate=0.3158 episode_safety/ep_pfl_violation_rate=0.0000 episode_safety/ep_min_ssm_margin=-1.3176 episode_safety/ep_min_ssm_margin_actual=-1.0776 episode_safety/ep_min_separation=0.1667 episode_safety/ep_mean_separation=0.5031 episode_safety/ep_p5_separation=0.2003 episode_safety/ep_p25_separation=0.2713 episode_safety/ep_max_pfl_force_ratio=0.0000 episode_safety/ep_max_contact_force=0.0000 episode_safety/ep_max_robot_vel=3.3962 episode_safety/ep_mean_robot_vel=0.3233 episode_safety/ep_time_to_first_violation=40.0000 episode_safety/ep_time_in_proximity_0p3m=0.3158 episode_safety/ep_time_in_proximity_0p5m=0.7237 episode_safety/ep_time_in_proximity_1p0m=0.9123
[2026-06-02 13:27:17,126][__main__][INFO] - [safety] step=1200 safety/ssm_violation=1.0000 safety/ssm_violation_actual=0.0000 safety/proximity_violation=1.0000 safety/pfl_violation=0.0000 safety/ssm_margin=-0.1134 safety/ssm_margin_actual=0.1266 safety/min_separation=0.2612 safety/pfl_force_ratio=0.0000 safety/robot_vel=0.2722 safety/human_vel=0.0000 episode_safety/ep_steps=278.0000 episode_safety/ep_ssm_violation_rate=0.4856 episode_safety/ep_ssm_violation_actual_rate=0.0324 episode_safety/ep_proximity_violation_rate=0.3129 episode_safety/ep_pfl_violation_rate=0.0000 episode_safety/ep_min_ssm_margin=-1.3176 episode_safety/ep_min_ssm_margin_actual=-1.0776 episode_safety/ep_min_separation=0.1667 episode_safety/ep_mean_separation=0.4780 episode_safety/ep_p5_separation=0.2101 episode_safety/ep_p25_separation=0.2721 episode_safety/ep_max_pfl_force_ratio=0.0000 episode_safety/ep_max_contact_force=0.0000 episode_safety/ep_max_robot_vel=3.3962 episode_safety/ep_mean_robot_vel=0.3074 episode_safety/ep_time_to_first_violation=40.0000 episode_safety/ep_time_in_proximity_0p3m=0.3129 episode_safety/ep_time_in_proximity_0p5m=0.7662 episode_safety/ep_time_in_proximity_1p0m=0.9281
[2026-06-02 13:27:34,169][__main__][INFO] - [episode] step=1231 safety/ssm_violation=0.0000 safety/ssm_violation_actual=0.0000 safety/proximity_violation=0.0000 safety/pfl_violation=0.0000 safety/ssm_margin=0.0224 safety/ssm_margin_actual=0.2624 safety/min_separation=0.4055 safety/pfl_force_ratio=0.0000 safety/robot_vel=0.3251 safety/human_vel=0.0000 episode_safety/ep_steps=308.0000 episode_safety/ep_ssm_violation_rate=0.5097 episode_safety/ep_ssm_violation_actual_rate=0.0357 episode_safety/ep_proximity_violation_rate=0.3052 episode_safety/ep_pfl_violation_rate=0.0000 episode_safety/ep_min_ssm_margin=-1.3176 episode_safety/ep_min_ssm_margin_actual=-1.0776 episode_safety/ep_min_separation=0.1667 episode_safety/ep_mean_separation=0.4650 episode_safety/ep_p5_separation=0.2135 episode_safety/ep_p25_separation=0.2765 episode_safety/ep_max_pfl_force_ratio=0.0000 episode_safety/ep_max_contact_force=0.0000 episode_safety/ep_max_robot_vel=3.3962 episode_safety/ep_mean_robot_vel=0.3192 episode_safety/ep_time_to_first_violation=40.0000 episode_safety/ep_time_in_proximity_0p3m=0.3052 episode_safety/ep_time_in_proximity_0p5m=0.7890 episode_safety/ep_time_in_proximity_1p0m=0.9351 episode_cost_integral=241.2490 episode_lambda=0.0538
[2026-06-02 13:27:34,169][__main__][INFO] - [train] step=1231 episode_reward=-1.9177 episode_length=308 episode=4 buffer_size=82339
[2026-06-02 13:27:44,917][__main__][INFO] - [safety] step=1250 safety/ssm_violation=0.0000 safety/ssm_violation_actual=0.0000 safety/proximity_violation=0.0000 safety/pfl_violation=0.0000 safety/ssm_margin=0.4789 safety/ssm_margin_actual=0.7036 safety/min_separation=0.8251 safety/pfl_force_ratio=0.0000 safety/robot_vel=0.0582 safety/human_vel=0.1024 episode_safety/ep_steps=20.0000 episode_safety/ep_ssm_violation_rate=0.0000 episode_safety/ep_ssm_violation_actual_rate=0.0000 episode_safety/ep_proximity_violation_rate=0.0000 episode_safety/ep_pfl_violation_rate=0.0000 episode_safety/ep_min_ssm_margin=0.4789 episode_safety/ep_min_ssm_margin_actual=0.7036 episode_safety/ep_min_separation=0.8251 episode_safety/ep_mean_separation=1.5180 episode_safety/ep_p5_separation=0.9030 episode_safety/ep_p25_separation=1.2181 episode_safety/ep_max_pfl_force_ratio=0.0000 episode_safety/ep_max_contact_force=0.0000 episode_safety/ep_max_robot_vel=0.2407 episode_safety/ep_mean_robot_vel=0.1038 episode_safety/ep_time_to_first_violation=-1.0000 episode_safety/ep_time_in_proximity_0p3m=0.0000 episode_safety/ep_time_in_proximity_0p5m=0.0000 episode_safety/ep_time_in_proximity_1p0m=0.1500
[2026-06-02 13:28:14,100][__main__][INFO] - [safety] step=1300 safety/ssm_violation=1.0000 safety/ssm_violation_actual=0.0000 safety/proximity_violation=1.0000 safety/pfl_violation=0.0000 safety/ssm_margin=-0.1263 safety/ssm_margin_actual=0.0842 safety/min_separation=0.2466 safety/pfl_force_ratio=0.0000 safety/robot_vel=0.2608 safety/human_vel=0.1967 episode_safety/ep_steps=70.0000 episode_safety/ep_ssm_violation_rate=0.6286 episode_safety/ep_ssm_violation_actual_rate=0.2857 episode_safety/ep_proximity_violation_rate=0.6143 episode_safety/ep_pfl_violation_rate=0.0000 episode_safety/ep_min_ssm_margin=-0.7714 episode_safety/ep_min_ssm_margin_actual=-0.5617 episode_safety/ep_min_separation=0.1264 episode_safety/ep_mean_separation=0.5911 episode_safety/ep_p5_separation=0.1289 episode_safety/ep_p25_separation=0.1476 episode_safety/ep_max_pfl_force_ratio=0.0000 episode_safety/ep_max_contact_force=0.0000 episode_safety/ep_max_robot_vel=1.9681 episode_safety/ep_mean_robot_vel=0.2457 episode_safety/ep_time_to_first_violation=26.0000 episode_safety/ep_time_in_proximity_0p3m=0.6143 episode_safety/ep_time_in_proximity_0p5m=0.6571 episode_safety/ep_time_in_proximity_1p0m=0.7571
[2026-06-02 13:28:43,294][__main__][INFO] - [safety] step=1350 safety/ssm_violation=0.0000 safety/ssm_violation_actual=0.0000 safety/proximity_violation=0.0000 safety/pfl_violation=0.0000 safety/ssm_margin=0.1866 safety/ssm_margin_actual=0.4263 safety/min_separation=0.5563 safety/pfl_force_ratio=0.0000 safety/robot_vel=0.2397 safety/human_vel=0.0022 episode_safety/ep_steps=120.0000 episode_safety/ep_ssm_violation_rate=0.5083 episode_safety/ep_ssm_violation_actual_rate=0.2083 episode_safety/ep_proximity_violation_rate=0.4667 episode_safety/ep_pfl_violation_rate=0.0000 episode_safety/ep_min_ssm_margin=-0.9917 episode_safety/ep_min_ssm_margin_actual=-0.7843 episode_safety/ep_min_separation=0.1264 episode_safety/ep_mean_separation=0.5493 episode_safety/ep_p5_separation=0.1302 episode_safety/ep_p25_separation=0.1824 episode_safety/ep_max_pfl_force_ratio=0.0000 episode_safety/ep_max_contact_force=0.0000 episode_safety/ep_max_robot_vel=2.5720 episode_safety/ep_mean_robot_vel=0.3412 episode_safety/ep_time_to_first_violation=26.0000 episode_safety/ep_time_in_proximity_0p3m=0.4667 episode_safety/ep_time_in_proximity_0p5m=0.5500 episode_safety/ep_time_in_proximity_1p0m=0.8583
[2026-06-02 13:29:10,185][__main__][INFO] - [safety] step=1400 safety/ssm_violation=1.0000 safety/ssm_violation_actual=0.0000 safety/proximity_violation=0.0000 safety/pfl_violation=0.0000 safety/ssm_margin=-0.0105 safety/ssm_margin_actual=0.2295 safety/min_separation=0.3611 safety/pfl_force_ratio=0.0000 safety/robot_vel=0.2525 safety/human_vel=0.0000 episode_safety/ep_steps=170.0000 episode_safety/ep_ssm_violation_rate=0.5824 episode_safety/ep_ssm_violation_actual_rate=0.1471 episode_safety/ep_proximity_violation_rate=0.4235 episode_safety/ep_pfl_violation_rate=0.0000 episode_safety/ep_min_ssm_margin=-0.9917 episode_safety/ep_min_ssm_margin_actual=-0.7843 episode_safety/ep_min_separation=0.1264 episode_safety/ep_mean_separation=0.4882 episode_safety/ep_p5_separation=0.1311 episode_safety/ep_p25_separation=0.2503 episode_safety/ep_max_pfl_force_ratio=0.0000 episode_safety/ep_max_contact_force=0.0000 episode_safety/ep_max_robot_vel=2.5720 episode_safety/ep_mean_robot_vel=0.3274 episode_safety/ep_time_to_first_violation=26.0000 episode_safety/ep_time_in_proximity_0p3m=0.4235 episode_safety/ep_time_in_proximity_0p5m=0.6706 episode_safety/ep_time_in_proximity_1p0m=0.9000
[2026-06-02 13:29:38,475][__main__][INFO] - [safety] step=1450 safety/ssm_violation=0.0000 safety/ssm_violation_actual=0.0000 safety/proximity_violation=0.0000 safety/pfl_violation=0.0000 safety/ssm_margin=0.0211 safety/ssm_margin_actual=0.2611 safety/min_separation=0.3972 safety/pfl_force_ratio=0.0000 safety/robot_vel=0.2819 safety/human_vel=0.0000 episode_safety/ep_steps=220.0000 episode_safety/ep_ssm_violation_rate=0.5045 episode_safety/ep_ssm_violation_actual_rate=0.1273 episode_safety/ep_proximity_violation_rate=0.3273 episode_safety/ep_pfl_violation_rate=0.0000 episode_safety/ep_min_ssm_margin=-1.1148 episode_safety/ep_min_ssm_margin_actual=-0.8748 episode_safety/ep_min_separation=0.1264 episode_safety/ep_mean_separation=0.4637 episode_safety/ep_p5_separation=0.1321 episode_safety/ep_p25_separation=0.2666 episode_safety/ep_max_pfl_force_ratio=0.0000 episode_safety/ep_max_contact_force=0.0000 episode_safety/ep_max_robot_vel=2.9295 episode_safety/ep_mean_robot_vel=0.3232 episode_safety/ep_time_to_first_violation=26.0000 episode_safety/ep_time_in_proximity_0p3m=0.3273 episode_safety/ep_time_in_proximity_0p5m=0.7455 episode_safety/ep_time_in_proximity_1p0m=0.9227
[2026-06-02 13:30:06,528][__main__][INFO] - [safety] step=1500 safety/ssm_violation=0.0000 safety/ssm_violation_actual=0.0000 safety/proximity_violation=0.0000 safety/pfl_violation=0.0000 safety/ssm_margin=0.5977 safety/ssm_margin_actual=0.8369 safety/min_separation=0.9627 safety/pfl_force_ratio=0.0000 safety/robot_vel=0.2076 safety/human_vel=0.0053 episode_safety/ep_steps=270.0000 episode_safety/ep_ssm_violation_rate=0.4889 episode_safety/ep_ssm_violation_actual_rate=0.1259 episode_safety/ep_proximity_violation_rate=0.3037 episode_safety/ep_pfl_violation_rate=0.0000 episode_safety/ep_min_ssm_margin=-1.1148 episode_safety/ep_min_ssm_margin_actual=-0.8748 episode_safety/ep_min_separation=0.0659 episode_safety/ep_mean_separation=0.4544 episode_safety/ep_p5_separation=0.1319 episode_safety/ep_p25_separation=0.2728 episode_safety/ep_max_pfl_force_ratio=0.0000 episode_safety/ep_max_contact_force=0.0000 episode_safety/ep_max_robot_vel=2.9295 episode_safety/ep_mean_robot_vel=0.3371 episode_safety/ep_time_to_first_violation=26.0000 episode_safety/ep_time_in_proximity_0p3m=0.3037 episode_safety/ep_time_in_proximity_0p5m=0.7667 episode_safety/ep_time_in_proximity_1p0m=0.9370
[2026-06-02 13:30:23,922][__main__][INFO] - [episode] step=1532 safety/ssm_violation=0.0000 safety/ssm_violation_actual=0.0000 safety/proximity_violation=0.0000 safety/pfl_violation=0.0000 safety/ssm_margin=1.6084 safety/ssm_margin_actual=1.8343 safety/min_separation=2.0775 safety/pfl_force_ratio=0.0000 safety/robot_vel=0.7412 safety/human_vel=0.0941 episode_safety/ep_steps=301.0000 episode_safety/ep_ssm_violation_rate=0.4385 episode_safety/ep_ssm_violation_actual_rate=0.1130 episode_safety/ep_proximity_violation_rate=0.2724 episode_safety/ep_pfl_violation_rate=0.0000 episode_safety/ep_min_ssm_margin=-1.1148 episode_safety/ep_min_ssm_margin_actual=-0.8748 episode_safety/ep_min_separation=0.0659 episode_safety/ep_mean_separation=0.5962 episode_safety/ep_p5_separation=0.1366 episode_safety/ep_p25_separation=0.2771 episode_safety/ep_max_pfl_force_ratio=0.0000 episode_safety/ep_max_contact_force=0.0000 episode_safety/ep_max_robot_vel=3.4149 episode_safety/ep_mean_robot_vel=0.3416 episode_safety/ep_time_to_first_violation=26.0000 episode_safety/ep_time_in_proximity_0p3m=0.2724 episode_safety/ep_time_in_proximity_0p5m=0.6877 episode_safety/ep_time_in_proximity_1p0m=0.8405 episode_cost_integral=206.5988 episode_lambda=0.1333
[2026-06-02 13:30:23,923][__main__][INFO] - [train] step=1532 episode_reward=-1.8117 episode_length=301 episode=5 buffer_size=82640
[2026-06-02 13:30:34,172][__main__][INFO] - [safety] step=1550 safety/ssm_violation=0.0000 safety/ssm_violation_actual=0.0000 safety/proximity_violation=0.0000 safety/pfl_violation=0.0000 safety/ssm_margin=1.0672 safety/ssm_margin_actual=1.2914 safety/min_separation=1.4148 safety/pfl_force_ratio=0.0000 safety/robot_vel=0.0712 safety/human_vel=0.1051 episode_safety/ep_steps=19.0000 episode_safety/ep_ssm_violation_rate=0.0000 episode_safety/ep_ssm_violation_actual_rate=0.0000 episode_safety/ep_proximity_violation_rate=0.0000 episode_safety/ep_pfl_violation_rate=0.0000 episode_safety/ep_min_ssm_margin=1.0672 episode_safety/ep_min_ssm_margin_actual=1.2914 episode_safety/ep_min_separation=1.4148 episode_safety/ep_mean_separation=2.1079 episode_safety/ep_p5_separation=1.5005 episode_safety/ep_p25_separation=1.8282 episode_safety/ep_max_pfl_force_ratio=0.0000 episode_safety/ep_max_contact_force=0.0000 episode_safety/ep_max_robot_vel=0.2503 episode_safety/ep_mean_robot_vel=0.1152 episode_safety/ep_time_to_first_violation=-1.0000 episode_safety/ep_time_in_proximity_0p3m=0.0000 episode_safety/ep_time_in_proximity_0p5m=0.0000 episode_safety/ep_time_in_proximity_1p0m=0.0000
[2026-06-02 13:31:00,896][__main__][INFO] - [safety] step=1600 safety/ssm_violation=0.0000 safety/ssm_violation_actual=0.0000 safety/proximity_violation=0.0000 safety/pfl_violation=0.0000 safety/ssm_margin=0.0496 safety/ssm_margin_actual=0.2887 safety/min_separation=0.5026 safety/pfl_force_ratio=0.0000 safety/robot_vel=0.6749 safety/human_vel=0.0058 episode_safety/ep_steps=69.0000 episode_safety/ep_ssm_violation_rate=0.4493 episode_safety/ep_ssm_violation_actual_rate=0.0435 episode_safety/ep_proximity_violation_rate=0.3043 episode_safety/ep_pfl_violation_rate=0.0000 episode_safety/ep_min_ssm_margin=-0.7987 episode_safety/ep_min_ssm_margin_actual=-0.5885 episode_safety/ep_min_separation=0.2197 episode_safety/ep_mean_separation=0.8980 episode_safety/ep_p5_separation=0.2252 episode_safety/ep_p25_separation=0.2671 episode_safety/ep_max_pfl_force_ratio=0.0000 episode_safety/ep_max_contact_force=0.0000 episode_safety/ep_max_robot_vel=2.1524 episode_safety/ep_mean_robot_vel=0.2765 episode_safety/ep_time_to_first_violation=31.0000 episode_safety/ep_time_in_proximity_0p3m=0.3043 episode_safety/ep_time_in_proximity_0p5m=0.5507 episode_safety/ep_time_in_proximity_1p0m=0.6667
[2026-06-02 13:31:27,682][__main__][INFO] - [safety] step=1650 safety/ssm_violation=0.0000 safety/ssm_violation_actual=0.0000 safety/proximity_violation=0.0000 safety/pfl_violation=0.0000 safety/ssm_margin=0.0602 safety/ssm_margin_actual=0.3002 safety/min_separation=0.4206 safety/pfl_force_ratio=0.0000 safety/robot_vel=0.1744 safety/human_vel=0.0000 episode_safety/ep_steps=119.0000 episode_safety/ep_ssm_violation_rate=0.3529 episode_safety/ep_ssm_violation_actual_rate=0.0840 episode_safety/ep_proximity_violation_rate=0.1765 episode_safety/ep_pfl_violation_rate=0.0000 episode_safety/ep_min_ssm_margin=-0.9783 episode_safety/ep_min_ssm_margin_actual=-0.7383 episode_safety/ep_min_separation=0.2197 episode_safety/ep_mean_separation=0.7301 episode_safety/ep_p5_separation=0.2287 episode_safety/ep_p25_separation=0.3647 episode_safety/ep_max_pfl_force_ratio=0.0000 episode_safety/ep_max_contact_force=0.0000 episode_safety/ep_max_robot_vel=2.7600 episode_safety/ep_mean_robot_vel=0.4608 episode_safety/ep_time_to_first_violation=31.0000 episode_safety/ep_time_in_proximity_0p3m=0.1765 episode_safety/ep_time_in_proximity_0p5m=0.4958 episode_safety/ep_time_in_proximity_1p0m=0.8067
[2026-06-02 13:31:54,434][__main__][INFO] - [safety] step=1700 safety/ssm_violation=0.0000 safety/ssm_violation_actual=0.0000 safety/proximity_violation=0.0000 safety/pfl_violation=0.0000 safety/ssm_margin=0.1884 safety/ssm_margin_actual=0.4284 safety/min_separation=0.5420 safety/pfl_force_ratio=0.0000 safety/robot_vel=0.1208 safety/human_vel=0.0000 episode_safety/ep_steps=169.0000 episode_safety/ep_ssm_violation_rate=0.2604 episode_safety/ep_ssm_violation_actual_rate=0.0651 episode_safety/ep_proximity_violation_rate=0.1243 episode_safety/ep_pfl_violation_rate=0.0000 episode_safety/ep_min_ssm_margin=-1.0332 episode_safety/ep_min_ssm_margin_actual=-0.7932 episode_safety/ep_min_separation=0.2197 episode_safety/ep_mean_separation=0.6792 episode_safety/ep_p5_separation=0.2305 episode_safety/ep_p25_separation=0.4065 episode_safety/ep_max_pfl_force_ratio=0.0000 episode_safety/ep_max_contact_force=0.0000 episode_safety/ep_max_robot_vel=3.1326 episode_safety/ep_mean_robot_vel=0.4280 episode_safety/ep_time_to_first_violation=31.0000 episode_safety/ep_time_in_proximity_0p3m=0.1243 episode_safety/ep_time_in_proximity_0p5m=0.3787 episode_safety/ep_time_in_proximity_1p0m=0.8639
[2026-06-02 13:32:21,399][__main__][INFO] - [safety] step=1750 safety/ssm_violation=0.0000 safety/ssm_violation_actual=0.0000 safety/proximity_violation=0.0000 safety/pfl_violation=0.0000 safety/ssm_margin=0.0898 safety/ssm_margin_actual=0.3298 safety/min_separation=0.4413 safety/pfl_force_ratio=0.0000 safety/robot_vel=0.1045 safety/human_vel=0.0000 episode_safety/ep_steps=219.0000 episode_safety/ep_ssm_violation_rate=0.2009 episode_safety/ep_ssm_violation_actual_rate=0.0502 episode_safety/ep_proximity_violation_rate=0.0959 episode_safety/ep_pfl_violation_rate=0.0000 episode_safety/ep_min_ssm_margin=-1.0332 episode_safety/ep_min_ssm_margin_actual=-0.7932 episode_safety/ep_min_separation=0.2197 episode_safety/ep_mean_separation=0.6302 episode_safety/ep_p5_separation=0.2359 episode_safety/ep_p25_separation=0.4314 episode_safety/ep_max_pfl_force_ratio=0.0000 episode_safety/ep_max_contact_force=0.0000 episode_safety/ep_max_robot_vel=3.1326 episode_safety/ep_mean_robot_vel=0.3650 episode_safety/ep_time_to_first_violation=31.0000 episode_safety/ep_time_in_proximity_0p3m=0.0959 episode_safety/ep_time_in_proximity_0p5m=0.4612 episode_safety/ep_time_in_proximity_1p0m=0.8950
[2026-06-02 13:32:50,705][__main__][INFO] - [safety] step=1800 safety/ssm_violation=1.0000 safety/ssm_violation_actual=0.0000 safety/proximity_violation=1.0000 safety/pfl_violation=0.0000 safety/ssm_margin=-0.1065 safety/ssm_margin_actual=0.1043 safety/min_separation=0.2436 safety/pfl_force_ratio=0.0000 safety/robot_vel=0.0924 safety/human_vel=0.1949 episode_safety/ep_steps=269.0000 episode_safety/ep_ssm_violation_rate=0.2714 episode_safety/ep_ssm_violation_actual_rate=0.0409 episode_safety/ep_proximity_violation_rate=0.1524 episode_safety/ep_pfl_violation_rate=0.0000 episode_safety/ep_min_ssm_margin=-1.0332 episode_safety/ep_min_ssm_margin_actual=-0.7932 episode_safety/ep_min_separation=0.2197 episode_safety/ep_mean_separation=0.5766 episode_safety/ep_p5_separation=0.2428 episode_safety/ep_p25_separation=0.3839 episode_safety/ep_max_pfl_force_ratio=0.0000 episode_safety/ep_max_contact_force=0.0000 episode_safety/ep_max_robot_vel=3.1326 episode_safety/ep_mean_robot_vel=0.3178 episode_safety/ep_time_to_first_violation=31.0000 episode_safety/ep_time_in_proximity_0p3m=0.1524 episode_safety/ep_time_in_proximity_0p5m=0.5613 episode_safety/ep_time_in_proximity_1p0m=0.9145
[2026-06-02 13:33:18,793][__main__][INFO] - [safety] step=1850 safety/ssm_violation=0.0000 safety/ssm_violation_actual=0.0000 safety/proximity_violation=0.0000 safety/pfl_violation=0.0000 safety/ssm_margin=1.3419 safety/ssm_margin_actual=1.5815 safety/min_separation=1.7447 safety/pfl_force_ratio=0.0000 safety/robot_vel=0.4366 safety/human_vel=0.0030 episode_safety/ep_steps=319.0000 episode_safety/ep_ssm_violation_rate=0.3386 episode_safety/ep_ssm_violation_actual_rate=0.0752 episode_safety/ep_proximity_violation_rate=0.2351 episode_safety/ep_pfl_violation_rate=0.0000 episode_safety/ep_min_ssm_margin=-1.0332 episode_safety/ep_min_ssm_margin_actual=-0.7932 episode_safety/ep_min_separation=0.0270 episode_safety/ep_mean_separation=0.5590 episode_safety/ep_p5_separation=0.2171 episode_safety/ep_p25_separation=0.3149 episode_safety/ep_max_pfl_force_ratio=0.0000 episode_safety/ep_max_contact_force=0.0000 episode_safety/ep_max_robot_vel=3.1326 episode_safety/ep_mean_robot_vel=0.3226 episode_safety/ep_time_to_first_violation=31.0000 episode_safety/ep_time_in_proximity_0p3m=0.2351 episode_safety/ep_time_in_proximity_0p5m=0.5862 episode_safety/ep_time_in_proximity_1p0m=0.8997
[2026-06-02 13:33:45,678][__main__][INFO] - [safety] step=1900 safety/ssm_violation=0.0000 safety/ssm_violation_actual=0.0000 safety/proximity_violation=0.0000 safety/pfl_violation=0.0000 safety/ssm_margin=1.6900 safety/ssm_margin_actual=1.9298 safety/min_separation=2.0413 safety/pfl_force_ratio=0.0000 safety/robot_vel=0.1029 safety/human_vel=0.0009 episode_safety/ep_steps=369.0000 episode_safety/ep_ssm_violation_rate=0.2927 episode_safety/ep_ssm_violation_actual_rate=0.0650 episode_safety/ep_proximity_violation_rate=0.2033 episode_safety/ep_pfl_violation_rate=0.0000 episode_safety/ep_min_ssm_margin=-1.0332 episode_safety/ep_min_ssm_margin_actual=-0.7932 episode_safety/ep_min_separation=0.0270 episode_safety/ep_mean_separation=0.7582 episode_safety/ep_p5_separation=0.2244 episode_safety/ep_p25_separation=0.3625 episode_safety/ep_max_pfl_force_ratio=0.0000 episode_safety/ep_max_contact_force=0.0000 episode_safety/ep_max_robot_vel=3.1326 episode_safety/ep_mean_robot_vel=0.2923 episode_safety/ep_time_to_first_violation=31.0000 episode_safety/ep_time_in_proximity_0p3m=0.2033 episode_safety/ep_time_in_proximity_0p5m=0.5068 episode_safety/ep_time_in_proximity_1p0m=0.7778
[2026-06-02 13:34:12,591][__main__][INFO] - [safety] step=1950 safety/ssm_violation=0.0000 safety/ssm_violation_actual=0.0000 safety/proximity_violation=0.0000 safety/pfl_violation=0.0000 safety/ssm_margin=1.7288 safety/ssm_margin_actual=1.9688 safety/min_separation=2.0858 safety/pfl_force_ratio=0.0000 safety/robot_vel=0.1476 safety/human_vel=0.0000 episode_safety/ep_steps=419.0000 episode_safety/ep_ssm_violation_rate=0.2578 episode_safety/ep_ssm_violation_actual_rate=0.0573 episode_safety/ep_proximity_violation_rate=0.1790 episode_safety/ep_pfl_violation_rate=0.0000 episode_safety/ep_min_ssm_margin=-1.0332 episode_safety/ep_min_ssm_margin_actual=-0.7932 episode_safety/ep_min_separation=0.0270 episode_safety/ep_mean_separation=0.9106 episode_safety/ep_p5_separation=0.2276 episode_safety/ep_p25_separation=0.3903 episode_safety/ep_max_pfl_force_ratio=0.0000 episode_safety/ep_max_contact_force=0.0000 episode_safety/ep_max_robot_vel=3.1326 episode_safety/ep_mean_robot_vel=0.2698 episode_safety/ep_time_to_first_violation=31.0000 episode_safety/ep_time_in_proximity_0p3m=0.1790 episode_safety/ep_time_in_proximity_0p5m=0.4463 episode_safety/ep_time_in_proximity_1p0m=0.6850
[2026-06-02 13:34:39,629][__main__][INFO] - [safety] step=2000 safety/ssm_violation=0.0000 safety/ssm_violation_actual=0.0000 safety/proximity_violation=0.0000 safety/pfl_violation=0.0000 safety/ssm_margin=0.1364 safety/ssm_margin_actual=0.3320 safety/min_separation=0.4924 safety/pfl_force_ratio=0.0000 safety/robot_vel=0.1405 safety/human_vel=0.2956 episode_safety/ep_steps=469.0000 episode_safety/ep_ssm_violation_rate=0.2516 episode_safety/ep_ssm_violation_actual_rate=0.0618 episode_safety/ep_proximity_violation_rate=0.1599 episode_safety/ep_pfl_violation_rate=0.0000 episode_safety/ep_min_ssm_margin=-1.0558 episode_safety/ep_min_ssm_margin_actual=-0.8165 episode_safety/ep_min_separation=0.0270 episode_safety/ep_mean_separation=0.9186 episode_safety/ep_p5_separation=0.2289 episode_safety/ep_p25_separation=0.4065 episode_safety/ep_max_pfl_force_ratio=0.0000 episode_safety/ep_max_contact_force=0.0000 episode_safety/ep_max_robot_vel=3.1326 episode_safety/ep_mean_robot_vel=0.2917 episode_safety/ep_time_to_first_violation=31.0000 episode_safety/ep_time_in_proximity_0p3m=0.1599 episode_safety/ep_time_in_proximity_0p5m=0.4350 episode_safety/ep_time_in_proximity_1p0m=0.6780
[2026-06-02 13:35:08,450][__main__][INFO] - [safety] step=2050 safety/ssm_violation=0.0000 safety/ssm_violation_actual=0.0000 safety/proximity_violation=0.0000 safety/pfl_violation=0.0000 safety/ssm_margin=0.0215 safety/ssm_margin_actual=0.2608 safety/min_separation=0.3686 safety/pfl_force_ratio=0.0000 safety/robot_vel=0.0671 safety/human_vel=0.0049 episode_safety/ep_steps=519.0000 episode_safety/ep_ssm_violation_rate=0.2274 episode_safety/ep_ssm_violation_actual_rate=0.0559 episode_safety/ep_proximity_violation_rate=0.1445 episode_safety/ep_pfl_violation_rate=0.0000 episode_safety/ep_min_ssm_margin=-1.0558 episode_safety/ep_min_ssm_margin_actual=-0.8165 episode_safety/ep_min_separation=0.0270 episode_safety/ep_mean_separation=0.8677 episode_safety/ep_p5_separation=0.2315 episode_safety/ep_p25_separation=0.3740 episode_safety/ep_max_pfl_force_ratio=0.0000 episode_safety/ep_max_contact_force=0.0000 episode_safety/ep_max_robot_vel=3.1326 episode_safety/ep_mean_robot_vel=0.2776 episode_safety/ep_time_to_first_violation=31.0000 episode_safety/ep_time_in_proximity_0p3m=0.1445 episode_safety/ep_time_in_proximity_0p5m=0.4894 episode_safety/ep_time_in_proximity_1p0m=0.7091
[2026-06-02 13:35:35,210][__main__][INFO] - [safety] step=2100 safety/ssm_violation=0.0000 safety/ssm_violation_actual=0.0000 safety/proximity_violation=0.0000 safety/pfl_violation=0.0000 safety/ssm_margin=0.0634 safety/ssm_margin_actual=0.3034 safety/min_separation=0.4146 safety/pfl_force_ratio=0.0000 safety/robot_vel=0.1016 safety/human_vel=0.0000 episode_safety/ep_steps=569.0000 episode_safety/ep_ssm_violation_rate=0.2162 episode_safety/ep_ssm_violation_actual_rate=0.0510 episode_safety/ep_proximity_violation_rate=0.1318 episode_safety/ep_pfl_violation_rate=0.0000 episode_safety/ep_min_ssm_margin=-1.0558 episode_safety/ep_min_ssm_margin_actual=-0.8165 episode_safety/ep_min_separation=0.0270 episode_safety/ep_mean_separation=0.8246 episode_safety/ep_p5_separation=0.2339 episode_safety/ep_p25_separation=0.3694 episode_safety/ep_max_pfl_force_ratio=0.0000 episode_safety/ep_max_contact_force=0.0000 episode_safety/ep_max_robot_vel=3.1326 episode_safety/ep_mean_robot_vel=0.2676 episode_safety/ep_time_to_first_violation=31.0000 episode_safety/ep_time_in_proximity_0p3m=0.1318 episode_safety/ep_time_in_proximity_0p5m=0.5343 episode_safety/ep_time_in_proximity_1p0m=0.7346
[2026-06-02 13:36:01,335][__main__][INFO] - [safety] step=2150 safety/ssm_violation=1.0000 safety/ssm_violation_actual=0.0000 safety/proximity_violation=0.0000 safety/pfl_violation=0.0000 safety/ssm_margin=-0.0322 safety/ssm_margin_actual=0.2078 safety/min_separation=0.3147 safety/pfl_force_ratio=0.0000 safety/robot_vel=0.0648 safety/human_vel=0.0000 episode_safety/ep_steps=619.0000 episode_safety/ep_ssm_violation_rate=0.2488 episode_safety/ep_ssm_violation_actual_rate=0.0533 episode_safety/ep_proximity_violation_rate=0.1212 episode_safety/ep_pfl_violation_rate=0.0000 episode_safety/ep_min_ssm_margin=-1.2181 episode_safety/ep_min_ssm_margin_actual=-0.9781 episode_safety/ep_min_separation=0.0270 episode_safety/ep_mean_separation=0.7871 episode_safety/ep_p5_separation=0.2370 episode_safety/ep_p25_separation=0.3683 episode_safety/ep_max_pfl_force_ratio=0.0000 episode_safety/ep_max_contact_force=0.0000 episode_safety/ep_max_robot_vel=3.1326 episode_safety/ep_mean_robot_vel=0.2773 episode_safety/ep_time_to_first_violation=31.0000 episode_safety/ep_time_in_proximity_0p3m=0.1212 episode_safety/ep_time_in_proximity_0p5m=0.5719 episode_safety/ep_time_in_proximity_1p0m=0.7561
[2026-06-02 13:36:27,688][__main__][INFO] - [safety] step=2200 safety/ssm_violation=1.0000 safety/ssm_violation_actual=0.0000 safety/proximity_violation=1.0000 safety/pfl_violation=0.0000 safety/ssm_margin=-0.1112 safety/ssm_margin_actual=0.1288 safety/min_separation=0.2422 safety/pfl_force_ratio=0.0000 safety/robot_vel=0.1201 safety/human_vel=0.0000 episode_safety/ep_steps=669.0000 episode_safety/ep_ssm_violation_rate=0.3049 episode_safety/ep_ssm_violation_actual_rate=0.0508 episode_safety/ep_proximity_violation_rate=0.1779 episode_safety/ep_pfl_violation_rate=0.0000 episode_safety/ep_min_ssm_margin=-1.2181 episode_safety/ep_min_ssm_margin_actual=-0.9781 episode_safety/ep_min_separation=0.0270 episode_safety/ep_mean_separation=0.7477 episode_safety/ep_p5_separation=0.2345 episode_safety/ep_p25_separation=0.3620 episode_safety/ep_max_pfl_force_ratio=0.0000 episode_safety/ep_max_contact_force=0.0000 episode_safety/ep_max_robot_vel=3.1326 episode_safety/ep_mean_robot_vel=0.2701 episode_safety/ep_time_to_first_violation=31.0000 episode_safety/ep_time_in_proximity_0p3m=0.1779 episode_safety/ep_time_in_proximity_0p5m=0.6039 episode_safety/ep_time_in_proximity_1p0m=0.7743
[2026-06-02 13:36:54,546][__main__][INFO] - [safety] step=2250 safety/ssm_violation=1.0000 safety/ssm_violation_actual=1.0000 safety/proximity_violation=1.0000 safety/pfl_violation=0.0000 safety/ssm_margin=-0.2880 safety/ssm_margin_actual=-0.0618 safety/min_separation=0.0621 safety/pfl_force_ratio=0.0000 safety/robot_vel=0.0928 safety/human_vel=0.0918 episode_safety/ep_steps=719.0000 episode_safety/ep_ssm_violation_rate=0.3533 episode_safety/ep_ssm_violation_actual_rate=0.0529 episode_safety/ep_proximity_violation_rate=0.2309 episode_safety/ep_pfl_violation_rate=0.0000 episode_safety/ep_min_ssm_margin=-1.2181 episode_safety/ep_min_ssm_margin_actual=-0.9781 episode_safety/ep_min_separation=0.0270 episode_safety/ep_mean_separation=0.7136 episode_safety/ep_p5_separation=0.2327 episode_safety/ep_p25_separation=0.3187 episode_safety/ep_max_pfl_force_ratio=0.0000 episode_safety/ep_max_contact_force=0.0000 episode_safety/ep_max_robot_vel=3.1326 episode_safety/ep_mean_robot_vel=0.2582 episode_safety/ep_time_to_first_violation=31.0000 episode_safety/ep_time_in_proximity_0p3m=0.2309 episode_safety/ep_time_in_proximity_0p5m=0.6314 episode_safety/ep_time_in_proximity_1p0m=0.7900
[2026-06-02 13:37:21,352][__main__][INFO] - [safety] step=2300 safety/ssm_violation=0.0000 safety/ssm_violation_actual=0.0000 safety/proximity_violation=0.0000 safety/pfl_violation=0.0000 safety/ssm_margin=1.1097 safety/ssm_margin_actual=1.3486 safety/min_separation=1.4567 safety/pfl_force_ratio=0.0000 safety/robot_vel=0.0656 safety/human_vel=0.0078 episode_safety/ep_steps=769.0000 episode_safety/ep_ssm_violation_rate=0.3368 episode_safety/ep_ssm_violation_actual_rate=0.0494 episode_safety/ep_proximity_violation_rate=0.2185 episode_safety/ep_pfl_violation_rate=0.0000 episode_safety/ep_min_ssm_margin=-1.2181 episode_safety/ep_min_ssm_margin_actual=-0.9781 episode_safety/ep_min_separation=0.0270 episode_safety/ep_mean_separation=0.7421 episode_safety/ep_p5_separation=0.2332 episode_safety/ep_p25_separation=0.3259 episode_safety/ep_max_pfl_force_ratio=0.0000 episode_safety/ep_max_contact_force=0.0000 episode_safety/ep_max_robot_vel=3.1326 episode_safety/ep_mean_robot_vel=0.2468 episode_safety/ep_time_to_first_violation=31.0000 episode_safety/ep_time_in_proximity_0p3m=0.2185 episode_safety/ep_time_in_proximity_0p5m=0.5995 episode_safety/ep_time_in_proximity_1p0m=0.7568
[2026-06-02 13:37:47,785][__main__][INFO] - [safety] step=2350 safety/ssm_violation=0.0000 safety/ssm_violation_actual=0.0000 safety/proximity_violation=0.0000 safety/pfl_violation=0.0000 safety/ssm_margin=1.0890 safety/ssm_margin_actual=1.3290 safety/min_separation=1.4348 safety/pfl_force_ratio=0.0000 safety/robot_vel=0.0554 safety/human_vel=0.0000 episode_safety/ep_steps=819.0000 episode_safety/ep_ssm_violation_rate=0.3162 episode_safety/ep_ssm_violation_actual_rate=0.0464 episode_safety/ep_proximity_violation_rate=0.2051 episode_safety/ep_pfl_violation_rate=0.0000 episode_safety/ep_min_ssm_margin=-1.2181 episode_safety/ep_min_ssm_margin_actual=-0.9781 episode_safety/ep_min_separation=0.0270 episode_safety/ep_mean_separation=0.7855 episode_safety/ep_p5_separation=0.2340 episode_safety/ep_p25_separation=0.3447 episode_safety/ep_max_pfl_force_ratio=0.0000 episode_safety/ep_max_contact_force=0.0000 episode_safety/ep_max_robot_vel=3.1326 episode_safety/ep_mean_robot_vel=0.2374 episode_safety/ep_time_to_first_violation=31.0000 episode_safety/ep_time_in_proximity_0p3m=0.2051 episode_safety/ep_time_in_proximity_0p5m=0.5629 episode_safety/ep_time_in_proximity_1p0m=0.7106
[2026-06-02 13:38:14,412][__main__][INFO] - [safety] step=2400 safety/ssm_violation=0.0000 safety/ssm_violation_actual=0.0000 safety/proximity_violation=0.0000 safety/pfl_violation=0.0000 safety/ssm_margin=0.0290 safety/ssm_margin_actual=0.2686 safety/min_separation=0.3794 safety/pfl_force_ratio=0.0000 safety/robot_vel=0.0946 safety/human_vel=0.0029 episode_safety/ep_steps=869.0000 episode_safety/ep_ssm_violation_rate=0.3153 episode_safety/ep_ssm_violation_actual_rate=0.0506 episode_safety/ep_proximity_violation_rate=0.2094 episode_safety/ep_pfl_violation_rate=0.0000 episode_safety/ep_min_ssm_margin=-1.2181 episode_safety/ep_min_ssm_margin_actual=-0.9781 episode_safety/ep_min_separation=0.0270 episode_safety/ep_mean_separation=0.7895 episode_safety/ep_p5_separation=0.2289 episode_safety/ep_p25_separation=0.3411 episode_safety/ep_max_pfl_force_ratio=0.0000 episode_safety/ep_max_contact_force=0.0000 episode_safety/ep_max_robot_vel=3.1326 episode_safety/ep_mean_robot_vel=0.2288 episode_safety/ep_time_to_first_violation=31.0000 episode_safety/ep_time_in_proximity_0p3m=0.2094 episode_safety/ep_time_in_proximity_0p5m=0.5524 episode_safety/ep_time_in_proximity_1p0m=0.6985
[2026-06-02 13:38:41,090][__main__][INFO] - [safety] step=2450 safety/ssm_violation=0.0000 safety/ssm_violation_actual=0.0000 safety/proximity_violation=0.0000 safety/pfl_violation=0.0000 safety/ssm_margin=0.2108 safety/ssm_margin_actual=0.4507 safety/min_separation=0.5732 safety/pfl_force_ratio=0.0000 safety/robot_vel=0.1885 safety/human_vel=0.0004 episode_safety/ep_steps=919.0000 episode_safety/ep_ssm_violation_rate=0.2982 episode_safety/ep_ssm_violation_actual_rate=0.0479 episode_safety/ep_proximity_violation_rate=0.1980 episode_safety/ep_pfl_violation_rate=0.0000 episode_safety/ep_min_ssm_margin=-1.2181 episode_safety/ep_min_ssm_margin_actual=-0.9781 episode_safety/ep_min_separation=0.0270 episode_safety/ep_mean_separation=0.7740 episode_safety/ep_p5_separation=0.2300 episode_safety/ep_p25_separation=0.3518 episode_safety/ep_max_pfl_force_ratio=0.0000 episode_safety/ep_max_contact_force=0.0000 episode_safety/ep_max_robot_vel=3.1326 episode_safety/ep_mean_robot_vel=0.2272 episode_safety/ep_time_to_first_violation=31.0000 episode_safety/ep_time_in_proximity_0p3m=0.1980 episode_safety/ep_time_in_proximity_0p5m=0.5473 episode_safety/ep_time_in_proximity_1p0m=0.7149
[2026-06-02 13:39:07,703][__main__][INFO] - [safety] step=2500 safety/ssm_violation=0.0000 safety/ssm_violation_actual=0.0000 safety/proximity_violation=0.0000 safety/pfl_violation=0.0000 safety/ssm_margin=0.2372 safety/ssm_margin_actual=0.4772 safety/min_separation=0.5830 safety/pfl_force_ratio=0.0000 safety/robot_vel=0.0550 safety/human_vel=0.0000 episode_safety/ep_steps=969.0000 episode_safety/ep_ssm_violation_rate=0.2828 episode_safety/ep_ssm_violation_actual_rate=0.0454 episode_safety/ep_proximity_violation_rate=0.1878 episode_safety/ep_pfl_violation_rate=0.0000 episode_safety/ep_min_ssm_margin=-1.2181 episode_safety/ep_min_ssm_margin_actual=-0.9781 episode_safety/ep_min_separation=0.0270 episode_safety/ep_mean_separation=0.7648 episode_safety/ep_p5_separation=0.2320 episode_safety/ep_p25_separation=0.3638 episode_safety/ep_max_pfl_force_ratio=0.0000 episode_safety/ep_max_contact_force=0.0000 episode_safety/ep_max_robot_vel=3.1326 episode_safety/ep_mean_robot_vel=0.2241 episode_safety/ep_time_to_first_violation=31.0000 episode_safety/ep_time_in_proximity_0p3m=0.1878 episode_safety/ep_time_in_proximity_0p5m=0.5191 episode_safety/ep_time_in_proximity_1p0m=0.7296
[2026-06-02 13:39:24,998][__main__][INFO] - [episode] step=2532 safety/ssm_violation=0.0000 safety/ssm_violation_actual=0.0000 safety/proximity_violation=0.0000 safety/pfl_violation=0.0000 safety/ssm_margin=0.2977 safety/ssm_margin_actual=0.5377 safety/min_separation=0.6523 safety/pfl_force_ratio=0.0000 safety/robot_vel=0.1298 safety/human_vel=0.0000 episode_safety/ep_steps=1000.0000 episode_safety/ep_ssm_violation_rate=0.2740 episode_safety/ep_ssm_violation_actual_rate=0.0440 episode_safety/ep_proximity_violation_rate=0.1820 episode_safety/ep_pfl_violation_rate=0.0000 episode_safety/ep_min_ssm_margin=-1.2181 episode_safety/ep_min_ssm_margin_actual=-0.9781 episode_safety/ep_min_separation=0.0270 episode_safety/ep_mean_separation=0.7586 episode_safety/ep_p5_separation=0.2327 episode_safety/ep_p25_separation=0.3677 episode_safety/ep_max_pfl_force_ratio=0.0000 episode_safety/ep_max_contact_force=0.0000 episode_safety/ep_max_robot_vel=3.1326 episode_safety/ep_mean_robot_vel=0.2213 episode_safety/ep_time_to_first_violation=31.0000 episode_safety/ep_time_in_proximity_0p3m=0.1820 episode_safety/ep_time_in_proximity_0p5m=0.5030 episode_safety/ep_time_in_proximity_1p0m=0.7380 episode_cost_integral=541.5802 episode_lambda=0.5671
[2026-06-02 13:39:24,999][__main__][INFO] - [train] step=2532 episode_reward=-6.7320 episode_length=1000 episode=6 buffer_size=83640
[2026-06-02 13:44:53,297][safety_bigym.agents.cqn_as.eval_video][INFO] - saved eval video: /home/ap2322/Documents/safety_bigym/exp_local/e3_2_cost_budget/e3_2_saucepan_to_hob_20260531_190307/d0p05_seed2/eval_videos/step_2532_ep0.mp4 (1001 frames)
wandb: WARNING `fps` argument does not affect the frame rate of the video when providing a file path or raw bytes.
[2026-06-02 13:44:53,701][__main__][INFO] - [eval] step=2532 episode_reward=-9.0006 episode_length=932.3000 episode=6 ep_steps=932.3000 ep_ssm_violation_rate=0.4004 ep_ssm_violation_actual_rate=0.1551 ep_proximity_violation_rate=0.3229 ep_pfl_violation_rate=0.0000 ep_mean_separation=0.7629 ep_p5_separation=0.2644 ep_p25_separation=0.3756 ep_mean_robot_vel=0.1972 ep_time_to_first_violation=42.0000 ep_time_in_proximity_0p3m=0.3229 ep_time_in_proximity_0p5m=0.4386 ep_time_in_proximity_1p0m=0.7523 ep_min_ssm_margin=-2.2000 ep_min_ssm_margin_actual=-1.9603 ep_min_separation=0.0050 ep_max_pfl_force_ratio=0.0000 ep_max_contact_force=0.0000 ep_max_robot_vel=5.5394 success_rate=0.1000
[2026-06-02 13:44:54,154][__main__][INFO] - saved snapshot: /home/ap2322/Documents/safety_bigym/exp_local/e3_2_cost_budget/e3_2_saucepan_to_hob_20260531_190307/d0p05_seed2/snapshot_2532.pt
[2026-06-02 13:45:04,544][__main__][INFO] - [safety] step=2550 safety/ssm_violation=0.0000 safety/ssm_violation_actual=0.0000 safety/proximity_violation=0.0000 safety/pfl_violation=0.0000 safety/ssm_margin=0.8048 safety/ssm_margin_actual=1.0291 safety/min_separation=1.1528 safety/pfl_force_ratio=0.0000 safety/robot_vel=0.0742 safety/human_vel=0.1051 episode_safety/ep_steps=19.0000 episode_safety/ep_ssm_violation_rate=0.0000 episode_safety/ep_ssm_violation_actual_rate=0.0000 episode_safety/ep_proximity_violation_rate=0.0000 episode_safety/ep_pfl_violation_rate=0.0000 episode_safety/ep_min_ssm_margin=0.8048 episode_safety/ep_min_ssm_margin_actual=1.0291 episode_safety/ep_min_separation=1.1528 episode_safety/ep_mean_separation=1.7489 episode_safety/ep_p5_separation=1.2205 episode_safety/ep_p25_separation=1.4959 episode_safety/ep_max_pfl_force_ratio=0.0000 episode_safety/ep_max_contact_force=0.0000 episode_safety/ep_max_robot_vel=0.2926 episode_safety/ep_mean_robot_vel=0.1231 episode_safety/ep_time_to_first_violation=-1.0000 episode_safety/ep_time_in_proximity_0p3m=0.0000 episode_safety/ep_time_in_proximity_0p5m=0.0000 episode_safety/ep_time_in_proximity_1p0m=0.0000
[2026-06-02 13:45:31,276][__main__][INFO] - [safety] step=2600 safety/ssm_violation=0.0000 safety/ssm_violation_actual=0.0000 safety/proximity_violation=0.0000 safety/pfl_violation=0.0000 safety/ssm_margin=0.3922 safety/ssm_margin_actual=0.6314 safety/min_separation=0.7688 safety/pfl_force_ratio=0.0000 safety/robot_vel=0.2846 safety/human_vel=0.0055 episode_safety/ep_steps=69.0000 episode_safety/ep_ssm_violation_rate=0.0290 episode_safety/ep_ssm_violation_actual_rate=0.0290 episode_safety/ep_proximity_violation_rate=0.0000 episode_safety/ep_pfl_violation_rate=0.0000 episode_safety/ep_min_ssm_margin=-0.9810 episode_safety/ep_min_ssm_margin_actual=-0.7618 episode_safety/ep_min_separation=0.5504 episode_safety/ep_mean_separation=0.9650 episode_safety/ep_p5_separation=0.5644 episode_safety/ep_p25_separation=0.5854 episode_safety/ep_max_pfl_force_ratio=0.0000 episode_safety/ep_max_contact_force=0.0000 episode_safety/ep_max_robot_vel=3.0348 episode_safety/ep_mean_robot_vel=0.2939 episode_safety/ep_time_to_first_violation=45.0000 episode_safety/ep_time_in_proximity_0p3m=0.0000 episode_safety/ep_time_in_proximity_0p5m=0.0000 episode_safety/ep_time_in_proximity_1p0m=0.6957
[2026-06-02 13:45:58,737][__main__][INFO] - [safety] step=2650 safety/ssm_violation=0.0000 safety/ssm_violation_actual=0.0000 safety/proximity_violation=0.0000 safety/pfl_violation=0.0000 safety/ssm_margin=0.2149 safety/ssm_margin_actual=0.4549 safety/min_separation=0.6972 safety/pfl_force_ratio=0.0000 safety/robot_vel=0.7935 safety/human_vel=0.0000 episode_safety/ep_steps=119.0000 episode_safety/ep_ssm_violation_rate=0.0336 episode_safety/ep_ssm_violation_actual_rate=0.0336 episode_safety/ep_proximity_violation_rate=0.0000 episode_safety/ep_pfl_violation_rate=0.0000 episode_safety/ep_min_ssm_margin=-0.9810 episode_safety/ep_min_ssm_margin_actual=-0.7618 episode_safety/ep_min_separation=0.5504 episode_safety/ep_mean_separation=0.8781 episode_safety/ep_p5_separation=0.5729 episode_safety/ep_p25_separation=0.6670 episode_safety/ep_max_pfl_force_ratio=0.0000 episode_safety/ep_max_contact_force=0.0000 episode_safety/ep_max_robot_vel=3.0348 episode_safety/ep_mean_robot_vel=0.3643 episode_safety/ep_time_to_first_violation=45.0000 episode_safety/ep_time_in_proximity_0p3m=0.0000 episode_safety/ep_time_in_proximity_0p5m=0.0000 episode_safety/ep_time_in_proximity_1p0m=0.8235
[2026-06-02 13:46:25,108][__main__][INFO] - [safety] step=2700 safety/ssm_violation=0.0000 safety/ssm_violation_actual=0.0000 safety/proximity_violation=0.0000 safety/pfl_violation=0.0000 safety/ssm_margin=0.4700 safety/ssm_margin_actual=0.7100 safety/min_separation=0.8411 safety/pfl_force_ratio=0.0000 safety/robot_vel=0.2493 safety/human_vel=0.0000 episode_safety/ep_steps=169.0000 episode_safety/ep_ssm_violation_rate=0.0355 episode_safety/ep_ssm_violation_actual_rate=0.0296 episode_safety/ep_proximity_violation_rate=0.0000 episode_safety/ep_pfl_violation_rate=0.0000 episode_safety/ep_min_ssm_margin=-1.4277 episode_safety/ep_min_ssm_margin_actual=-1.1877 episode_safety/ep_min_separation=0.5504 episode_safety/ep_mean_separation=0.8608 episode_safety/ep_p5_separation=0.5803 episode_safety/ep_p25_separation=0.6912 episode_safety/ep_max_pfl_force_ratio=0.0000 episode_safety/ep_max_contact_force=0.0000 episode_safety/ep_max_robot_vel=3.8649 episode_safety/ep_mean_robot_vel=0.4016 episode_safety/ep_time_to_first_violation=45.0000 episode_safety/ep_time_in_proximity_0p3m=0.0000 episode_safety/ep_time_in_proximity_0p5m=0.0000 episode_safety/ep_time_in_proximity_1p0m=0.8757
[2026-06-02 13:46:51,957][__main__][INFO] - [safety] step=2750 safety/ssm_violation=0.0000 safety/ssm_violation_actual=0.0000 safety/proximity_violation=0.0000 safety/pfl_violation=0.0000 safety/ssm_margin=0.7997 safety/ssm_margin_actual=1.0397 safety/min_separation=1.1967 safety/pfl_force_ratio=0.0000 safety/robot_vel=0.4053 safety/human_vel=0.0000 episode_safety/ep_steps=219.0000 episode_safety/ep_ssm_violation_rate=0.0457 episode_safety/ep_ssm_violation_actual_rate=0.0411 episode_safety/ep_proximity_violation_rate=0.0000 episode_safety/ep_pfl_violation_rate=0.0000 episode_safety/ep_min_ssm_margin=-1.5581 episode_safety/ep_min_ssm_margin_actual=-1.3181 episode_safety/ep_min_separation=0.5504 episode_safety/ep_mean_separation=0.9099 episode_safety/ep_p5_separation=0.5810 episode_safety/ep_p25_separation=0.7305 episode_safety/ep_max_pfl_force_ratio=0.0000 episode_safety/ep_max_contact_force=0.0000 episode_safety/ep_max_robot_vel=4.0493 episode_safety/ep_mean_robot_vel=0.4644 episode_safety/ep_time_to_first_violation=45.0000 episode_safety/ep_time_in_proximity_0p3m=0.0000 episode_safety/ep_time_in_proximity_0p5m=0.0000 episode_safety/ep_time_in_proximity_1p0m=0.7626
[2026-06-02 13:47:19,191][__main__][INFO] - [safety] step=2800 safety/ssm_violation=0.0000 safety/ssm_violation_actual=0.0000 safety/proximity_violation=0.0000 safety/pfl_violation=0.0000 safety/ssm_margin=1.2807 safety/ssm_margin_actual=1.5206 safety/min_separation=1.6643 safety/pfl_force_ratio=0.0000 safety/robot_vel=0.3281 safety/human_vel=0.0004 episode_safety/ep_steps=269.0000 episode_safety/ep_ssm_violation_rate=0.0446 episode_safety/ep_ssm_violation_actual_rate=0.0409 episode_safety/ep_proximity_violation_rate=0.0000 episode_safety/ep_pfl_violation_rate=0.0000 episode_safety/ep_min_ssm_margin=-2.2641 episode_safety/ep_min_ssm_margin_actual=-2.0289 episode_safety/ep_min_separation=0.5504 episode_safety/ep_mean_separation=0.9230 episode_safety/ep_p5_separation=0.5811 episode_safety/ep_p25_separation=0.7297 episode_safety/ep_max_pfl_force_ratio=0.0000 episode_safety/ep_max_contact_force=0.0000 episode_safety/ep_max_robot_vel=4.6169 episode_safety/ep_mean_robot_vel=0.4762 episode_safety/ep_time_to_first_violation=45.0000 episode_safety/ep_time_in_proximity_0p3m=0.0000 episode_safety/ep_time_in_proximity_0p5m=0.0000 episode_safety/ep_time_in_proximity_1p0m=0.7286
[2026-06-02 13:47:46,322][__main__][INFO] - [safety] step=2850 safety/ssm_violation=0.0000 safety/ssm_violation_actual=0.0000 safety/proximity_violation=0.0000 safety/pfl_violation=0.0000 safety/ssm_margin=1.6401 safety/ssm_margin_actual=1.8800 safety/min_separation=2.0025 safety/pfl_force_ratio=0.0000 safety/robot_vel=0.1887 safety/human_vel=0.0005 episode_safety/ep_steps=319.0000 episode_safety/ep_ssm_violation_rate=0.0376 episode_safety/ep_ssm_violation_actual_rate=0.0345 episode_safety/ep_proximity_violation_rate=0.0000 episode_safety/ep_pfl_violation_rate=0.0000 episode_safety/ep_min_ssm_margin=-2.2641 episode_safety/ep_min_ssm_margin_actual=-2.0289 episode_safety/ep_min_separation=0.5504 episode_safety/ep_mean_separation=1.0727 episode_safety/ep_p5_separation=0.5824 episode_safety/ep_p25_separation=0.7575 episode_safety/ep_max_pfl_force_ratio=0.0000 episode_safety/ep_max_contact_force=0.0000 episode_safety/ep_max_robot_vel=4.6169 episode_safety/ep_mean_robot_vel=0.4430 episode_safety/ep_time_to_first_violation=45.0000 episode_safety/ep_time_in_proximity_0p3m=0.0000 episode_safety/ep_time_in_proximity_0p5m=0.0000 episode_safety/ep_time_in_proximity_1p0m=0.6144
[2026-06-02 13:48:12,914][__main__][INFO] - [safety] step=2900 safety/ssm_violation=0.0000 safety/ssm_violation_actual=0.0000 safety/proximity_violation=0.0000 safety/pfl_violation=0.0000 safety/ssm_margin=0.9775 safety/ssm_margin_actual=1.2162 safety/min_separation=1.3550 safety/pfl_force_ratio=0.0000 safety/robot_vel=0.2907 safety/human_vel=0.0086 episode_safety/ep_steps=369.0000 episode_safety/ep_ssm_violation_rate=0.0325 episode_safety/ep_ssm_violation_actual_rate=0.0298 episode_safety/ep_proximity_violation_rate=0.0000 episode_safety/ep_pfl_violation_rate=0.0000 episode_safety/ep_min_ssm_margin=-2.2641 episode_safety/ep_min_ssm_margin_actual=-2.0289 episode_safety/ep_min_separation=0.5504 episode_safety/ep_mean_separation=1.1823 episode_safety/ep_p5_separation=0.5842 episode_safety/ep_p25_separation=0.7686 episode_safety/ep_max_pfl_force_ratio=0.0000 episode_safety/ep_max_contact_force=0.0000 episode_safety/ep_max_robot_vel=4.6169 episode_safety/ep_mean_robot_vel=0.4213 episode_safety/ep_time_to_first_violation=45.0000 episode_safety/ep_time_in_proximity_0p3m=0.0000 episode_safety/ep_time_in_proximity_0p5m=0.0000 episode_safety/ep_time_in_proximity_1p0m=0.5312
[2026-06-02 13:48:39,810][__main__][INFO] - [safety] step=2950 safety/ssm_violation=0.0000 safety/ssm_violation_actual=0.0000 safety/proximity_violation=0.0000 safety/pfl_violation=0.0000 safety/ssm_margin=0.8172 safety/ssm_margin_actual=1.0568 safety/min_separation=1.2470 safety/pfl_force_ratio=0.0000 safety/robot_vel=0.5715 safety/human_vel=0.0027 episode_safety/ep_steps=419.0000 episode_safety/ep_ssm_violation_rate=0.0286 episode_safety/ep_ssm_violation_actual_rate=0.0263 episode_safety/ep_proximity_violation_rate=0.0000 episode_safety/ep_pfl_violation_rate=0.0000 episode_safety/ep_min_ssm_margin=-2.2641 episode_safety/ep_min_ssm_margin_actual=-2.0289 episode_safety/ep_min_separation=0.5504 episode_safety/ep_mean_separation=1.1918 episode_safety/ep_p5_separation=0.5857 episode_safety/ep_p25_separation=0.7841 episode_safety/ep_max_pfl_force_ratio=0.0000 episode_safety/ep_max_contact_force=0.0000 episode_safety/ep_max_robot_vel=4.6169 episode_safety/ep_mean_robot_vel=0.4060 episode_safety/ep_time_to_first_violation=45.0000 episode_safety/ep_time_in_proximity_0p3m=0.0000 episode_safety/ep_time_in_proximity_0p5m=0.0000 episode_safety/ep_time_in_proximity_1p0m=0.4678
[2026-06-02 13:49:07,444][__main__][INFO] - [safety] step=3000 safety/ssm_violation=0.0000 safety/ssm_violation_actual=0.0000 safety/proximity_violation=0.0000 safety/pfl_violation=0.0000 safety/ssm_margin=0.9298 safety/ssm_margin_actual=1.1698 safety/min_separation=1.4148 safety/pfl_force_ratio=0.0000 safety/robot_vel=0.8038 safety/human_vel=0.0000 episode_safety/ep_steps=469.0000 episode_safety/ep_ssm_violation_rate=0.0256 episode_safety/ep_ssm_violation_actual_rate=0.0235 episode_safety/ep_proximity_violation_rate=0.0000 episode_safety/ep_pfl_violation_rate=0.0000 episode_safety/ep_min_ssm_margin=-2.2641 episode_safety/ep_min_ssm_margin_actual=-2.0289 episode_safety/ep_min_separation=0.5504 episode_safety/ep_mean_separation=1.2127 episode_safety/ep_p5_separation=0.5911 episode_safety/ep_p25_separation=0.8001 episode_safety/ep_max_pfl_force_ratio=0.0000 episode_safety/ep_max_contact_force=0.0000 episode_safety/ep_max_robot_vel=4.6169 episode_safety/ep_mean_robot_vel=0.4312 episode_safety/ep_time_to_first_violation=45.0000 episode_safety/ep_time_in_proximity_0p3m=0.0000 episode_safety/ep_time_in_proximity_0p5m=0.0000 episode_safety/ep_time_in_proximity_1p0m=0.4179
[2026-06-02 13:49:35,010][__main__][INFO] - [safety] step=3050 safety/ssm_violation=0.0000 safety/ssm_violation_actual=0.0000 safety/proximity_violation=0.0000 safety/pfl_violation=0.0000 safety/ssm_margin=2.2027 safety/ssm_margin_actual=2.4427 safety/min_separation=2.6621 safety/pfl_force_ratio=0.0000 safety/robot_vel=0.7016 safety/human_vel=0.0000 episode_safety/ep_steps=519.0000 episode_safety/ep_ssm_violation_rate=0.0250 episode_safety/ep_ssm_violation_actual_rate=0.0231 episode_safety/ep_proximity_violation_rate=0.0000 episode_safety/ep_pfl_violation_rate=0.0000 episode_safety/ep_min_ssm_margin=-2.2641 episode_safety/ep_min_ssm_margin_actual=-2.0289 episode_safety/ep_min_separation=0.5504 episode_safety/ep_mean_separation=1.2910 episode_safety/ep_p5_separation=0.5957 episode_safety/ep_p25_separation=0.8105 episode_safety/ep_max_pfl_force_ratio=0.0000 episode_safety/ep_max_contact_force=0.0000 episode_safety/ep_max_robot_vel=4.6169 episode_safety/ep_mean_robot_vel=0.5073 episode_safety/ep_time_to_first_violation=45.0000 episode_safety/ep_time_in_proximity_0p3m=0.0000 episode_safety/ep_time_in_proximity_0p5m=0.0000 episode_safety/ep_time_in_proximity_1p0m=0.3776
[2026-06-02 13:50:02,391][__main__][INFO] - [safety] step=3100 safety/ssm_violation=0.0000 safety/ssm_violation_actual=0.0000 safety/proximity_violation=0.0000 safety/pfl_violation=0.0000 safety/ssm_margin=4.0747 safety/ssm_margin_actual=4.3147 safety/min_separation=4.6222 safety/pfl_force_ratio=0.0000 safety/robot_vel=1.0246 safety/human_vel=0.0000 episode_safety/ep_steps=569.0000 episode_safety/ep_ssm_violation_rate=0.0228 episode_safety/ep_ssm_violation_actual_rate=0.0211 episode_safety/ep_proximity_violation_rate=0.0000 episode_safety/ep_pfl_violation_rate=0.0000 episode_safety/ep_min_ssm_margin=-2.2641 episode_safety/ep_min_ssm_margin_actual=-2.0289 episode_safety/ep_min_separation=0.5504 episode_safety/ep_mean_separation=1.4960 episode_safety/ep_p5_separation=0.6062 episode_safety/ep_p25_separation=0.8276 episode_safety/ep_max_pfl_force_ratio=0.0000 episode_safety/ep_max_contact_force=0.0000 episode_safety/ep_max_robot_vel=4.6169 episode_safety/ep_mean_robot_vel=0.5385 episode_safety/ep_time_to_first_violation=45.0000 episode_safety/ep_time_in_proximity_0p3m=0.0000 episode_safety/ep_time_in_proximity_0p5m=0.0000 episode_safety/ep_time_in_proximity_1p0m=0.3445
[2026-06-02 13:50:29,662][__main__][INFO] - [safety] step=3150 safety/ssm_violation=0.0000 safety/ssm_violation_actual=0.0000 safety/proximity_violation=0.0000 safety/pfl_violation=0.0000 safety/ssm_margin=6.4078 safety/ssm_margin_actual=6.6478 safety/min_separation=6.9976 safety/pfl_force_ratio=0.0000 safety/robot_vel=1.1577 safety/human_vel=0.0000 episode_safety/ep_steps=619.0000 episode_safety/ep_ssm_violation_rate=0.0210 episode_safety/ep_ssm_violation_actual_rate=0.0194 episode_safety/ep_proximity_violation_rate=0.0000 episode_safety/ep_pfl_violation_rate=0.0000 episode_safety/ep_min_ssm_margin=-2.2641 episode_safety/ep_min_ssm_margin_actual=-2.0289 episode_safety/ep_min_separation=0.5504 episode_safety/ep_mean_separation=1.8404 episode_safety/ep_p5_separation=0.6190 episode_safety/ep_p25_separation=0.8429 episode_safety/ep_max_pfl_force_ratio=0.0000 episode_safety/ep_max_contact_force=0.0000 episode_safety/ep_max_robot_vel=4.6169 episode_safety/ep_mean_robot_vel=0.5805 episode_safety/ep_time_to_first_violation=45.0000 episode_safety/ep_time_in_proximity_0p3m=0.0000 episode_safety/ep_time_in_proximity_0p5m=0.0000 episode_safety/ep_time_in_proximity_1p0m=0.3166
[2026-06-02 13:50:56,976][__main__][INFO] - [episode] step=3199 safety/ssm_violation=0.0000 safety/ssm_violation_actual=0.0000 safety/proximity_violation=0.0000 safety/pfl_violation=0.0000 safety/ssm_margin=9.7116 safety/ssm_margin_actual=9.9516 safety/min_separation=10.2840 safety/pfl_force_ratio=0.0000 safety/robot_vel=1.1041 safety/human_vel=0.0000 episode_safety/ep_steps=667.0000 episode_safety/ep_ssm_violation_rate=0.0195 episode_safety/ep_ssm_violation_actual_rate=0.0180 episode_safety/ep_proximity_violation_rate=0.0000 episode_safety/ep_pfl_violation_rate=0.0000 episode_safety/ep_min_ssm_margin=-2.2641 episode_safety/ep_min_ssm_margin_actual=-2.0289 episode_safety/ep_min_separation=0.5504 episode_safety/ep_mean_separation=2.3361 episode_safety/ep_p5_separation=0.6326 episode_safety/ep_p25_separation=0.8651 episode_safety/ep_max_pfl_force_ratio=0.0000 episode_safety/ep_max_contact_force=0.0000 episode_safety/ep_max_robot_vel=4.6169 episode_safety/ep_mean_robot_vel=0.6296 episode_safety/ep_time_to_first_violation=45.0000 episode_safety/ep_time_in_proximity_0p3m=0.0000 episode_safety/ep_time_in_proximity_0p5m=0.0000 episode_safety/ep_time_in_proximity_1p0m=0.2939 episode_cost_integral=29.7147 episode_lambda=0.8986
[2026-06-02 13:50:56,976][__main__][INFO] - [train] step=3199 episode_reward=-27.6997 episode_length=667 episode=7 buffer_size=84307
[2026-06-02 13:50:58,269][__main__][INFO] - [safety] step=3200 safety/ssm_violation=0.0000 safety/ssm_violation_actual=0.0000 safety/proximity_violation=0.0000 safety/pfl_violation=0.0000 safety/ssm_margin=1.9339 safety/ssm_margin_actual=2.1247 safety/min_separation=2.2877 safety/pfl_force_ratio=0.0000 safety/robot_vel=0.1231 safety/human_vel=0.3281 episode_safety/ep_steps=2.0000 episode_safety/ep_ssm_violation_rate=0.0000 episode_safety/ep_ssm_violation_actual_rate=0.0000 episode_safety/ep_proximity_violation_rate=0.0000 episode_safety/ep_pfl_violation_rate=0.0000 episode_safety/ep_min_ssm_margin=1.9038 episode_safety/ep_min_ssm_margin_actual=2.0895 episode_safety/ep_min_separation=2.2877 episode_safety/ep_mean_separation=2.2894 episode_safety/ep_p5_separation=2.2879 episode_safety/ep_p25_separation=2.2886 episode_safety/ep_max_pfl_force_ratio=0.0000 episode_safety/ep_max_contact_force=0.0000 episode_safety/ep_max_robot_vel=0.3507 episode_safety/ep_mean_robot_vel=0.2369 episode_safety/ep_time_to_first_violation=-1.0000 episode_safety/ep_time_in_proximity_0p3m=0.0000 episode_safety/ep_time_in_proximity_0p5m=0.0000 episode_safety/ep_time_in_proximity_1p0m=0.0000
[2026-06-02 13:51:26,868][__main__][INFO] - [safety] step=3250 safety/ssm_violation=1.0000 safety/ssm_violation_actual=0.0000 safety/proximity_violation=1.0000 safety/pfl_violation=0.0000 safety/ssm_margin=-0.1259 safety/ssm_margin_actual=0.0828 safety/min_separation=0.2366 safety/pfl_force_ratio=0.0000 safety/robot_vel=0.1898 safety/human_vel=0.2088 episode_safety/ep_steps=52.0000 episode_safety/ep_ssm_violation_rate=0.4231 episode_safety/ep_ssm_violation_actual_rate=0.0769 episode_safety/ep_proximity_violation_rate=0.3654 episode_safety/ep_pfl_violation_rate=0.0000 episode_safety/ep_min_ssm_margin=-0.8351 episode_safety/ep_min_ssm_margin_actual=-0.6239 episode_safety/ep_min_separation=0.2366 episode_safety/ep_mean_separation=0.9312 episode_safety/ep_p5_separation=0.2488 episode_safety/ep_p25_separation=0.2841 episode_safety/ep_max_pfl_force_ratio=0.0000 episode_safety/ep_max_contact_force=0.0000 episode_safety/ep_max_robot_vel=2.3415 episode_safety/ep_mean_robot_vel=0.2972 episode_safety/ep_time_to_first_violation=30.0000 episode_safety/ep_time_in_proximity_0p3m=0.3654 episode_safety/ep_time_in_proximity_0p5m=0.4808 episode_safety/ep_time_in_proximity_1p0m=0.6154
[2026-06-02 13:51:55,843][__main__][INFO] - [safety] step=3300 safety/ssm_violation=0.0000 safety/ssm_violation_actual=0.0000 safety/proximity_violation=0.0000 safety/pfl_violation=0.0000 safety/ssm_margin=0.3212 safety/ssm_margin_actual=0.5611 safety/min_separation=0.6876 safety/pfl_force_ratio=0.0000 safety/robot_vel=0.2169 safety/human_vel=0.0010 episode_safety/ep_steps=102.0000 episode_safety/ep_ssm_violation_rate=0.3824 episode_safety/ep_ssm_violation_actual_rate=0.0686 episode_safety/ep_proximity_violation_rate=0.3235 episode_safety/ep_pfl_violation_rate=0.0000 episode_safety/ep_min_ssm_margin=-1.0584 episode_safety/ep_min_ssm_margin_actual=-0.8593 episode_safety/ep_min_separation=0.1908 episode_safety/ep_mean_separation=0.6903 episode_safety/ep_p5_separation=0.2100 episode_safety/ep_p25_separation=0.2826 episode_safety/ep_max_pfl_force_ratio=0.0000 episode_safety/ep_max_contact_force=0.0000 episode_safety/ep_max_robot_vel=2.5997 episode_safety/ep_mean_robot_vel=0.3316 episode_safety/ep_time_to_first_violation=30.0000 episode_safety/ep_time_in_proximity_0p3m=0.3235 episode_safety/ep_time_in_proximity_0p5m=0.5392 episode_safety/ep_time_in_proximity_1p0m=0.8039
[2026-06-02 13:52:25,643][__main__][INFO] - [safety] step=3350 safety/ssm_violation=0.0000 safety/ssm_violation_actual=0.0000 safety/proximity_violation=0.0000 safety/pfl_violation=0.0000 safety/ssm_margin=0.3110 safety/ssm_margin_actual=0.5186 safety/min_separation=0.6700 safety/pfl_force_ratio=0.0000 safety/robot_vel=0.1634 safety/human_vel=0.2161 episode_safety/ep_steps=152.0000 episode_safety/ep_ssm_violation_rate=0.3224 episode_safety/ep_ssm_violation_actual_rate=0.0658 episode_safety/ep_proximity_violation_rate=0.2171 episode_safety/ep_pfl_violation_rate=0.0000 episode_safety/ep_min_ssm_margin=-1.5271 episode_safety/ep_min_ssm_margin_actual=-1.2871 episode_safety/ep_min_separation=0.1908 episode_safety/ep_mean_separation=0.6383 episode_safety/ep_p5_separation=0.2194 episode_safety/ep_p25_separation=0.3481 episode_safety/ep_max_pfl_force_ratio=0.0000 episode_safety/ep_max_contact_force=0.0000 episode_safety/ep_max_robot_vel=3.6177 episode_safety/ep_mean_robot_vel=0.3810 episode_safety/ep_time_to_first_violation=30.0000 episode_safety/ep_time_in_proximity_0p3m=0.2171 episode_safety/ep_time_in_proximity_0p5m=0.5329 episode_safety/ep_time_in_proximity_1p0m=0.8684
[2026-06-02 13:52:52,653][__main__][INFO] - [safety] step=3400 safety/ssm_violation=0.0000 safety/ssm_violation_actual=0.0000 safety/proximity_violation=0.0000 safety/pfl_violation=0.0000 safety/ssm_margin=0.3060 safety/ssm_margin_actual=0.5460 safety/min_separation=0.6723 safety/pfl_force_ratio=0.0000 safety/robot_vel=0.2158 safety/human_vel=0.0001 episode_safety/ep_steps=202.0000 episode_safety/ep_ssm_violation_rate=0.2426 episode_safety/ep_ssm_violation_actual_rate=0.0495 episode_safety/ep_proximity_violation_rate=0.1634 episode_safety/ep_pfl_violation_rate=0.0000 episode_safety/ep_min_ssm_margin=-1.5271 episode_safety/ep_min_ssm_margin_actual=-1.2871 episode_safety/ep_min_separation=0.1908 episode_safety/ep_mean_separation=0.6454 episode_safety/ep_p5_separation=0.2335 episode_safety/ep_p25_separation=0.4075 episode_safety/ep_max_pfl_force_ratio=0.0000 episode_safety/ep_max_contact_force=0.0000 episode_safety/ep_max_robot_vel=3.6177 episode_safety/ep_mean_robot_vel=0.3450 episode_safety/ep_time_to_first_violation=30.0000 episode_safety/ep_time_in_proximity_0p3m=0.1634 episode_safety/ep_time_in_proximity_0p5m=0.4010 episode_safety/ep_time_in_proximity_1p0m=0.9010
[2026-06-02 13:53:20,339][__main__][INFO] - [safety] step=3450 safety/ssm_violation=0.0000 safety/ssm_violation_actual=0.0000 safety/proximity_violation=0.0000 safety/pfl_violation=0.0000 safety/ssm_margin=0.3678 safety/ssm_margin_actual=0.6046 safety/min_separation=0.7446 safety/pfl_force_ratio=0.0000 safety/robot_vel=0.2861 safety/human_vel=0.0208 episode_safety/ep_steps=252.0000 episode_safety/ep_ssm_violation_rate=0.1944 episode_safety/ep_ssm_violation_actual_rate=0.0397 episode_safety/ep_proximity_violation_rate=0.1310 episode_safety/ep_pfl_violation_rate=0.0000 episode_safety/ep_min_ssm_margin=-1.5271 episode_safety/ep_min_ssm_margin_actual=-1.2871 episode_safety/ep_min_separation=0.1908 episode_safety/ep_mean_separation=0.6737 episode_safety/ep_p5_separation=0.2465 episode_safety/ep_p25_separation=0.4743 episode_safety/ep_max_pfl_force_ratio=0.0000 episode_safety/ep_max_contact_force=0.0000 episode_safety/ep_max_robot_vel=3.6177 episode_safety/ep_mean_robot_vel=0.3271 episode_safety/ep_time_to_first_violation=30.0000 episode_safety/ep_time_in_proximity_0p3m=0.1310 episode_safety/ep_time_in_proximity_0p5m=0.3214 episode_safety/ep_time_in_proximity_1p0m=0.9206
[2026-06-02 13:53:47,584][__main__][INFO] - [safety] step=3500 safety/ssm_violation=0.0000 safety/ssm_violation_actual=0.0000 safety/proximity_violation=0.0000 safety/pfl_violation=0.0000 safety/ssm_margin=1.7727 safety/ssm_margin_actual=2.0103 safety/min_separation=2.2904 safety/pfl_force_ratio=0.0000 safety/robot_vel=0.9240 safety/human_vel=0.0155 episode_safety/ep_steps=302.0000 episode_safety/ep_ssm_violation_rate=0.1656 episode_safety/ep_ssm_violation_actual_rate=0.0364 episode_safety/ep_proximity_violation_rate=0.1093 episode_safety/ep_pfl_violation_rate=0.0000 episode_safety/ep_min_ssm_margin=-1.5271 episode_safety/ep_min_ssm_margin_actual=-1.2871 episode_safety/ep_min_separation=0.1908 episode_safety/ep_mean_separation=0.8938 episode_safety/ep_p5_separation=0.2507 episode_safety/ep_p25_separation=0.4894 episode_safety/ep_max_pfl_force_ratio=0.0000 episode_safety/ep_max_contact_force=0.0000 episode_safety/ep_max_robot_vel=4.1036 episode_safety/ep_mean_robot_vel=0.3915 episode_safety/ep_time_to_first_violation=30.0000 episode_safety/ep_time_in_proximity_0p3m=0.1093 episode_safety/ep_time_in_proximity_0p5m=0.2682 episode_safety/ep_time_in_proximity_1p0m=0.7815
[2026-06-02 13:54:14,932][__main__][INFO] - [safety] step=3550 safety/ssm_violation=0.0000 safety/ssm_violation_actual=0.0000 safety/proximity_violation=0.0000 safety/pfl_violation=0.0000 safety/ssm_margin=2.1178 safety/ssm_margin_actual=2.3578 safety/min_separation=2.4832 safety/pfl_force_ratio=0.0000 safety/robot_vel=0.2104 safety/human_vel=0.0000 episode_safety/ep_steps=352.0000 episode_safety/ep_ssm_violation_rate=0.1420 episode_safety/ep_ssm_violation_actual_rate=0.0312 episode_safety/ep_proximity_violation_rate=0.0938 episode_safety/ep_pfl_violation_rate=0.0000 episode_safety/ep_min_ssm_margin=-1.5271 episode_safety/ep_min_ssm_margin_actual=-1.2871 episode_safety/ep_min_separation=0.1908 episode_safety/ep_mean_separation=1.1195 episode_safety/ep_p5_separation=0.2653 episode_safety/ep_p25_separation=0.5314 episode_safety/ep_max_pfl_force_ratio=0.0000 episode_safety/ep_max_contact_force=0.0000 episode_safety/ep_max_robot_vel=4.1036 episode_safety/ep_mean_robot_vel=0.4151 episode_safety/ep_time_to_first_violation=30.0000 episode_safety/ep_time_in_proximity_0p3m=0.0938 episode_safety/ep_time_in_proximity_0p5m=0.2301 episode_safety/ep_time_in_proximity_1p0m=0.6705
[2026-06-02 13:54:42,256][__main__][INFO] - [safety] step=3600 safety/ssm_violation=0.0000 safety/ssm_violation_actual=0.0000 safety/proximity_violation=0.0000 safety/pfl_violation=0.0000 safety/ssm_margin=0.0551 safety/ssm_margin_actual=0.2941 safety/min_separation=0.4945 safety/pfl_force_ratio=0.0000 safety/robot_vel=0.6151 safety/human_vel=0.0069 episode_safety/ep_steps=402.0000 episode_safety/ep_ssm_violation_rate=0.1294 episode_safety/ep_ssm_violation_actual_rate=0.0323 episode_safety/ep_proximity_violation_rate=0.0821 episode_safety/ep_pfl_violation_rate=0.0000 episode_safety/ep_min_ssm_margin=-1.5271 episode_safety/ep_min_ssm_margin_actual=-1.2871 episode_safety/ep_min_separation=0.1908 episode_safety/ep_mean_separation=1.2295 episode_safety/ep_p5_separation=0.2777 episode_safety/ep_p25_separation=0.6045 episode_safety/ep_max_pfl_force_ratio=0.0000 episode_safety/ep_max_contact_force=0.0000 episode_safety/ep_max_robot_vel=4.1036 episode_safety/ep_mean_robot_vel=0.4286 episode_safety/ep_time_to_first_violation=30.0000 episode_safety/ep_time_in_proximity_0p3m=0.0821 episode_safety/ep_time_in_proximity_0p5m=0.2040 episode_safety/ep_time_in_proximity_1p0m=0.5995
[2026-06-02 13:55:09,372][__main__][INFO] - [safety] step=3650 safety/ssm_violation=1.0000 safety/ssm_violation_actual=0.0000 safety/proximity_violation=0.0000 safety/pfl_violation=0.0000 safety/ssm_margin=-0.0212 safety/ssm_margin_actual=0.2177 safety/min_separation=0.3393 safety/pfl_force_ratio=0.0000 safety/robot_vel=0.1740 safety/human_vel=0.0077 episode_safety/ep_steps=452.0000 episode_safety/ep_ssm_violation_rate=0.2257 episode_safety/ep_ssm_violation_actual_rate=0.0509 episode_safety/ep_proximity_violation_rate=0.1106 episode_safety/ep_pfl_violation_rate=0.0000 episode_safety/ep_min_ssm_margin=-1.7578 episode_safety/ep_min_ssm_margin_actual=-1.5180 episode_safety/ep_min_separation=0.0298 episode_safety/ep_mean_separation=1.1244 episode_safety/ep_p5_separation=0.2302 episode_safety/ep_p25_separation=0.4743 episode_safety/ep_max_pfl_force_ratio=0.0000 episode_safety/ep_max_contact_force=0.0000 episode_safety/ep_max_robot_vel=4.1036 episode_safety/ep_mean_robot_vel=0.4289 episode_safety/ep_time_to_first_violation=30.0000 episode_safety/ep_time_in_proximity_0p3m=0.1106 episode_safety/ep_time_in_proximity_0p5m=0.2920 episode_safety/ep_time_in_proximity_1p0m=0.6438
[2026-06-02 13:55:36,163][__main__][INFO] - [safety] step=3700 safety/ssm_violation=1.0000 safety/ssm_violation_actual=0.0000 safety/proximity_violation=0.0000 safety/pfl_violation=0.0000 safety/ssm_margin=-0.0135 safety/ssm_margin_actual=0.2265 safety/min_separation=0.3533 safety/pfl_force_ratio=0.0000 safety/robot_vel=0.2198 safety/human_vel=0.0000 episode_safety/ep_steps=502.0000 episode_safety/ep_ssm_violation_rate=0.2610 episode_safety/ep_ssm_violation_actual_rate=0.0518 episode_safety/ep_proximity_violation_rate=0.0996 episode_safety/ep_pfl_violation_rate=0.0000 episode_safety/ep_min_ssm_margin=-2.0958 episode_safety/ep_min_ssm_margin_actual=-1.8559 episode_safety/ep_min_separation=0.0298 episode_safety/ep_mean_separation=1.0493 episode_safety/ep_p5_separation=0.2371 episode_safety/ep_p25_separation=0.3868 episode_safety/ep_max_pfl_force_ratio=0.0000 episode_safety/ep_max_contact_force=0.0000 episode_safety/ep_max_robot_vel=4.1375 episode_safety/ep_mean_robot_vel=0.4284 episode_safety/ep_time_to_first_violation=30.0000 episode_safety/ep_time_in_proximity_0p3m=0.0996 episode_safety/ep_time_in_proximity_0p5m=0.3625 episode_safety/ep_time_in_proximity_1p0m=0.6793
[2026-06-02 13:56:03,831][__main__][INFO] - [safety] step=3750 safety/ssm_violation=1.0000 safety/ssm_violation_actual=0.0000 safety/proximity_violation=0.0000 safety/pfl_violation=0.0000 safety/ssm_margin=-0.0105 safety/ssm_margin_actual=0.2294 safety/min_separation=0.3419 safety/pfl_force_ratio=0.0000 safety/robot_vel=0.1119 safety/human_vel=0.0002 episode_safety/ep_steps=552.0000 episode_safety/ep_ssm_violation_rate=0.3116 episode_safety/ep_ssm_violation_actual_rate=0.0471 episode_safety/ep_proximity_violation_rate=0.0906 episode_safety/ep_pfl_violation_rate=0.0000 episode_safety/ep_min_ssm_margin=-2.0958 episode_safety/ep_min_ssm_margin_actual=-1.8559 episode_safety/ep_min_separation=0.0298 episode_safety/ep_mean_separation=0.9858 episode_safety/ep_p5_separation=0.2488 episode_safety/ep_p25_separation=0.3526 episode_safety/ep_max_pfl_force_ratio=0.0000 episode_safety/ep_max_contact_force=0.0000 episode_safety/ep_max_robot_vel=4.1375 episode_safety/ep_mean_robot_vel=0.4024 episode_safety/ep_time_to_first_violation=30.0000 episode_safety/ep_time_in_proximity_0p3m=0.0906 episode_safety/ep_time_in_proximity_0p5m=0.4203 episode_safety/ep_time_in_proximity_1p0m=0.7083
[2026-06-02 13:56:33,745][__main__][INFO] - [safety] step=3800 safety/ssm_violation=1.0000 safety/ssm_violation_actual=1.0000 safety/proximity_violation=0.0000 safety/pfl_violation=0.0000 safety/ssm_margin=-0.4269 safety/ssm_margin_actual=-0.2410 safety/min_separation=0.3147 safety/pfl_force_ratio=0.0000 safety/robot_vel=1.5655 safety/human_vel=0.3605 episode_safety/ep_steps=602.0000 episode_safety/ep_ssm_violation_rate=0.3389 episode_safety/ep_ssm_violation_actual_rate=0.0648 episode_safety/ep_proximity_violation_rate=0.0847 episode_safety/ep_pfl_violation_rate=0.0000 episode_safety/ep_min_ssm_margin=-2.0958 episode_safety/ep_min_ssm_margin_actual=-1.8559 episode_safety/ep_min_separation=0.0298 episode_safety/ep_mean_separation=0.9322 episode_safety/ep_p5_separation=0.2528 episode_safety/ep_p25_separation=0.3475 episode_safety/ep_max_pfl_force_ratio=0.0000 episode_safety/ep_max_contact_force=0.0000 episode_safety/ep_max_robot_vel=4.1375 episode_safety/ep_mean_robot_vel=0.4208 episode_safety/ep_time_to_first_violation=30.0000 episode_safety/ep_time_in_proximity_0p3m=0.0847 episode_safety/ep_time_in_proximity_0p5m=0.4684 episode_safety/ep_time_in_proximity_1p0m=0.7326
[2026-06-02 13:57:00,781][__main__][INFO] - [safety] step=3850 safety/ssm_violation=0.0000 safety/ssm_violation_actual=0.0000 safety/proximity_violation=0.0000 safety/pfl_violation=0.0000 safety/ssm_margin=0.1164 safety/ssm_margin_actual=0.3563 safety/min_separation=0.4775 safety/pfl_force_ratio=0.0000 safety/robot_vel=0.1793 safety/human_vel=0.0004 episode_safety/ep_steps=652.0000 episode_safety/ep_ssm_violation_rate=0.3604 episode_safety/ep_ssm_violation_actual_rate=0.0828 episode_safety/ep_proximity_violation_rate=0.0782 episode_safety/ep_pfl_violation_rate=0.0000 episode_safety/ep_min_ssm_margin=-2.0958 episode_safety/ep_min_ssm_margin_actual=-1.8559 episode_safety/ep_min_separation=0.0298 episode_safety/ep_mean_separation=0.8923 episode_safety/ep_p5_separation=0.2607 episode_safety/ep_p25_separation=0.3479 episode_safety/ep_max_pfl_force_ratio=0.0000 episode_safety/ep_max_contact_force=0.0000 episode_safety/ep_max_robot_vel=4.1375 episode_safety/ep_mean_robot_vel=0.4607 episode_safety/ep_time_to_first_violation=30.0000 episode_safety/ep_time_in_proximity_0p3m=0.0782 episode_safety/ep_time_in_proximity_0p5m=0.5092 episode_safety/ep_time_in_proximity_1p0m=0.7531
Terminated
