== E3.2 cost-budget Pareto | TASK=saucepan_to_hob d='0.5' seeds='2' frames=60000 ==
   OUTDIR=/home/ap2322/Documents/safety_bigym/exp_local/e3_2_cost_budget/e3_2_saucepan_to_hob_20260531_190307  warmstart=/home/ap2322/Documents/safety_bigym/exp_local/cqn_as_base_curriculum/base_g1_30k_30k_40k_20260529_124749/stage1_easy/snapshot_2588.pt
== launch d0p5_seed2 (cost_budget=0.5) -> /home/ap2322/Documents/safety_bigym/exp_local/e3_2_cost_budget/e3_2_saucepan_to_hob_20260531_190307/d0p5_seed2 ==
[2026-06-02 13:20:40,547][__main__][INFO] - workspace: /home/ap2322/Documents/safety_bigym/exp_local/e3_2_cost_budget/e3_2_saucepan_to_hob_20260531_190307/d0p5_seed2
[2026-06-02 13:20:40,549][safety_bigym.envs.safety_bigym_factory][INFO] - Forcing disruption_type=COWORKER for every episode.
[2026-06-02 13:20:40,549][safety_bigym.envs.safety_bigym_factory][INFO] - Creating SafetyBiGymEnv: task=SaucepanToHob, inject_human=True, clips=0
[2026-06-02 13:20:45,887][safety_bigym.envs.safety_env][INFO] - Human indices: pelvis_id=2, pelvis_mocapid=0, ssm_bodies=14
[2026-06-02 13:20:45,888][safety_bigym.envs.safety_env][INFO] - Promoted 69 geoms onto human collision channel (human_emit=bit1, robot_emit=bit2); reset 22 human collision geoms onto the cross-paired channel.
[2026-06-02 13:20:45,888][safety_bigym.envs.safety_env][INFO] - Safety wrapper initialized
[2026-06-02 13:20:45,889][safety_bigym.envs.safety_env][INFO] - G1 human controller initialized
[2026-06-02 13:20:45,889][safety_bigym.envs.safety_bigym_factory][INFO] - Inserting BodySLAMWrapper(mode=oracle, occlusion=none).
wandb: [wandb.login()] Loaded credentials for https://api.wandb.ai from /home/ap2322/.netrc.
wandb: Currently logged in as: a4ayushpatel (a4ayushpatel-imperial-college-london) to https://api.wandb.ai. Use `wandb login --relogin` to force relogin
wandb: setting up run hla2dmmp
wandb: Tracking run with wandb version 0.25.0
wandb: Run data is saved locally in /home/ap2322/Documents/safety_bigym/exp_local/e3_2_cost_budget/e3_2_saucepan_to_hob_20260531_190307/d0p5_seed2/wandb/run-20260602_132046-hla2dmmp
wandb: Run `wandb offline` to turn off syncing.
wandb: Syncing run e3_2_d0p5_seed2
wandb: ⭐️ View project at https://wandb.ai/a4ayushpatel-imperial-college-london/safety-critic
wandb: 🚀 View run at https://wandb.ai/a4ayushpatel-imperial-college-london/safety-critic/runs/hla2dmmp
MultiViewCNNEncoder(
  (conv_nets): ModuleList(
    (0-2): 3 x Sequential(
      (0): Conv2d(12, 32, kernel_size=(4, 4), stride=(2, 2), padding=(1, 1))
      (1): ImgChLayerNorm()
      (2): SiLU()
      (3): Conv2d(32, 64, kernel_size=(4, 4), stride=(2, 2), padding=(1, 1))
      (4): ImgChLayerNorm()
      (5): SiLU()
      (6): Conv2d(64, 128, kernel_size=(4, 4), stride=(2, 2), padding=(1, 1))
      (7): ImgChLayerNorm()
      (8): SiLU()
      (9): Conv2d(128, 256, kernel_size=(4, 4), stride=(2, 2), padding=(1, 1))
      (10): ImgChLayerNorm()
      (11): SiLU()
    )
  )
)
C2FCritic(
  (network): C2FCriticNetwork(
    (adv_rgb_encoder): Sequential(
      (0): Linear(in_features=19200, out_features=512, bias=False)
      (1): LayerNorm((512,), eps=1e-05, elementwise_affine=True)
      (2): SiLU()
      (3): Linear(in_features=512, out_features=512, bias=False)
      (4): LayerNorm((512,), eps=1e-05, elementwise_affine=True)
      (5): SiLU()
      (6): Linear(in_features=512, out_features=64, bias=False)
      (7): LayerNorm((64,), eps=1e-05, elementwise_affine=True)
      (8): Tanh()
    )
    (adv_low_dim_encoder): Sequential(
      (0): Linear(in_features=288, out_features=64, bias=False)
      (1): LayerNorm((64,), eps=1e-05, elementwise_affine=True)
      (2): Tanh()
    )
    (adv_net): Sequential(
      (0): Linear(in_features=163, out_features=512, bias=False)
      (1): LayerNorm((512,), eps=1e-05, elementwise_affine=True)
      (2): SiLU()
      (3): Linear(in_features=512, out_features=512, bias=False)
      (4): LayerNorm((512,), eps=1e-05, elementwise_affine=True)
      (5): SiLU()
    )
    (adv_gru): GRU(512, 512, batch_first=True)
    (adv_head): Linear(in_features=512, out_features=8080, bias=True)
    (value_rgb_encoder): Sequential(
      (0): Linear(in_features=19200, out_features=512, bias=False)
      (1): LayerNorm((512,), eps=1e-05, elementwise_affine=True)
      (2): SiLU()
      (3): Linear(in_features=512, out_features=512, bias=False)
      (4): LayerNorm((512,), eps=1e-05, elementwise_affine=True)
      (5): SiLU()
      (6): Linear(in_features=512, out_features=64, bias=False)
      (7): LayerNorm((64,), eps=1e-05, elementwise_affine=True)
      (8): Tanh()
    )
    (value_low_dim_encoder): Sequential(
      (0): Linear(in_features=288, out_features=64, bias=False)
      (1): LayerNorm((64,), eps=1e-05, elementwise_affine=True)
      (2): Tanh()
    )
    (value_net): Sequential(
      (0): Linear(in_features=163, out_features=512, bias=False)
      (1): LayerNorm((512,), eps=1e-05, elementwise_affine=True)
      (2): SiLU()
      (3): Linear(in_features=512, out_features=512, bias=False)
      (4): LayerNorm((512,), eps=1e-05, elementwise_affine=True)
      (5): SiLU()
    )
    (value_gru): GRU(512, 512, batch_first=True)
    (value_head): Linear(in_features=512, out_features=1616, bias=True)
  )
)
[2026-06-02 13:20:49,379][__main__][INFO] - loading snapshot: /home/ap2322/Documents/safety_bigym/exp_local/cqn_as_base_curriculum/base_g1_30k_30k_40k_20260529_124749/stage1_easy/snapshot_2588.pt
[2026-06-02 13:20:49,632][__main__][INFO] - snapshot loaded: trained for 2588 steps / 6 episodes
[2026-06-02 13:20:49,633][root][INFO] - Loading demos via raw BiGym env (for DemoStore compatibility).
[2026-06-02 13:20:52,805][root][INFO] - Demos are cached already: /home/ap2322/.bigym/demonstrations/0.9.0
[2026-06-02 13:20:52,806][root][INFO] - Demos are cached already: /home/ap2322/.bigym/demonstrations/0.9.0
[2026-06-02 13:20:52,806][root][INFO] - Demos are cached already: /home/ap2322/.bigym/demonstrations/0.9.0
[2026-06-02 13:20:54,447][root][INFO] - Loaded 36 demos.
[2026-06-02 13:20:58,649][safety_bigym.agents.cqn_as.env_adapter][INFO] - Converted 36 demos (29 successful) for CQN-AS.
[2026-06-02 13:21:24,397][__main__][INFO] - Loaded 36 demos; replay size now 12619
[2026-06-02 13:21:24,675][__main__][INFO] - [safety] step=0 safety/ssm_violation=0.0000 safety/ssm_violation_actual=0.0000 safety/proximity_violation=0.0000 safety/pfl_violation=0.0000 safety/ssm_margin=2.2845 safety/ssm_margin_actual=2.4703 safety/min_separation=2.6486 safety/pfl_force_ratio=0.0000 safety/robot_vel=0.2001 safety/human_vel=0.3618 episode_safety/ep_steps=1.0000 episode_safety/ep_ssm_violation_rate=0.0000 episode_safety/ep_ssm_violation_actual_rate=0.0000 episode_safety/ep_proximity_violation_rate=0.0000 episode_safety/ep_pfl_violation_rate=0.0000 episode_safety/ep_min_ssm_margin=2.2845 episode_safety/ep_min_ssm_margin_actual=2.4703 episode_safety/ep_min_separation=2.6486 episode_safety/ep_mean_separation=2.6486 episode_safety/ep_p5_separation=2.6486 episode_safety/ep_p25_separation=2.6486 episode_safety/ep_max_pfl_force_ratio=0.0000 episode_safety/ep_max_contact_force=0.0000 episode_safety/ep_max_robot_vel=0.2001 episode_safety/ep_mean_robot_vel=0.2001 episode_safety/ep_time_to_first_violation=-1.0000 episode_safety/ep_time_in_proximity_0p3m=0.0000 episode_safety/ep_time_in_proximity_0p5m=0.0000 episode_safety/ep_time_in_proximity_1p0m=0.0000
[2026-06-02 13:21:25,544][__main__][INFO] - [safety] step=50 safety/ssm_violation=0.0000 safety/ssm_violation_actual=0.0000 safety/proximity_violation=0.0000 safety/pfl_violation=0.0000 safety/ssm_margin=0.1151 safety/ssm_margin_actual=0.3400 safety/min_separation=0.4628 safety/pfl_force_ratio=0.0000 safety/robot_vel=0.0715 safety/human_vel=0.1005 episode_safety/ep_steps=51.0000 episode_safety/ep_ssm_violation_rate=0.0196 episode_safety/ep_ssm_violation_actual_rate=0.0000 episode_safety/ep_proximity_violation_rate=0.0000 episode_safety/ep_pfl_violation_rate=0.0000 episode_safety/ep_min_ssm_margin=-0.0568 episode_safety/ep_min_ssm_margin_actual=0.1629 episode_safety/ep_min_separation=0.4628 episode_safety/ep_mean_separation=1.2522 episode_safety/ep_p5_separation=0.4655 episode_safety/ep_p25_separation=0.5038 episode_safety/ep_max_pfl_force_ratio=0.0000 episode_safety/ep_max_contact_force=0.0000 episode_safety/ep_max_robot_vel=0.9372 episode_safety/ep_mean_robot_vel=0.1870 episode_safety/ep_time_to_first_violation=48.0000 episode_safety/ep_time_in_proximity_0p3m=0.0000 episode_safety/ep_time_in_proximity_0p5m=0.2353 episode_safety/ep_time_in_proximity_1p0m=0.5098
[2026-06-02 13:21:26,435][__main__][INFO] - [safety] step=100 safety/ssm_violation=1.0000 safety/ssm_violation_actual=0.0000 safety/proximity_violation=1.0000 safety/pfl_violation=0.0000 safety/ssm_margin=-0.1563 safety/ssm_margin_actual=0.0837 safety/min_separation=0.2812 safety/pfl_force_ratio=0.0000 safety/robot_vel=0.6068 safety/human_vel=0.0001 episode_safety/ep_steps=101.0000 episode_safety/ep_ssm_violation_rate=0.1584 episode_safety/ep_ssm_violation_actual_rate=0.0198 episode_safety/ep_proximity_violation_rate=0.0099 episode_safety/ep_pfl_violation_rate=0.0000 episode_safety/ep_min_ssm_margin=-0.4645 episode_safety/ep_min_ssm_margin_actual=-0.2246 episode_safety/ep_min_separation=0.2812 episode_safety/ep_mean_separation=0.8569 episode_safety/ep_p5_separation=0.3672 episode_safety/ep_p25_separation=0.4608 episode_safety/ep_max_pfl_force_ratio=0.0000 episode_safety/ep_max_contact_force=0.0000 episode_safety/ep_max_robot_vel=2.0877 episode_safety/ep_mean_robot_vel=0.3316 episode_safety/ep_time_to_first_violation=48.0000 episode_safety/ep_time_in_proximity_0p3m=0.0099 episode_safety/ep_time_in_proximity_0p5m=0.5149 episode_safety/ep_time_in_proximity_1p0m=0.7525
[2026-06-02 13:21:27,326][__main__][INFO] - [safety] step=150 safety/ssm_violation=1.0000 safety/ssm_violation_actual=0.0000 safety/proximity_violation=1.0000 safety/pfl_violation=0.0000 safety/ssm_margin=-0.1704 safety/ssm_margin_actual=0.0696 safety/min_separation=0.2109 safety/pfl_force_ratio=0.0000 safety/robot_vel=0.3142 safety/human_vel=0.0000 episode_safety/ep_steps=151.0000 episode_safety/ep_ssm_violation_rate=0.4371 episode_safety/ep_ssm_violation_actual_rate=0.2119 episode_safety/ep_proximity_violation_rate=0.3377 episode_safety/ep_pfl_violation_rate=0.0000 episode_safety/ep_min_ssm_margin=-0.4645 episode_safety/ep_min_ssm_margin_actual=-0.2246 episode_safety/ep_min_separation=0.0570 episode_safety/ep_mean_separation=0.6171 episode_safety/ep_p5_separation=0.0651 episode_safety/ep_p25_separation=0.1876 episode_safety/ep_max_pfl_force_ratio=0.0000 episode_safety/ep_max_contact_force=0.0000 episode_safety/ep_max_robot_vel=2.0877 episode_safety/ep_mean_robot_vel=0.3250 episode_safety/ep_time_to_first_violation=48.0000 episode_safety/ep_time_in_proximity_0p3m=0.3377 episode_safety/ep_time_in_proximity_0p5m=0.6755 episode_safety/ep_time_in_proximity_1p0m=0.8344
[2026-06-02 13:21:28,209][__main__][INFO] - [safety] step=200 safety/ssm_violation=1.0000 safety/ssm_violation_actual=0.0000 safety/proximity_violation=0.0000 safety/pfl_violation=0.0000 safety/ssm_margin=-0.0090 safety/ssm_margin_actual=0.2310 safety/min_separation=0.3586 safety/pfl_force_ratio=0.0000 safety/robot_vel=0.2254 safety/human_vel=0.0000 episode_safety/ep_steps=201.0000 episode_safety/ep_ssm_violation_rate=0.5721 episode_safety/ep_ssm_violation_actual_rate=0.1592 episode_safety/ep_proximity_violation_rate=0.4229 episode_safety/ep_pfl_violation_rate=0.0000 episode_safety/ep_min_ssm_margin=-0.4645 episode_safety/ep_min_ssm_margin_actual=-0.2246 episode_safety/ep_min_separation=0.0570 episode_safety/ep_mean_separation=0.5355 episode_safety/ep_p5_separation=0.0710 episode_safety/ep_p25_separation=0.2438 episode_safety/ep_max_pfl_force_ratio=0.0000 episode_safety/ep_max_contact_force=0.0000 episode_safety/ep_max_robot_vel=2.0877 episode_safety/ep_mean_robot_vel=0.3020 episode_safety/ep_time_to_first_violation=48.0000 episode_safety/ep_time_in_proximity_0p3m=0.4229 episode_safety/ep_time_in_proximity_0p5m=0.7562 episode_safety/ep_time_in_proximity_1p0m=0.8756
[2026-06-02 13:21:29,160][__main__][INFO] - [safety] step=250 safety/ssm_violation=1.0000 safety/ssm_violation_actual=0.0000 safety/proximity_violation=1.0000 safety/pfl_violation=0.0000 safety/ssm_margin=-0.1133 safety/ssm_margin_actual=0.1267 safety/min_separation=0.2509 safety/pfl_force_ratio=0.0000 safety/robot_vel=0.2015 safety/human_vel=0.0000 episode_safety/ep_steps=251.0000 episode_safety/ep_ssm_violation_rate=0.6096 episode_safety/ep_ssm_violation_actual_rate=0.1394 episode_safety/ep_proximity_violation_rate=0.3904 episode_safety/ep_pfl_violation_rate=0.0000 episode_safety/ep_min_ssm_margin=-1.2485 episode_safety/ep_min_ssm_margin_actual=-1.0085 episode_safety/ep_min_separation=0.0570 episode_safety/ep_mean_separation=0.4950 episode_safety/ep_p5_separation=0.0791 episode_safety/ep_p25_separation=0.2592 episode_safety/ep_max_pfl_force_ratio=0.0000 episode_safety/ep_max_contact_force=0.0000 episode_safety/ep_max_robot_vel=3.0955 episode_safety/ep_mean_robot_vel=0.3154 episode_safety/ep_time_to_first_violation=48.0000 episode_safety/ep_time_in_proximity_0p3m=0.3904 episode_safety/ep_time_in_proximity_0p5m=0.8048 episode_safety/ep_time_in_proximity_1p0m=0.9004
[2026-06-02 13:21:30,138][__main__][INFO] - [safety] step=300 safety/ssm_violation=1.0000 safety/ssm_violation_actual=0.0000 safety/proximity_violation=0.0000 safety/pfl_violation=0.0000 safety/ssm_margin=-0.0009 safety/ssm_margin_actual=0.2379 safety/min_separation=0.5971 safety/pfl_force_ratio=0.0000 safety/robot_vel=1.1823 safety/human_vel=0.0080 episode_safety/ep_steps=301.0000 episode_safety/ep_ssm_violation_rate=0.6711 episode_safety/ep_ssm_violation_actual_rate=0.1661 episode_safety/ep_proximity_violation_rate=0.4751 episode_safety/ep_pfl_violation_rate=0.0000 episode_safety/ep_min_ssm_margin=-1.2485 episode_safety/ep_min_ssm_margin_actual=-1.0085 episode_safety/ep_min_separation=0.0207 episode_safety/ep_mean_separation=0.4471 episode_safety/ep_p5_separation=0.0658 episode_safety/ep_p25_separation=0.2292 episode_safety/ep_max_pfl_force_ratio=0.0000 episode_safety/ep_max_contact_force=0.0000 episode_safety/ep_max_robot_vel=3.1987 episode_safety/ep_mean_robot_vel=0.3153 episode_safety/ep_time_to_first_violation=48.0000 episode_safety/ep_time_in_proximity_0p3m=0.4751 episode_safety/ep_time_in_proximity_0p5m=0.8306 episode_safety/ep_time_in_proximity_1p0m=0.9169
[2026-06-02 13:21:30,849][__main__][INFO] - [episode] step=302 safety/ssm_violation=0.0000 safety/ssm_violation_actual=0.0000 safety/proximity_violation=0.0000 safety/pfl_violation=0.0000 safety/ssm_margin=0.2006 safety/ssm_margin_actual=0.4396 safety/min_separation=0.6744 safety/pfl_force_ratio=0.0000 safety/robot_vel=0.7600 safety/human_vel=0.0069 episode_safety/ep_steps=302.0000 episode_safety/ep_ssm_violation_rate=0.6689 episode_safety/ep_ssm_violation_actual_rate=0.1656 episode_safety/ep_proximity_violation_rate=0.4735 episode_safety/ep_pfl_violation_rate=0.0000 episode_safety/ep_min_ssm_margin=-1.2485 episode_safety/ep_min_ssm_margin_actual=-1.0085 episode_safety/ep_min_separation=0.0207 episode_safety/ep_mean_separation=0.4479 episode_safety/ep_p5_separation=0.0659 episode_safety/ep_p25_separation=0.2292 episode_safety/ep_max_pfl_force_ratio=0.0000 episode_safety/ep_max_contact_force=0.0000 episode_safety/ep_max_robot_vel=3.1987 episode_safety/ep_mean_robot_vel=0.3168 episode_safety/ep_time_to_first_violation=48.0000 episode_safety/ep_time_in_proximity_0p3m=0.4735 episode_safety/ep_time_in_proximity_0p5m=0.8278 episode_safety/ep_time_in_proximity_1p0m=0.9172 episode_cost_integral=250.6107 episode_lambda=0.0000
[2026-06-02 13:21:30,849][__main__][INFO] - [train] step=302 episode_reward=-1.8417 episode_length=302 episode=1 buffer_size=12921
[2026-06-02 13:21:31,783][__main__][INFO] - [safety] step=350 safety/ssm_violation=1.0000 safety/ssm_violation_actual=0.0000 safety/proximity_violation=0.0000 safety/pfl_violation=0.0000 safety/ssm_margin=-0.2159 safety/ssm_margin_actual=0.0106 safety/min_separation=0.3740 safety/pfl_force_ratio=0.0000 safety/robot_vel=1.1581 safety/human_vel=0.0901 episode_safety/ep_steps=49.0000 episode_safety/ep_ssm_violation_rate=0.2449 episode_safety/ep_ssm_violation_actual_rate=0.0204 episode_safety/ep_proximity_violation_rate=0.0000 episode_safety/ep_pfl_violation_rate=0.0000 episode_safety/ep_min_ssm_margin=-0.5974 episode_safety/ep_min_ssm_margin_actual=-0.3830 episode_safety/ep_min_separation=0.3552 episode_safety/ep_mean_separation=0.9229 episode_safety/ep_p5_separation=0.3573 episode_safety/ep_p25_separation=0.3740 episode_safety/ep_max_pfl_force_ratio=0.0000 episode_safety/ep_max_contact_force=0.0000 episode_safety/ep_max_robot_vel=2.0693 episode_safety/ep_mean_robot_vel=0.2328 episode_safety/ep_time_to_first_violation=30.0000 episode_safety/ep_time_in_proximity_0p3m=0.0000 episode_safety/ep_time_in_proximity_0p5m=0.4694 episode_safety/ep_time_in_proximity_1p0m=0.6327
[2026-06-02 13:21:32,691][__main__][INFO] - [safety] step=400 safety/ssm_violation=1.0000 safety/ssm_violation_actual=1.0000 safety/proximity_violation=1.0000 safety/pfl_violation=0.0000 safety/ssm_margin=-0.2636 safety/ssm_margin_actual=-0.0236 safety/min_separation=0.1572 safety/pfl_force_ratio=0.0000 safety/robot_vel=0.5285 safety/human_vel=0.0001 episode_safety/ep_steps=99.0000 episode_safety/ep_ssm_violation_rate=0.4444 episode_safety/ep_ssm_violation_actual_rate=0.0505 episode_safety/ep_proximity_violation_rate=0.0808 episode_safety/ep_pfl_violation_rate=0.0000 episode_safety/ep_min_ssm_margin=-0.7922 episode_safety/ep_min_ssm_margin_actual=-0.5524 episode_safety/ep_min_separation=0.1572 episode_safety/ep_mean_separation=0.6506 episode_safety/ep_p5_separation=0.2440 episode_safety/ep_p25_separation=0.3624 episode_safety/ep_max_pfl_force_ratio=0.0000 episode_safety/ep_max_contact_force=0.0000 episode_safety/ep_max_robot_vel=2.6051 episode_safety/ep_mean_robot_vel=0.3888 episode_safety/ep_time_to_first_violation=30.0000 episode_safety/ep_time_in_proximity_0p3m=0.0808 episode_safety/ep_time_in_proximity_0p5m=0.7374 episode_safety/ep_time_in_proximity_1p0m=0.8182
[2026-06-02 13:21:33,589][__main__][INFO] - [safety] step=450 safety/ssm_violation=1.0000 safety/ssm_violation_actual=0.0000 safety/proximity_violation=0.0000 safety/pfl_violation=0.0000 safety/ssm_margin=-0.0568 safety/ssm_margin_actual=0.1832 safety/min_separation=0.3133 safety/pfl_force_ratio=0.0000 safety/robot_vel=0.2418 safety/human_vel=0.0000 episode_safety/ep_steps=149.0000 episode_safety/ep_ssm_violation_rate=0.6309 episode_safety/ep_ssm_violation_actual_rate=0.1812 episode_safety/ep_proximity_violation_rate=0.3758 episode_safety/ep_pfl_violation_rate=0.0000 episode_safety/ep_min_ssm_margin=-0.7922 episode_safety/ep_min_ssm_margin_actual=-0.5524 episode_safety/ep_min_separation=0.0627 episode_safety/ep_mean_separation=0.4836 episode_safety/ep_p5_separation=0.0749 episode_safety/ep_p25_separation=0.1831 episode_safety/ep_max_pfl_force_ratio=0.0000 episode_safety/ep_max_contact_force=0.0000 episode_safety/ep_max_robot_vel=2.6051 episode_safety/ep_mean_robot_vel=0.3409 episode_safety/ep_time_to_first_violation=30.0000 episode_safety/ep_time_in_proximity_0p3m=0.3758 episode_safety/ep_time_in_proximity_0p5m=0.8255 episode_safety/ep_time_in_proximity_1p0m=0.8792
[2026-06-02 13:21:34,498][__main__][INFO] - [safety] step=500 safety/ssm_violation=1.0000 safety/ssm_violation_actual=0.0000 safety/proximity_violation=1.0000 safety/pfl_violation=0.0000 safety/ssm_margin=-0.1178 safety/ssm_margin_actual=0.1222 safety/min_separation=0.2307 safety/pfl_force_ratio=0.0000 safety/robot_vel=0.0786 safety/human_vel=0.0000 episode_safety/ep_steps=199.0000 episode_safety/ep_ssm_violation_rate=0.7236 episode_safety/ep_ssm_violation_actual_rate=0.1407 episode_safety/ep_proximity_violation_rate=0.5126 episode_safety/ep_pfl_violation_rate=0.0000 episode_safety/ep_min_ssm_margin=-0.7922 episode_safety/ep_min_ssm_margin_actual=-0.5524 episode_safety/ep_min_separation=0.0627 episode_safety/ep_mean_separation=0.4167 episode_safety/ep_p5_separation=0.0781 episode_safety/ep_p25_separation=0.1845 episode_safety/ep_max_pfl_force_ratio=0.0000 episode_safety/ep_max_contact_force=0.0000 episode_safety/ep_max_robot_vel=2.6051 episode_safety/ep_mean_robot_vel=0.3097 episode_safety/ep_time_to_first_violation=30.0000 episode_safety/ep_time_in_proximity_0p3m=0.5126 episode_safety/ep_time_in_proximity_0p5m=0.8693 episode_safety/ep_time_in_proximity_1p0m=0.9095
[2026-06-02 13:21:37,164][__main__][INFO] - [safety] step=550 safety/ssm_violation=1.0000 safety/ssm_violation_actual=1.0000 safety/proximity_violation=1.0000 safety/pfl_violation=0.0000 safety/ssm_margin=-0.1934 safety/ssm_margin_actual=-0.0020 safety/min_separation=0.1581 safety/pfl_force_ratio=0.0000 safety/robot_vel=0.1044 safety/human_vel=0.3236 episode_safety/ep_steps=249.0000 episode_safety/ep_ssm_violation_rate=0.7791 episode_safety/ep_ssm_violation_actual_rate=0.1928 episode_safety/ep_proximity_violation_rate=0.6104 episode_safety/ep_pfl_violation_rate=0.0000 episode_safety/ep_min_ssm_margin=-1.4050 episode_safety/ep_min_ssm_margin_actual=-1.1650 episode_safety/ep_min_separation=0.0627 episode_safety/ep_mean_separation=0.3691 episode_safety/ep_p5_separation=0.0888 episode_safety/ep_p25_separation=0.1701 episode_safety/ep_max_pfl_force_ratio=0.0000 episode_safety/ep_max_contact_force=0.0000 episode_safety/ep_max_robot_vel=3.1251 episode_safety/ep_mean_robot_vel=0.3230 episode_safety/ep_time_to_first_violation=30.0000 episode_safety/ep_time_in_proximity_0p3m=0.6104 episode_safety/ep_time_in_proximity_0p5m=0.8956 episode_safety/ep_time_in_proximity_1p0m=0.9277
[2026-06-02 13:21:38,377][__main__][INFO] - [safety] step=600 safety/ssm_violation=0.0000 safety/ssm_violation_actual=0.0000 safety/proximity_violation=0.0000 safety/pfl_violation=0.0000 safety/ssm_margin=0.5166 safety/ssm_margin_actual=0.7557 safety/min_separation=0.8809 safety/pfl_force_ratio=0.0000 safety/robot_vel=0.2023 safety/human_vel=0.0055 episode_safety/ep_steps=299.0000 episode_safety/ep_ssm_violation_rate=0.7993 episode_safety/ep_ssm_violation_actual_rate=0.2174 episode_safety/ep_proximity_violation_rate=0.6488 episode_safety/ep_pfl_violation_rate=0.0000 episode_safety/ep_min_ssm_margin=-1.4050 episode_safety/ep_min_ssm_margin_actual=-1.1650 episode_safety/ep_min_separation=0.0293 episode_safety/ep_mean_separation=0.3437 episode_safety/ep_p5_separation=0.0768 episode_safety/ep_p25_separation=0.1664 episode_safety/ep_max_pfl_force_ratio=0.0000 episode_safety/ep_max_contact_force=0.0000 episode_safety/ep_max_robot_vel=3.1930 episode_safety/ep_mean_robot_vel=0.3220 episode_safety/ep_time_to_first_violation=30.0000 episode_safety/ep_time_in_proximity_0p3m=0.6488 episode_safety/ep_time_in_proximity_0p5m=0.8963 episode_safety/ep_time_in_proximity_1p0m=0.9398
[2026-06-02 13:21:39,210][__main__][INFO] - [episode] step=608 safety/ssm_violation=0.0000 safety/ssm_violation_actual=0.0000 safety/proximity_violation=0.0000 safety/pfl_violation=0.0000 safety/ssm_margin=1.0708 safety/ssm_margin_actual=1.3106 safety/min_separation=1.4917 safety/pfl_force_ratio=0.0000 safety/robot_vel=0.5286 safety/human_vel=0.0019 episode_safety/ep_steps=306.0000 episode_safety/ep_ssm_violation_rate=0.7843 episode_safety/ep_ssm_violation_actual_rate=0.2124 episode_safety/ep_proximity_violation_rate=0.6340 episode_safety/ep_pfl_violation_rate=0.0000 episode_safety/ep_min_ssm_margin=-1.4050 episode_safety/ep_min_ssm_margin_actual=-1.1650 episode_safety/ep_min_separation=0.0293 episode_safety/ep_mean_separation=0.3640 episode_safety/ep_p5_separation=0.0773 episode_safety/ep_p25_separation=0.1671 episode_safety/ep_max_pfl_force_ratio=0.0000 episode_safety/ep_max_contact_force=0.0000 episode_safety/ep_max_robot_vel=3.1930 episode_safety/ep_mean_robot_vel=0.3376 episode_safety/ep_time_to_first_violation=30.0000 episode_safety/ep_time_in_proximity_0p3m=0.6340 episode_safety/ep_time_in_proximity_0p5m=0.8758 episode_safety/ep_time_in_proximity_1p0m=0.9216 episode_cost_integral=267.3671 episode_lambda=0.0000
[2026-06-02 13:21:39,210][__main__][INFO] - [train] step=608 episode_reward=-1.6805 episode_length=306 episode=2 buffer_size=13227
[2026-06-02 13:22:02,613][__main__][INFO] - [safety] step=650 safety/ssm_violation=0.0000 safety/ssm_violation_actual=0.0000 safety/proximity_violation=0.0000 safety/pfl_violation=0.0000 safety/ssm_margin=0.2711 safety/ssm_margin_actual=0.4958 safety/min_separation=0.6686 safety/pfl_force_ratio=0.0000 safety/robot_vel=0.4084 safety/human_vel=0.1016 episode_safety/ep_steps=43.0000 episode_safety/ep_ssm_violation_rate=0.0000 episode_safety/ep_ssm_violation_actual_rate=0.0000 episode_safety/ep_proximity_violation_rate=0.0000 episode_safety/ep_pfl_violation_rate=0.0000 episode_safety/ep_min_ssm_margin=0.2091 episode_safety/ep_min_ssm_margin_actual=0.4359 episode_safety/ep_min_separation=0.5616 episode_safety/ep_mean_separation=0.9932 episode_safety/ep_p5_separation=0.5687 episode_safety/ep_p25_separation=0.6079 episode_safety/ep_max_pfl_force_ratio=0.0000 episode_safety/ep_max_contact_force=0.0000 episode_safety/ep_max_robot_vel=0.4084 episode_safety/ep_mean_robot_vel=0.1468 episode_safety/ep_time_to_first_violation=-1.0000 episode_safety/ep_time_in_proximity_0p3m=0.0000 episode_safety/ep_time_in_proximity_0p5m=0.0000 episode_safety/ep_time_in_proximity_1p0m=0.6512
[2026-06-02 13:22:27,980][__main__][INFO] - [safety] step=700 safety/ssm_violation=0.0000 safety/ssm_violation_actual=0.0000 safety/proximity_violation=0.0000 safety/pfl_violation=0.0000 safety/ssm_margin=0.1214 safety/ssm_margin_actual=0.3613 safety/min_separation=0.5259 safety/pfl_force_ratio=0.0000 safety/robot_vel=0.4462 safety/human_vel=0.0001 episode_safety/ep_steps=93.0000 episode_safety/ep_ssm_violation_rate=0.0860 episode_safety/ep_ssm_violation_actual_rate=0.0215 episode_safety/ep_proximity_violation_rate=0.0000 episode_safety/ep_pfl_violation_rate=0.0000 episode_safety/ep_min_ssm_margin=-0.8300 episode_safety/ep_min_ssm_margin_actual=-0.5902 episode_safety/ep_min_separation=0.4357 episode_safety/ep_mean_separation=0.7581 episode_safety/ep_p5_separation=0.4423 episode_safety/ep_p25_separation=0.5241 episode_safety/ep_max_pfl_force_ratio=0.0000 episode_safety/ep_max_contact_force=0.0000 episode_safety/ep_max_robot_vel=2.5836 episode_safety/ep_mean_robot_vel=0.3334 episode_safety/ep_time_to_first_violation=51.0000 episode_safety/ep_time_in_proximity_0p3m=0.0000 episode_safety/ep_time_in_proximity_0p5m=0.2151 episode_safety/ep_time_in_proximity_1p0m=0.8387
[2026-06-02 13:22:54,622][__main__][INFO] - [safety] step=750 safety/ssm_violation=0.0000 safety/ssm_violation_actual=0.0000 safety/proximity_violation=0.0000 safety/pfl_violation=0.0000 safety/ssm_margin=0.3284 safety/ssm_margin_actual=0.5684 safety/min_separation=0.7285 safety/pfl_force_ratio=0.0000 safety/robot_vel=0.4227 safety/human_vel=0.0000 episode_safety/ep_steps=143.0000 episode_safety/ep_ssm_violation_rate=0.0559 episode_safety/ep_ssm_violation_actual_rate=0.0140 episode_safety/ep_proximity_violation_rate=0.0000 episode_safety/ep_pfl_violation_rate=0.0000 episode_safety/ep_min_ssm_margin=-0.8300 episode_safety/ep_min_ssm_margin_actual=-0.5902 episode_safety/ep_min_separation=0.4357 episode_safety/ep_mean_separation=0.7714 episode_safety/ep_p5_separation=0.4497 episode_safety/ep_p25_separation=0.5782 episode_safety/ep_max_pfl_force_ratio=0.0000 episode_safety/ep_max_contact_force=0.0000 episode_safety/ep_max_robot_vel=2.5836 episode_safety/ep_mean_robot_vel=0.3383 episode_safety/ep_time_to_first_violation=51.0000 episode_safety/ep_time_in_proximity_0p3m=0.0000 episode_safety/ep_time_in_proximity_0p5m=0.1399 episode_safety/ep_time_in_proximity_1p0m=0.8951
[2026-06-02 13:23:21,361][__main__][INFO] - [safety] step=800 safety/ssm_violation=0.0000 safety/ssm_violation_actual=0.0000 safety/proximity_violation=0.0000 safety/pfl_violation=0.0000 safety/ssm_margin=0.5813 safety/ssm_margin_actual=0.8213 safety/min_separation=0.9490 safety/pfl_force_ratio=0.0000 safety/robot_vel=0.2261 safety/human_vel=0.0000 episode_safety/ep_steps=193.0000 episode_safety/ep_ssm_violation_rate=0.0466 episode_safety/ep_ssm_violation_actual_rate=0.0155 episode_safety/ep_proximity_violation_rate=0.0000 episode_safety/ep_pfl_violation_rate=0.0000 episode_safety/ep_min_ssm_margin=-1.2346 episode_safety/ep_min_ssm_margin_actual=-0.9946 episode_safety/ep_min_separation=0.4357 episode_safety/ep_mean_separation=0.7747 episode_safety/ep_p5_separation=0.4553 episode_safety/ep_p25_separation=0.6147 episode_safety/ep_max_pfl_force_ratio=0.0000 episode_safety/ep_max_contact_force=0.0000 episode_safety/ep_max_robot_vel=3.5444 episode_safety/ep_mean_robot_vel=0.3382 episode_safety/ep_time_to_first_violation=51.0000 episode_safety/ep_time_in_proximity_0p3m=0.0000 episode_safety/ep_time_in_proximity_0p5m=0.1036 episode_safety/ep_time_in_proximity_1p0m=0.9223
[2026-06-02 13:23:47,999][__main__][INFO] - [safety] step=850 safety/ssm_violation=0.0000 safety/ssm_violation_actual=0.0000 safety/proximity_violation=0.0000 safety/pfl_violation=0.0000 safety/ssm_margin=0.4903 safety/ssm_margin_actual=0.7303 safety/min_separation=0.9035 safety/pfl_force_ratio=0.0000 safety/robot_vel=0.4908 safety/human_vel=0.0000 episode_safety/ep_steps=243.0000 episode_safety/ep_ssm_violation_rate=0.0412 episode_safety/ep_ssm_violation_actual_rate=0.0165 episode_safety/ep_proximity_violation_rate=0.0000 episode_safety/ep_pfl_violation_rate=0.0000 episode_safety/ep_min_ssm_margin=-1.2346 episode_safety/ep_min_ssm_margin_actual=-0.9946 episode_safety/ep_min_separation=0.4357 episode_safety/ep_mean_separation=0.8167 episode_safety/ep_p5_separation=0.4644 episode_safety/ep_p25_separation=0.6451 episode_safety/ep_max_pfl_force_ratio=0.0000 episode_safety/ep_max_contact_force=0.0000 episode_safety/ep_max_robot_vel=3.5444 episode_safety/ep_mean_robot_vel=0.3392 episode_safety/ep_time_to_first_violation=51.0000 episode_safety/ep_time_in_proximity_0p3m=0.0000 episode_safety/ep_time_in_proximity_0p5m=0.0823 episode_safety/ep_time_in_proximity_1p0m=0.9218
[2026-06-02 13:24:15,135][__main__][INFO] - [safety] step=900 safety/ssm_violation=0.0000 safety/ssm_violation_actual=0.0000 safety/proximity_violation=0.0000 safety/pfl_violation=0.0000 safety/ssm_margin=0.2863 safety/ssm_margin_actual=0.5236 safety/min_separation=0.6505 safety/pfl_force_ratio=0.0000 safety/robot_vel=0.2016 safety/human_vel=0.0179 episode_safety/ep_steps=293.0000 episode_safety/ep_ssm_violation_rate=0.0341 episode_safety/ep_ssm_violation_actual_rate=0.0137 episode_safety/ep_proximity_violation_rate=0.0000 episode_safety/ep_pfl_violation_rate=0.0000 episode_safety/ep_min_ssm_margin=-1.2346 episode_safety/ep_min_ssm_margin_actual=-0.9946 episode_safety/ep_min_separation=0.4357 episode_safety/ep_mean_separation=0.8027 episode_safety/ep_p5_separation=0.4769 episode_safety/ep_p25_separation=0.6432 episode_safety/ep_max_pfl_force_ratio=0.0000 episode_safety/ep_max_contact_force=0.0000 episode_safety/ep_max_robot_vel=3.5444 episode_safety/ep_mean_robot_vel=0.3201 episode_safety/ep_time_to_first_violation=51.0000 episode_safety/ep_time_in_proximity_0p3m=0.0000 episode_safety/ep_time_in_proximity_0p5m=0.0683 episode_safety/ep_time_in_proximity_1p0m=0.9352
[2026-06-02 13:24:25,365][__main__][INFO] - [episode] step=919 safety/ssm_violation=0.0000 safety/ssm_violation_actual=0.0000 safety/proximity_violation=0.0000 safety/pfl_violation=0.0000 safety/ssm_margin=0.5961 safety/ssm_margin_actual=0.8359 safety/min_separation=1.6033 safety/pfl_force_ratio=0.0000 safety/robot_vel=2.1309 safety/human_vel=0.0012 episode_safety/ep_steps=311.0000 episode_safety/ep_ssm_violation_rate=0.0354 episode_safety/ep_ssm_violation_actual_rate=0.0161 episode_safety/ep_proximity_violation_rate=0.0000 episode_safety/ep_pfl_violation_rate=0.0000 episode_safety/ep_min_ssm_margin=-1.2346 episode_safety/ep_min_ssm_margin_actual=-0.9946 episode_safety/ep_min_separation=0.4357 episode_safety/ep_mean_separation=0.8226 episode_safety/ep_p5_separation=0.4823 episode_safety/ep_p25_separation=0.6473 episode_safety/ep_max_pfl_force_ratio=0.0000 episode_safety/ep_max_contact_force=0.0000 episode_safety/ep_max_robot_vel=3.5493 episode_safety/ep_mean_robot_vel=0.3261 episode_safety/ep_time_to_first_violation=51.0000 episode_safety/ep_time_in_proximity_0p3m=0.0000 episode_safety/ep_time_in_proximity_0p5m=0.0643 episode_safety/ep_time_in_proximity_1p0m=0.9035 episode_cost_integral=42.0501 episode_lambda=0.0000
[2026-06-02 13:24:25,366][__main__][INFO] - [train] step=919 episode_reward=-1.8666 episode_length=311 episode=3 buffer_size=13538
[2026-06-02 13:24:42,473][__main__][INFO] - [safety] step=950 safety/ssm_violation=0.0000 safety/ssm_violation_actual=0.0000 safety/proximity_violation=0.0000 safety/pfl_violation=0.0000 safety/ssm_margin=0.1193 safety/ssm_margin_actual=0.3484 safety/min_separation=0.4872 safety/pfl_force_ratio=0.0000 safety/robot_vel=0.2277 safety/human_vel=0.0724 episode_safety/ep_steps=32.0000 episode_safety/ep_ssm_violation_rate=0.0000 episode_safety/ep_ssm_violation_actual_rate=0.0000 episode_safety/ep_proximity_violation_rate=0.0000 episode_safety/ep_pfl_violation_rate=0.0000 episode_safety/ep_min_ssm_margin=0.1051 episode_safety/ep_min_ssm_margin_actual=0.3317 episode_safety/ep_min_separation=0.4867 episode_safety/ep_mean_separation=1.3180 episode_safety/ep_p5_separation=0.4909 episode_safety/ep_p25_separation=0.7083 episode_safety/ep_max_pfl_force_ratio=0.0000 episode_safety/ep_max_contact_force=0.0000 episode_safety/ep_max_robot_vel=0.3166 episode_safety/ep_mean_robot_vel=0.1335 episode_safety/ep_time_to_first_violation=-1.0000 episode_safety/ep_time_in_proximity_0p3m=0.0000 episode_safety/ep_time_in_proximity_0p5m=0.0938 episode_safety/ep_time_in_proximity_1p0m=0.3750
[2026-06-02 13:25:09,036][__main__][INFO] - [safety] step=1000 safety/ssm_violation=1.0000 safety/ssm_violation_actual=0.0000 safety/proximity_violation=0.0000 safety/pfl_violation=0.0000 safety/ssm_margin=-0.1488 safety/ssm_margin_actual=0.0911 safety/min_separation=0.3758 safety/pfl_force_ratio=0.0000 safety/robot_vel=0.9477 safety/human_vel=0.0006 episode_safety/ep_steps=82.0000 episode_safety/ep_ssm_violation_rate=0.0610 episode_safety/ep_ssm_violation_actual_rate=0.0122 episode_safety/ep_proximity_violation_rate=0.0000 episode_safety/ep_pfl_violation_rate=0.0000 episode_safety/ep_min_ssm_margin=-0.2779 episode_safety/ep_min_ssm_margin_actual=-0.0380 episode_safety/ep_min_separation=0.3758 episode_safety/ep_mean_separation=0.7889 episode_safety/ep_p5_separation=0.4014 episode_safety/ep_p25_separation=0.4563 episode_safety/ep_max_pfl_force_ratio=0.0000 episode_safety/ep_max_contact_force=0.0000 episode_safety/ep_max_robot_vel=1.3635 episode_safety/ep_mean_robot_vel=0.2679 episode_safety/ep_time_to_first_violation=40.0000 episode_safety/ep_time_in_proximity_0p3m=0.0000 episode_safety/ep_time_in_proximity_0p5m=0.6463 episode_safety/ep_time_in_proximity_1p0m=0.7561
[2026-06-02 13:25:35,542][__main__][INFO] - [safety] step=1050 safety/ssm_violation=1.0000 safety/ssm_violation_actual=0.0000 safety/proximity_violation=1.0000 safety/pfl_violation=0.0000 safety/ssm_margin=-0.1400 safety/ssm_margin_actual=0.1000 safety/min_separation=0.2245 safety/pfl_force_ratio=0.0000 safety/robot_vel=0.2032 safety/human_vel=0.0000 episode_safety/ep_steps=132.0000 episode_safety/ep_ssm_violation_rate=0.4167 episode_safety/ep_ssm_violation_actual_rate=0.0455 episode_safety/ep_proximity_violation_rate=0.3030 episode_safety/ep_pfl_violation_rate=0.0000 episode_safety/ep_min_ssm_margin=-0.2779 episode_safety/ep_min_ssm_margin_actual=-0.0380 episode_safety/ep_min_separation=0.1552 episode_safety/ep_mean_separation=0.5802 episode_safety/ep_p5_separation=0.1828 episode_safety/ep_p25_separation=0.2365 episode_safety/ep_max_pfl_force_ratio=0.0000 episode_safety/ep_max_contact_force=0.0000 episode_safety/ep_max_robot_vel=1.3635 episode_safety/ep_mean_robot_vel=0.2899 episode_safety/ep_time_to_first_violation=40.0000 episode_safety/ep_time_in_proximity_0p3m=0.3030 episode_safety/ep_time_in_proximity_0p5m=0.7803 episode_safety/ep_time_in_proximity_1p0m=0.8485
[2026-06-02 13:26:02,337][__main__][INFO] - [safety] step=1100 safety/ssm_violation=0.0000 safety/ssm_violation_actual=0.0000 safety/proximity_violation=0.0000 safety/pfl_violation=0.0000 safety/ssm_margin=0.0598 safety/ssm_margin_actual=0.2998 safety/min_separation=0.4255 safety/pfl_force_ratio=0.0000 safety/robot_vel=0.2119 safety/human_vel=0.0000 episode_safety/ep_steps=182.0000 episode_safety/ep_ssm_violation_rate=0.5385 episode_safety/ep_ssm_violation_actual_rate=0.0330 episode_safety/ep_proximity_violation_rate=0.3956 episode_safety/ep_pfl_violation_rate=0.0000 episode_safety/ep_min_ssm_margin=-0.2779 episode_safety/ep_min_ssm_margin_actual=-0.0380 episode_safety/ep_min_separation=0.1552 episode_safety/ep_mean_separation=0.5034 episode_safety/ep_p5_separation=0.1886 episode_safety/ep_p25_separation=0.2569 episode_safety/ep_max_pfl_force_ratio=0.0000 episode_safety/ep_max_contact_force=0.0000 episode_safety/ep_max_robot_vel=1.3635 episode_safety/ep_mean_robot_vel=0.2923 episode_safety/ep_time_to_first_violation=40.0000 episode_safety/ep_time_in_proximity_0p3m=0.3956 episode_safety/ep_time_in_proximity_0p5m=0.8407 episode_safety/ep_time_in_proximity_1p0m=0.8901
[2026-06-02 13:26:29,092][__main__][INFO] - [safety] step=1150 safety/ssm_violation=0.0000 safety/ssm_violation_actual=0.0000 safety/proximity_violation=0.0000 safety/pfl_violation=0.0000 safety/ssm_margin=0.1360 safety/ssm_margin_actual=0.3760 safety/min_separation=0.4896 safety/pfl_force_ratio=0.0000 safety/robot_vel=0.1208 safety/human_vel=0.0000 episode_safety/ep_steps=232.0000 episode_safety/ep_ssm_violation_rate=0.4353 episode_safety/ep_ssm_violation_actual_rate=0.0345 episode_safety/ep_proximity_violation_rate=0.3103 episode_safety/ep_pfl_violation_rate=0.0000 episode_safety/ep_min_ssm_margin=-1.4964 episode_safety/ep_min_ssm_margin_actual=-1.2564 episode_safety/ep_min_separation=0.1552 episode_safety/ep_mean_separation=0.5021 episode_safety/ep_p5_separation=0.1958 episode_safety/ep_p25_separation=0.2786 episode_safety/ep_max_pfl_force_ratio=0.0000 episode_safety/ep_max_contact_force=0.0000 episode_safety/ep_max_robot_vel=3.6189 episode_safety/ep_mean_robot_vel=0.3033 episode_safety/ep_time_to_first_violation=40.0000 episode_safety/ep_time_in_proximity_0p3m=0.3103 episode_safety/ep_time_in_proximity_0p5m=0.7457 episode_safety/ep_time_in_proximity_1p0m=0.9138
[2026-06-02 13:26:56,391][__main__][INFO] - [safety] step=1200 safety/ssm_violation=1.0000 safety/ssm_violation_actual=0.0000 safety/proximity_violation=1.0000 safety/pfl_violation=0.0000 safety/ssm_margin=-0.0945 safety/ssm_margin_actual=0.1455 safety/min_separation=0.2912 safety/pfl_force_ratio=0.0000 safety/robot_vel=0.3406 safety/human_vel=0.0000 episode_safety/ep_steps=282.0000 episode_safety/ep_ssm_violation_rate=0.4823 episode_safety/ep_ssm_violation_actual_rate=0.0284 episode_safety/ep_proximity_violation_rate=0.3333 episode_safety/ep_pfl_violation_rate=0.0000 episode_safety/ep_min_ssm_margin=-1.4964 episode_safety/ep_min_ssm_margin_actual=-1.2564 episode_safety/ep_min_separation=0.1552 episode_safety/ep_mean_separation=0.4741 episode_safety/ep_p5_separation=0.2021 episode_safety/ep_p25_separation=0.2771 episode_safety/ep_max_pfl_force_ratio=0.0000 episode_safety/ep_max_contact_force=0.0000 episode_safety/ep_max_robot_vel=3.6189 episode_safety/ep_mean_robot_vel=0.2966 episode_safety/ep_time_to_first_violation=40.0000 episode_safety/ep_time_in_proximity_0p3m=0.3333 episode_safety/ep_time_in_proximity_0p5m=0.7801 episode_safety/ep_time_in_proximity_1p0m=0.9291
[2026-06-02 13:27:08,856][__main__][INFO] - [episode] step=1223 safety/ssm_violation=1.0000 safety/ssm_violation_actual=0.0000 safety/proximity_violation=0.0000 safety/pfl_violation=0.0000 safety/ssm_margin=-0.0424 safety/ssm_margin_actual=0.1976 safety/min_separation=0.4147 safety/pfl_force_ratio=0.0000 safety/robot_vel=0.6920 safety/human_vel=0.0000 episode_safety/ep_steps=304.0000 episode_safety/ep_ssm_violation_rate=0.4934 episode_safety/ep_ssm_violation_actual_rate=0.0329 episode_safety/ep_proximity_violation_rate=0.3125 episode_safety/ep_pfl_violation_rate=0.0000 episode_safety/ep_min_ssm_margin=-1.4964 episode_safety/ep_min_ssm_margin_actual=-1.2564 episode_safety/ep_min_separation=0.1552 episode_safety/ep_mean_separation=0.4663 episode_safety/ep_p5_separation=0.2071 episode_safety/ep_p25_separation=0.2791 episode_safety/ep_max_pfl_force_ratio=0.0000 episode_safety/ep_max_contact_force=0.0000 episode_safety/ep_max_robot_vel=3.6189 episode_safety/ep_mean_robot_vel=0.3087 episode_safety/ep_time_to_first_violation=40.0000 episode_safety/ep_time_in_proximity_0p3m=0.3125 episode_safety/ep_time_in_proximity_0p5m=0.7961 episode_safety/ep_time_in_proximity_1p0m=0.9342 episode_cost_integral=238.2176 episode_lambda=0.0000
[2026-06-02 13:27:08,856][__main__][INFO] - [train] step=1223 episode_reward=-1.9224 episode_length=304 episode=4 buffer_size=13842
[2026-06-02 13:27:23,848][__main__][INFO] - [safety] step=1250 safety/ssm_violation=0.0000 safety/ssm_violation_actual=0.0000 safety/proximity_violation=0.0000 safety/pfl_violation=0.0000 safety/ssm_margin=0.0857 safety/ssm_margin_actual=0.3121 safety/min_separation=0.4563 safety/pfl_force_ratio=0.0000 safety/robot_vel=0.2454 safety/human_vel=0.0908 episode_safety/ep_steps=28.0000 episode_safety/ep_ssm_violation_rate=0.0000 episode_safety/ep_ssm_violation_actual_rate=0.0000 episode_safety/ep_proximity_violation_rate=0.0000 episode_safety/ep_pfl_violation_rate=0.0000 episode_safety/ep_min_ssm_margin=0.0857 episode_safety/ep_min_ssm_margin_actual=0.3121 episode_safety/ep_min_separation=0.4563 episode_safety/ep_mean_separation=1.2392 episode_safety/ep_p5_separation=0.5035 episode_safety/ep_p25_separation=0.7712 episode_safety/ep_max_pfl_force_ratio=0.0000 episode_safety/ep_max_contact_force=0.0000 episode_safety/ep_max_robot_vel=0.2454 episode_safety/ep_mean_robot_vel=0.1335 episode_safety/ep_time_to_first_violation=-1.0000 episode_safety/ep_time_in_proximity_0p3m=0.0000 episode_safety/ep_time_in_proximity_0p5m=0.0714 episode_safety/ep_time_in_proximity_1p0m=0.3929
[2026-06-02 13:27:50,937][__main__][INFO] - [safety] step=1300 safety/ssm_violation=1.0000 safety/ssm_violation_actual=0.0000 safety/proximity_violation=0.0000 safety/pfl_violation=0.0000 safety/ssm_margin=-0.2202 safety/ssm_margin_actual=0.0196 safety/min_separation=0.5399 safety/pfl_force_ratio=0.0000 safety/robot_vel=1.6098 safety/human_vel=0.0013 episode_safety/ep_steps=78.0000 episode_safety/ep_ssm_violation_rate=0.0641 episode_safety/ep_ssm_violation_actual_rate=0.0385 episode_safety/ep_proximity_violation_rate=0.0000 episode_safety/ep_pfl_violation_rate=0.0000 episode_safety/ep_min_ssm_margin=-1.2535 episode_safety/ep_min_ssm_margin_actual=-1.0398 episode_safety/ep_min_separation=0.3983 episode_safety/ep_mean_separation=0.7315 episode_safety/ep_p5_separation=0.3994 episode_safety/ep_p25_separation=0.4083 episode_safety/ep_max_pfl_force_ratio=0.0000 episode_safety/ep_max_contact_force=0.0000 episode_safety/ep_max_robot_vel=3.1725 episode_safety/ep_mean_robot_vel=0.3461 episode_safety/ep_time_to_first_violation=41.0000 episode_safety/ep_time_in_proximity_0p3m=0.0000 episode_safety/ep_time_in_proximity_0p5m=0.5128 episode_safety/ep_time_in_proximity_1p0m=0.7821
[2026-06-02 13:28:17,978][__main__][INFO] - [safety] step=1350 safety/ssm_violation=1.0000 safety/ssm_violation_actual=0.0000 safety/proximity_violation=1.0000 safety/pfl_violation=0.0000 safety/ssm_margin=-0.1489 safety/ssm_margin_actual=0.0911 safety/min_separation=0.2156 safety/pfl_force_ratio=0.0000 safety/robot_vel=0.2030 safety/human_vel=0.0000 episode_safety/ep_steps=128.0000 episode_safety/ep_ssm_violation_rate=0.3594 episode_safety/ep_ssm_violation_actual_rate=0.0469 episode_safety/ep_proximity_violation_rate=0.2734 episode_safety/ep_pfl_violation_rate=0.0000 episode_safety/ep_min_ssm_margin=-1.2535 episode_safety/ep_min_ssm_margin_actual=-1.0398 episode_safety/ep_min_separation=0.1165 episode_safety/ep_mean_separation=0.5435 episode_safety/ep_p5_separation=0.1242 episode_safety/ep_p25_separation=0.2366 episode_safety/ep_max_pfl_force_ratio=0.0000 episode_safety/ep_max_contact_force=0.0000 episode_safety/ep_max_robot_vel=3.1725 episode_safety/ep_mean_robot_vel=0.3408 episode_safety/ep_time_to_first_violation=41.0000 episode_safety/ep_time_in_proximity_0p3m=0.2734 episode_safety/ep_time_in_proximity_0p5m=0.6719 episode_safety/ep_time_in_proximity_1p0m=0.8672
[2026-06-02 13:28:45,009][__main__][INFO] - [safety] step=1400 safety/ssm_violation=1.0000 safety/ssm_violation_actual=0.0000 safety/proximity_violation=1.0000 safety/pfl_violation=0.0000 safety/ssm_margin=-0.1377 safety/ssm_margin_actual=0.1023 safety/min_separation=0.2309 safety/pfl_force_ratio=0.0000 safety/robot_vel=0.2321 safety/human_vel=0.0000 episode_safety/ep_steps=178.0000 episode_safety/ep_ssm_violation_rate=0.5225 episode_safety/ep_ssm_violation_actual_rate=0.0337 episode_safety/ep_proximity_violation_rate=0.3876 episode_safety/ep_pfl_violation_rate=0.0000 episode_safety/ep_min_ssm_margin=-1.2535 episode_safety/ep_min_ssm_margin_actual=-1.0398 episode_safety/ep_min_separation=0.1165 episode_safety/ep_mean_separation=0.4662 episode_safety/ep_p5_separation=0.1297 episode_safety/ep_p25_separation=0.2201 episode_safety/ep_max_pfl_force_ratio=0.0000 episode_safety/ep_max_contact_force=0.0000 episode_safety/ep_max_robot_vel=3.1725 episode_safety/ep_mean_robot_vel=0.3213 episode_safety/ep_time_to_first_violation=41.0000 episode_safety/ep_time_in_proximity_0p3m=0.3876 episode_safety/ep_time_in_proximity_0p5m=0.7640 episode_safety/ep_time_in_proximity_1p0m=0.9045
[2026-06-02 13:29:12,109][__main__][INFO] - [safety] step=1450 safety/ssm_violation=1.0000 safety/ssm_violation_actual=1.0000 safety/proximity_violation=1.0000 safety/pfl_violation=0.0000 safety/ssm_margin=-0.2889 safety/ssm_margin_actual=-0.0489 safety/min_separation=0.1285 safety/pfl_force_ratio=0.0000 safety/robot_vel=0.5118 safety/human_vel=0.0000 episode_safety/ep_steps=228.0000 episode_safety/ep_ssm_violation_rate=0.6272 episode_safety/ep_ssm_violation_actual_rate=0.0658 episode_safety/ep_proximity_violation_rate=0.5219 episode_safety/ep_pfl_violation_rate=0.0000 episode_safety/ep_min_ssm_margin=-1.2732 episode_safety/ep_min_ssm_margin_actual=-1.0398 episode_safety/ep_min_separation=0.1165 episode_safety/ep_mean_separation=0.4156 episode_safety/ep_p5_separation=0.1286 episode_safety/ep_p25_separation=0.2242 episode_safety/ep_max_pfl_force_ratio=0.0000 episode_safety/ep_max_contact_force=0.0000 episode_safety/ep_max_robot_vel=3.1725 episode_safety/ep_mean_robot_vel=0.3267 episode_safety/ep_time_to_first_violation=41.0000 episode_safety/ep_time_in_proximity_0p3m=0.5219 episode_safety/ep_time_in_proximity_0p5m=0.8158 episode_safety/ep_time_in_proximity_1p0m=0.9254
[2026-06-02 13:29:40,616][__main__][INFO] - [safety] step=1500 safety/ssm_violation=0.0000 safety/ssm_violation_actual=0.0000 safety/proximity_violation=0.0000 safety/pfl_violation=0.0000 safety/ssm_margin=0.4920 safety/ssm_margin_actual=0.7302 safety/min_separation=0.8571 safety/pfl_force_ratio=0.0000 safety/robot_vel=0.2082 safety/human_vel=0.0119 episode_safety/ep_steps=278.0000 episode_safety/ep_ssm_violation_rate=0.6691 episode_safety/ep_ssm_violation_actual_rate=0.1727 episode_safety/ep_proximity_violation_rate=0.5791 episode_safety/ep_pfl_violation_rate=0.0000 episode_safety/ep_min_ssm_margin=-1.2732 episode_safety/ep_min_ssm_margin_actual=-1.0398 episode_safety/ep_min_separation=0.0279 episode_safety/ep_mean_separation=0.3732 episode_safety/ep_p5_separation=0.0489 episode_safety/ep_p25_separation=0.1869 episode_safety/ep_max_pfl_force_ratio=0.0000 episode_safety/ep_max_contact_force=0.0000 episode_safety/ep_max_robot_vel=3.1725 episode_safety/ep_mean_robot_vel=0.3161 episode_safety/ep_time_to_first_violation=41.0000 episode_safety/ep_time_in_proximity_0p3m=0.5791 episode_safety/ep_time_in_proximity_0p5m=0.8309 episode_safety/ep_time_in_proximity_1p0m=0.9388
[2026-06-02 13:29:52,980][__main__][INFO] - [episode] step=1523 safety/ssm_violation=0.0000 safety/ssm_violation_actual=0.0000 safety/proximity_violation=0.0000 safety/pfl_violation=0.0000 safety/ssm_margin=2.1795 safety/ssm_margin_actual=2.4194 safety/min_separation=2.5438 safety/pfl_force_ratio=0.0000 safety/robot_vel=0.2020 safety/human_vel=0.0005 episode_safety/ep_steps=300.0000 episode_safety/ep_ssm_violation_rate=0.6200 episode_safety/ep_ssm_violation_actual_rate=0.1600 episode_safety/ep_proximity_violation_rate=0.5367 episode_safety/ep_pfl_violation_rate=0.0000 episode_safety/ep_min_ssm_margin=-1.2732 episode_safety/ep_min_ssm_margin_actual=-1.0398 episode_safety/ep_min_separation=0.0279 episode_safety/ep_mean_separation=0.4783 episode_safety/ep_p5_separation=0.0495 episode_safety/ep_p25_separation=0.2023 episode_safety/ep_max_pfl_force_ratio=0.0000 episode_safety/ep_max_contact_force=0.0000 episode_safety/ep_max_robot_vel=3.5760 episode_safety/ep_mean_robot_vel=0.3326 episode_safety/ep_time_to_first_violation=41.0000 episode_safety/ep_time_in_proximity_0p3m=0.5367 episode_safety/ep_time_in_proximity_0p5m=0.7700 episode_safety/ep_time_in_proximity_1p0m=0.8733 episode_cost_integral=235.8763 episode_lambda=0.0000
[2026-06-02 13:29:52,980][__main__][INFO] - [train] step=1523 episode_reward=-1.7338 episode_length=300 episode=5 buffer_size=14142
[2026-06-02 13:30:08,417][__main__][INFO] - [safety] step=1550 safety/ssm_violation=1.0000 safety/ssm_violation_actual=0.0000 safety/proximity_violation=0.0000 safety/pfl_violation=0.0000 safety/ssm_margin=-0.0188 safety/ssm_margin_actual=0.2081 safety/min_separation=0.3468 safety/pfl_force_ratio=0.0000 safety/robot_vel=0.2111 safety/human_vel=0.0870 episode_safety/ep_steps=28.0000 episode_safety/ep_ssm_violation_rate=0.1429 episode_safety/ep_ssm_violation_actual_rate=0.0000 episode_safety/ep_proximity_violation_rate=0.0000 episode_safety/ep_pfl_violation_rate=0.0000 episode_safety/ep_min_ssm_margin=-0.0188 episode_safety/ep_min_ssm_margin_actual=0.2081 episode_safety/ep_min_separation=0.3438 episode_safety/ep_mean_separation=1.0699 episode_safety/ep_p5_separation=0.3455 episode_safety/ep_p25_separation=0.4788 episode_safety/ep_max_pfl_force_ratio=0.0000 episode_safety/ep_max_contact_force=0.0000 episode_safety/ep_max_robot_vel=0.2111 episode_safety/ep_mean_robot_vel=0.1103 episode_safety/ep_time_to_first_violation=24.0000 episode_safety/ep_time_in_proximity_0p3m=0.0000 episode_safety/ep_time_in_proximity_0p5m=0.2857 episode_safety/ep_time_in_proximity_1p0m=0.5000
[2026-06-02 13:30:37,384][__main__][INFO] - [safety] step=1600 safety/ssm_violation=1.0000 safety/ssm_violation_actual=0.0000 safety/proximity_violation=0.0000 safety/pfl_violation=0.0000 safety/ssm_margin=-0.1838 safety/ssm_margin_actual=0.0233 safety/min_separation=0.3626 safety/pfl_force_ratio=0.0000 safety/robot_vel=1.0214 safety/human_vel=0.2193 episode_safety/ep_steps=78.0000 episode_safety/ep_ssm_violation_rate=0.4359 episode_safety/ep_ssm_violation_actual_rate=0.0641 episode_safety/ep_proximity_violation_rate=0.0000 episode_safety/ep_pfl_violation_rate=0.0000 episode_safety/ep_min_ssm_margin=-0.9224 episode_safety/ep_min_ssm_margin_actual=-0.7176 episode_safety/ep_min_separation=0.3100 episode_safety/ep_mean_separation=0.6213 episode_safety/ep_p5_separation=0.3158 episode_safety/ep_p25_separation=0.3492 episode_safety/ep_max_pfl_force_ratio=0.0000 episode_safety/ep_max_contact_force=0.0000 episode_safety/ep_max_robot_vel=2.5650 episode_safety/ep_mean_robot_vel=0.3397 episode_safety/ep_time_to_first_violation=24.0000 episode_safety/ep_time_in_proximity_0p3m=0.0000 episode_safety/ep_time_in_proximity_0p5m=0.7436 episode_safety/ep_time_in_proximity_1p0m=0.8205
[2026-06-02 13:31:05,609][__main__][INFO] - [safety] step=1650 safety/ssm_violation=0.0000 safety/ssm_violation_actual=0.0000 safety/proximity_violation=0.0000 safety/pfl_violation=0.0000 safety/ssm_margin=0.2420 safety/ssm_margin_actual=0.4818 safety/min_separation=0.6080 safety/pfl_force_ratio=0.0000 safety/robot_vel=0.2144 safety/human_vel=0.0012 episode_safety/ep_steps=128.0000 episode_safety/ep_ssm_violation_rate=0.3359 episode_safety/ep_ssm_violation_actual_rate=0.0391 episode_safety/ep_proximity_violation_rate=0.0000 episode_safety/ep_pfl_violation_rate=0.0000 episode_safety/ep_min_ssm_margin=-0.9224 episode_safety/ep_min_ssm_margin_actual=-0.7176 episode_safety/ep_min_separation=0.3100 episode_safety/ep_mean_separation=0.6307 episode_safety/ep_p5_separation=0.3215 episode_safety/ep_p25_separation=0.3657 episode_safety/ep_max_pfl_force_ratio=0.0000 episode_safety/ep_max_contact_force=0.0000 episode_safety/ep_max_robot_vel=2.5650 episode_safety/ep_mean_robot_vel=0.3400 episode_safety/ep_time_to_first_violation=24.0000 episode_safety/ep_time_in_proximity_0p3m=0.0000 episode_safety/ep_time_in_proximity_0p5m=0.5625 episode_safety/ep_time_in_proximity_1p0m=0.8906
[2026-06-02 13:31:33,140][__main__][INFO] - [safety] step=1700 safety/ssm_violation=0.0000 safety/ssm_violation_actual=0.0000 safety/proximity_violation=0.0000 safety/pfl_violation=0.0000 safety/ssm_margin=0.2862 safety/ssm_margin_actual=0.5255 safety/min_separation=0.6502 safety/pfl_force_ratio=0.0000 safety/robot_vel=0.1997 safety/human_vel=0.0049 episode_safety/ep_steps=178.0000 episode_safety/ep_ssm_violation_rate=0.3146 episode_safety/ep_ssm_violation_actual_rate=0.0281 episode_safety/ep_proximity_violation_rate=0.0000 episode_safety/ep_pfl_violation_rate=0.0000 episode_safety/ep_min_ssm_margin=-0.9224 episode_safety/ep_min_ssm_margin_actual=-0.7176 episode_safety/ep_min_separation=0.3100 episode_safety/ep_mean_separation=0.5944 episode_safety/ep_p5_separation=0.3158 episode_safety/ep_p25_separation=0.3661 episode_safety/ep_max_pfl_force_ratio=0.0000 episode_safety/ep_max_contact_force=0.0000 episode_safety/ep_max_robot_vel=2.5650 episode_safety/ep_mean_robot_vel=0.3288 episode_safety/ep_time_to_first_violation=24.0000 episode_safety/ep_time_in_proximity_0p3m=0.0000 episode_safety/ep_time_in_proximity_0p5m=0.5225 episode_safety/ep_time_in_proximity_1p0m=0.9213
[2026-06-02 13:32:00,140][__main__][INFO] - [safety] step=1750 safety/ssm_violation=0.0000 safety/ssm_violation_actual=0.0000 safety/proximity_violation=0.0000 safety/pfl_violation=0.0000 safety/ssm_margin=0.2783 safety/ssm_margin_actual=0.5183 safety/min_separation=0.6347 safety/pfl_force_ratio=0.0000 safety/robot_vel=0.1436 safety/human_vel=0.0000 episode_safety/ep_steps=228.0000 episode_safety/ep_ssm_violation_rate=0.2544 episode_safety/ep_ssm_violation_actual_rate=0.0307 episode_safety/ep_proximity_violation_rate=0.0000 episode_safety/ep_pfl_violation_rate=0.0000 episode_safety/ep_min_ssm_margin=-1.2400 episode_safety/ep_min_ssm_margin_actual=-1.0000 episode_safety/ep_min_separation=0.3100 episode_safety/ep_mean_separation=0.6040 episode_safety/ep_p5_separation=0.3186 episode_safety/ep_p25_separation=0.3873 episode_safety/ep_max_pfl_force_ratio=0.0000 episode_safety/ep_max_contact_force=0.0000 episode_safety/ep_max_robot_vel=3.4692 episode_safety/ep_mean_robot_vel=0.3241 episode_safety/ep_time_to_first_violation=24.0000 episode_safety/ep_time_in_proximity_0p3m=0.0000 episode_safety/ep_time_in_proximity_0p5m=0.4079 episode_safety/ep_time_in_proximity_1p0m=0.9386
[2026-06-02 13:32:26,980][__main__][INFO] - [safety] step=1800 safety/ssm_violation=0.0000 safety/ssm_violation_actual=0.0000 safety/proximity_violation=0.0000 safety/pfl_violation=0.0000 safety/ssm_margin=0.9876 safety/ssm_margin_actual=1.2265 safety/min_separation=1.3694 safety/pfl_force_ratio=0.0000 safety/robot_vel=0.3172 safety/human_vel=0.0071 episode_safety/ep_steps=278.0000 episode_safety/ep_ssm_violation_rate=0.2086 episode_safety/ep_ssm_violation_actual_rate=0.0252 episode_safety/ep_proximity_violation_rate=0.0000 episode_safety/ep_pfl_violation_rate=0.0000 episode_safety/ep_min_ssm_margin=-1.2400 episode_safety/ep_min_ssm_margin_actual=-1.0000 episode_safety/ep_min_separation=0.3100 episode_safety/ep_mean_separation=0.6095 episode_safety/ep_p5_separation=0.3226 episode_safety/ep_p25_separation=0.4022 episode_safety/ep_max_pfl_force_ratio=0.0000 episode_safety/ep_max_contact_force=0.0000 episode_safety/ep_max_robot_vel=3.4692 episode_safety/ep_mean_robot_vel=0.3103 episode_safety/ep_time_to_first_violation=24.0000 episode_safety/ep_time_in_proximity_0p3m=0.0000 episode_safety/ep_time_in_proximity_0p5m=0.3741 episode_safety/ep_time_in_proximity_1p0m=0.9353
[2026-06-02 13:32:44,177][__main__][INFO] - [episode] step=1831 safety/ssm_violation=0.0000 safety/ssm_violation_actual=0.0000 safety/proximity_violation=0.0000 safety/pfl_violation=0.0000 safety/ssm_margin=2.0085 safety/ssm_margin_actual=2.2402 safety/min_separation=2.4185 safety/pfl_force_ratio=0.0000 safety/robot_vel=0.4749 safety/human_vel=0.0556 episode_safety/ep_steps=308.0000 episode_safety/ep_ssm_violation_rate=0.1883 episode_safety/ep_ssm_violation_actual_rate=0.0227 episode_safety/ep_proximity_violation_rate=0.0000 episode_safety/ep_pfl_violation_rate=0.0000 episode_safety/ep_min_ssm_margin=-1.2400 episode_safety/ep_min_ssm_margin_actual=-1.0000 episode_safety/ep_min_separation=0.3100 episode_safety/ep_mean_separation=0.7644 episode_safety/ep_p5_separation=0.3254 episode_safety/ep_p25_separation=0.4079 episode_safety/ep_max_pfl_force_ratio=0.0000 episode_safety/ep_max_contact_force=0.0000 episode_safety/ep_max_robot_vel=3.4692 episode_safety/ep_mean_robot_vel=0.3224 episode_safety/ep_time_to_first_violation=24.0000 episode_safety/ep_time_in_proximity_0p3m=0.0000 episode_safety/ep_time_in_proximity_0p5m=0.3377 episode_safety/ep_time_in_proximity_1p0m=0.8442 episode_cost_integral=122.5224 episode_lambda=0.0000
[2026-06-02 13:32:44,178][__main__][INFO] - [train] step=1831 episode_reward=-1.9236 episode_length=308 episode=6 buffer_size=14450
[2026-06-02 13:32:55,099][__main__][INFO] - [safety] step=1850 safety/ssm_violation=0.0000 safety/ssm_violation_actual=0.0000 safety/proximity_violation=0.0000 safety/pfl_violation=0.0000 safety/ssm_margin=0.9656 safety/ssm_margin_actual=1.1902 safety/min_separation=1.3143 safety/pfl_force_ratio=0.0000 safety/robot_vel=0.0803 safety/human_vel=0.1024 episode_safety/ep_steps=20.0000 episode_safety/ep_ssm_violation_rate=0.0000 episode_safety/ep_ssm_violation_actual_rate=0.0000 episode_safety/ep_proximity_violation_rate=0.0000 episode_safety/ep_pfl_violation_rate=0.0000 episode_safety/ep_min_ssm_margin=0.9656 episode_safety/ep_min_ssm_margin_actual=1.1902 episode_safety/ep_min_separation=1.3143 episode_safety/ep_mean_separation=1.9745 episode_safety/ep_p5_separation=1.3910 episode_safety/ep_p25_separation=1.7020 episode_safety/ep_max_pfl_force_ratio=0.0000 episode_safety/ep_max_contact_force=0.0000 episode_safety/ep_max_robot_vel=0.1950 episode_safety/ep_mean_robot_vel=0.1211 episode_safety/ep_time_to_first_violation=-1.0000 episode_safety/ep_time_in_proximity_0p3m=0.0000 episode_safety/ep_time_in_proximity_0p5m=0.0000 episode_safety/ep_time_in_proximity_1p0m=0.0000
[2026-06-02 13:33:21,901][__main__][INFO] - [safety] step=1900 safety/ssm_violation=1.0000 safety/ssm_violation_actual=0.0000 safety/proximity_violation=0.0000 safety/pfl_violation=0.0000 safety/ssm_margin=-0.0019 safety/ssm_margin_actual=0.2372 safety/min_separation=0.3786 safety/pfl_force_ratio=0.0000 safety/robot_vel=0.3096 safety/human_vel=0.0056 episode_safety/ep_steps=70.0000 episode_safety/ep_ssm_violation_rate=0.4143 episode_safety/ep_ssm_violation_actual_rate=0.0429 episode_safety/ep_proximity_violation_rate=0.0000 episode_safety/ep_pfl_violation_rate=0.0000 episode_safety/ep_min_ssm_margin=-0.4659 episode_safety/ep_min_ssm_margin_actual=-0.2374 episode_safety/ep_min_separation=0.3329 episode_safety/ep_mean_separation=0.9029 episode_safety/ep_p5_separation=0.3339 episode_safety/ep_p25_separation=0.3554 episode_safety/ep_max_pfl_force_ratio=0.0000 episode_safety/ep_max_contact_force=0.0000 episode_safety/ep_max_robot_vel=1.7141 episode_safety/ep_mean_robot_vel=0.2626 episode_safety/ep_time_to_first_violation=37.0000 episode_safety/ep_time_in_proximity_0p3m=0.0000 episode_safety/ep_time_in_proximity_0p5m=0.5429 episode_safety/ep_time_in_proximity_1p0m=0.6714
[2026-06-02 13:33:50,692][__main__][INFO] - [safety] step=1950 safety/ssm_violation=1.0000 safety/ssm_violation_actual=1.0000 safety/proximity_violation=1.0000 safety/pfl_violation=0.0000 safety/ssm_margin=-0.3383 safety/ssm_margin_actual=-0.1136 safety/min_separation=0.0160 safety/pfl_force_ratio=0.0000 safety/robot_vel=0.1268 safety/human_vel=0.1020 episode_safety/ep_steps=120.0000 episode_safety/ep_ssm_violation_rate=0.6167 episode_safety/ep_ssm_violation_actual_rate=0.2833 episode_safety/ep_proximity_violation_rate=0.2833 episode_safety/ep_pfl_violation_rate=0.0000 episode_safety/ep_min_ssm_margin=-0.8759 episode_safety/ep_min_ssm_margin_actual=-0.6360 episode_safety/ep_min_separation=0.0160 episode_safety/ep_mean_separation=0.6025 episode_safety/ep_p5_separation=0.0248 episode_safety/ep_p25_separation=0.2336 episode_safety/ep_max_pfl_force_ratio=0.0000 episode_safety/ep_max_contact_force=0.0000 episode_safety/ep_max_robot_vel=2.5786 episode_safety/ep_mean_robot_vel=0.3519 episode_safety/ep_time_to_first_violation=37.0000 episode_safety/ep_time_in_proximity_0p3m=0.2833 episode_safety/ep_time_in_proximity_0p5m=0.7333 episode_safety/ep_time_in_proximity_1p0m=0.8083
[2026-06-02 13:34:17,402][__main__][INFO] - [safety] step=2000 safety/ssm_violation=1.0000 safety/ssm_violation_actual=0.0000 safety/proximity_violation=1.0000 safety/pfl_violation=0.0000 safety/ssm_margin=-0.2316 safety/ssm_margin_actual=0.0084 safety/min_separation=0.1412 safety/pfl_force_ratio=0.0000 safety/robot_vel=0.2603 safety/human_vel=0.0003 episode_safety/ep_steps=170.0000 episode_safety/ep_ssm_violation_rate=0.7294 episode_safety/ep_ssm_violation_actual_rate=0.3647 episode_safety/ep_proximity_violation_rate=0.4941 episode_safety/ep_pfl_violation_rate=0.0000 episode_safety/ep_min_ssm_margin=-0.8759 episode_safety/ep_min_ssm_margin_actual=-0.6360 episode_safety/ep_min_separation=0.0086 episode_safety/ep_mean_separation=0.4571 episode_safety/ep_p5_separation=0.0238 episode_safety/ep_p25_separation=0.0977 episode_safety/ep_max_pfl_force_ratio=0.0000 episode_safety/ep_max_contact_force=0.0000 episode_safety/ep_max_robot_vel=2.5786 episode_safety/ep_mean_robot_vel=0.3174 episode_safety/ep_time_to_first_violation=37.0000 episode_safety/ep_time_in_proximity_0p3m=0.4941 episode_safety/ep_time_in_proximity_0p5m=0.8118 episode_safety/ep_time_in_proximity_1p0m=0.8647
[2026-06-02 13:34:43,770][__main__][INFO] - [safety] step=2050 safety/ssm_violation=1.0000 safety/ssm_violation_actual=0.0000 safety/proximity_violation=1.0000 safety/pfl_violation=0.0000 safety/ssm_margin=-0.2079 safety/ssm_margin_actual=0.0321 safety/min_separation=0.1523 safety/pfl_force_ratio=0.0000 safety/robot_vel=0.1725 safety/human_vel=0.0000 episode_safety/ep_steps=220.0000 episode_safety/ep_ssm_violation_rate=0.7909 episode_safety/ep_ssm_violation_actual_rate=0.3000 episode_safety/ep_proximity_violation_rate=0.6091 episode_safety/ep_pfl_violation_rate=0.0000 episode_safety/ep_min_ssm_margin=-1.7366 episode_safety/ep_min_ssm_margin_actual=-1.4966 episode_safety/ep_min_separation=0.0086 episode_safety/ep_mean_separation=0.3891 episode_safety/ep_p5_separation=0.0248 episode_safety/ep_p25_separation=0.1413 episode_safety/ep_max_pfl_force_ratio=0.0000 episode_safety/ep_max_contact_force=0.0000 episode_safety/ep_max_robot_vel=3.4632 episode_safety/ep_mean_robot_vel=0.3131 episode_safety/ep_time_to_first_violation=37.0000 episode_safety/ep_time_in_proximity_0p3m=0.6091 episode_safety/ep_time_in_proximity_0p5m=0.8545 episode_safety/ep_time_in_proximity_1p0m=0.8955
[2026-06-02 13:35:10,140][__main__][INFO] - [safety] step=2100 safety/ssm_violation=0.0000 safety/ssm_violation_actual=0.0000 safety/proximity_violation=0.0000 safety/pfl_violation=0.0000 safety/ssm_margin=0.4702 safety/ssm_margin_actual=0.7087 safety/min_separation=0.8424 safety/pfl_force_ratio=0.0000 safety/robot_vel=0.2565 safety/human_vel=0.0099 episode_safety/ep_steps=270.0000 episode_safety/ep_ssm_violation_rate=0.8074 episode_safety/ep_ssm_violation_actual_rate=0.3185 episode_safety/ep_proximity_violation_rate=0.6556 episode_safety/ep_pfl_violation_rate=0.0000 episode_safety/ep_min_ssm_margin=-1.7366 episode_safety/ep_min_ssm_margin_actual=-1.4966 episode_safety/ep_min_separation=0.0086 episode_safety/ep_mean_separation=0.3536 episode_safety/ep_p5_separation=0.0260 episode_safety/ep_p25_separation=0.1355 episode_safety/ep_max_pfl_force_ratio=0.0000 episode_safety/ep_max_contact_force=0.0000 episode_safety/ep_max_robot_vel=3.4632 episode_safety/ep_mean_robot_vel=0.3082 episode_safety/ep_time_to_first_violation=37.0000 episode_safety/ep_time_in_proximity_0p3m=0.6556 episode_safety/ep_time_in_proximity_0p5m=0.8630 episode_safety/ep_time_in_proximity_1p0m=0.9148
[2026-06-02 13:35:32,805][__main__][INFO] - [episode] step=2142 safety/ssm_violation=0.0000 safety/ssm_violation_actual=0.0000 safety/proximity_violation=0.0000 safety/pfl_violation=0.0000 safety/ssm_margin=1.7774 safety/ssm_margin_actual=2.0140 safety/min_separation=2.1594 safety/pfl_force_ratio=0.0000 safety/robot_vel=0.3181 safety/human_vel=0.0226 episode_safety/ep_steps=311.0000 episode_safety/ep_ssm_violation_rate=0.7010 episode_safety/ep_ssm_violation_actual_rate=0.2765 episode_safety/ep_proximity_violation_rate=0.5691 episode_safety/ep_pfl_violation_rate=0.0000 episode_safety/ep_min_ssm_margin=-1.7366 episode_safety/ep_min_ssm_margin_actual=-1.4966 episode_safety/ep_min_separation=0.0086 episode_safety/ep_mean_separation=0.5599 episode_safety/ep_p5_separation=0.0297 episode_safety/ep_p25_separation=0.1465 episode_safety/ep_max_pfl_force_ratio=0.0000 episode_safety/ep_max_contact_force=0.0000 episode_safety/ep_max_robot_vel=3.4632 episode_safety/ep_mean_robot_vel=0.3181 episode_safety/ep_time_to_first_violation=37.0000 episode_safety/ep_time_in_proximity_0p3m=0.5691 episode_safety/ep_time_in_proximity_0p5m=0.7492 episode_safety/ep_time_in_proximity_1p0m=0.7974 episode_cost_integral=233.8231 episode_lambda=0.0000
[2026-06-02 13:35:32,805][__main__][INFO] - [train] step=2142 episode_reward=-2.1006 episode_length=311 episode=7 buffer_size=14761
[2026-06-02 13:35:37,485][__main__][INFO] - [safety] step=2150 safety/ssm_violation=0.0000 safety/ssm_violation_actual=0.0000 safety/proximity_violation=0.0000 safety/pfl_violation=0.0000 safety/ssm_margin=1.6664 safety/ssm_margin_actual=1.8807 safety/min_separation=2.0144 safety/pfl_force_ratio=0.0000 safety/robot_vel=0.0745 safety/human_vel=0.1712 episode_safety/ep_steps=9.0000 episode_safety/ep_ssm_violation_rate=0.0000 episode_safety/ep_ssm_violation_actual_rate=0.0000 episode_safety/ep_proximity_violation_rate=0.0000 episode_safety/ep_pfl_violation_rate=0.0000 episode_safety/ep_min_ssm_margin=1.6664 episode_safety/ep_min_ssm_margin_actual=1.8807 episode_safety/ep_min_separation=2.0144 episode_safety/ep_mean_separation=2.2281 episode_safety/ep_p5_separation=2.0416 episode_safety/ep_p25_separation=2.1470 episode_safety/ep_max_pfl_force_ratio=0.0000 episode_safety/ep_max_contact_force=0.0000 episode_safety/ep_max_robot_vel=0.2113 episode_safety/ep_mean_robot_vel=0.1150 episode_safety/ep_time_to_first_violation=-1.0000 episode_safety/ep_time_in_proximity_0p3m=0.0000 episode_safety/ep_time_in_proximity_0p5m=0.0000 episode_safety/ep_time_in_proximity_1p0m=0.0000
[2026-06-02 13:36:03,687][__main__][INFO] - [safety] step=2200 safety/ssm_violation=0.0000 safety/ssm_violation_actual=0.0000 safety/proximity_violation=0.0000 safety/pfl_violation=0.0000 safety/ssm_margin=0.3238 safety/ssm_margin_actual=0.5609 safety/min_separation=0.6967 safety/pfl_force_ratio=0.0000 safety/robot_vel=0.2615 safety/human_vel=0.0193 episode_safety/ep_steps=59.0000 episode_safety/ep_ssm_violation_rate=0.0000 episode_safety/ep_ssm_violation_actual_rate=0.0000 episode_safety/ep_proximity_violation_rate=0.0000 episode_safety/ep_pfl_violation_rate=0.0000 episode_safety/ep_min_ssm_margin=0.0191 episode_safety/ep_min_ssm_margin_actual=0.2511 episode_safety/ep_min_separation=0.6784 episode_safety/ep_mean_separation=1.1169 episode_safety/ep_p5_separation=0.6944 episode_safety/ep_p25_separation=0.7245 episode_safety/ep_max_pfl_force_ratio=0.0000 episode_safety/ep_max_contact_force=0.0000 episode_safety/ep_max_robot_vel=1.5043 episode_safety/ep_mean_robot_vel=0.2282 episode_safety/ep_time_to_first_violation=-1.0000 episode_safety/ep_time_in_proximity_0p3m=0.0000 episode_safety/ep_time_in_proximity_0p5m=0.0000 episode_safety/ep_time_in_proximity_1p0m=0.6441
[2026-06-02 13:36:30,114][__main__][INFO] - [safety] step=2250 safety/ssm_violation=0.0000 safety/ssm_violation_actual=0.0000 safety/proximity_violation=0.0000 safety/pfl_violation=0.0000 safety/ssm_margin=0.5345 safety/ssm_margin_actual=0.7745 safety/min_separation=0.9140 safety/pfl_force_ratio=0.0000 safety/robot_vel=0.3030 safety/human_vel=0.0000 episode_safety/ep_steps=109.0000 episode_safety/ep_ssm_violation_rate=0.0367 episode_safety/ep_ssm_violation_actual_rate=0.0183 episode_safety/ep_proximity_violation_rate=0.0000 episode_safety/ep_pfl_violation_rate=0.0000 episode_safety/ep_min_ssm_margin=-0.7565 episode_safety/ep_min_ssm_margin_actual=-0.5167 episode_safety/ep_min_separation=0.4896 episode_safety/ep_mean_separation=0.8930 episode_safety/ep_p5_separation=0.5039 episode_safety/ep_p25_separation=0.6112 episode_safety/ep_max_pfl_force_ratio=0.0000 episode_safety/ep_max_contact_force=0.0000 episode_safety/ep_max_robot_vel=2.5516 episode_safety/ep_mean_robot_vel=0.3710 episode_safety/ep_time_to_first_violation=72.0000 episode_safety/ep_time_in_proximity_0p3m=0.0000 episode_safety/ep_time_in_proximity_0p5m=0.0459 episode_safety/ep_time_in_proximity_1p0m=0.8073
[2026-06-02 13:36:56,596][__main__][INFO] - [safety] step=2300 safety/ssm_violation=0.0000 safety/ssm_violation_actual=0.0000 safety/proximity_violation=0.0000 safety/pfl_violation=0.0000 safety/ssm_margin=0.3731 safety/ssm_margin_actual=0.6131 safety/min_separation=0.7405 safety/pfl_force_ratio=0.0000 safety/robot_vel=0.2235 safety/human_vel=0.0000 episode_safety/ep_steps=159.0000 episode_safety/ep_ssm_violation_rate=0.0314 episode_safety/ep_ssm_violation_actual_rate=0.0189 episode_safety/ep_proximity_violation_rate=0.0000 episode_safety/ep_pfl_violation_rate=0.0000 episode_safety/ep_min_ssm_margin=-2.5003 episode_safety/ep_min_ssm_margin_actual=-2.2603 episode_safety/ep_min_separation=0.4896 episode_safety/ep_mean_separation=0.8780 episode_safety/ep_p5_separation=0.5098 episode_safety/ep_p25_separation=0.6869 episode_safety/ep_max_pfl_force_ratio=0.0000 episode_safety/ep_max_contact_force=0.0000 episode_safety/ep_max_robot_vel=4.9464 episode_safety/ep_mean_robot_vel=0.3654 episode_safety/ep_time_to_first_violation=72.0000 episode_safety/ep_time_in_proximity_0p3m=0.0000 episode_safety/ep_time_in_proximity_0p5m=0.0314 episode_safety/ep_time_in_proximity_1p0m=0.8679
[2026-06-02 13:37:23,541][__main__][INFO] - [safety] step=2350 safety/ssm_violation=0.0000 safety/ssm_violation_actual=0.0000 safety/proximity_violation=0.0000 safety/pfl_violation=0.0000 safety/ssm_margin=0.6960 safety/ssm_margin_actual=0.9360 safety/min_separation=1.0501 safety/pfl_force_ratio=0.0000 safety/robot_vel=0.1256 safety/human_vel=0.0000 episode_safety/ep_steps=209.0000 episode_safety/ep_ssm_violation_rate=0.0239 episode_safety/ep_ssm_violation_actual_rate=0.0144 episode_safety/ep_proximity_violation_rate=0.0000 episode_safety/ep_pfl_violation_rate=0.0000 episode_safety/ep_min_ssm_margin=-2.5003 episode_safety/ep_min_ssm_margin_actual=-2.2603 episode_safety/ep_min_separation=0.4896 episode_safety/ep_mean_separation=0.8967 episode_safety/ep_p5_separation=0.5190 episode_safety/ep_p25_separation=0.7154 episode_safety/ep_max_pfl_force_ratio=0.0000 episode_safety/ep_max_contact_force=0.0000 episode_safety/ep_max_robot_vel=4.9464 episode_safety/ep_mean_robot_vel=0.3278 episode_safety/ep_time_to_first_violation=72.0000 episode_safety/ep_time_in_proximity_0p3m=0.0000 episode_safety/ep_time_in_proximity_0p5m=0.0239 episode_safety/ep_time_in_proximity_1p0m=0.7943
[2026-06-02 13:37:50,140][__main__][INFO] - [safety] step=2400 safety/ssm_violation=0.0000 safety/ssm_violation_actual=0.0000 safety/proximity_violation=0.0000 safety/pfl_violation=0.0000 safety/ssm_margin=0.1527 safety/ssm_margin_actual=0.3923 safety/min_separation=0.5188 safety/pfl_force_ratio=0.0000 safety/robot_vel=0.2145 safety/human_vel=0.0029 episode_safety/ep_steps=259.0000 episode_safety/ep_ssm_violation_rate=0.0849 episode_safety/ep_ssm_violation_actual_rate=0.0541 episode_safety/ep_proximity_violation_rate=0.0502 episode_safety/ep_pfl_violation_rate=0.0000 episode_safety/ep_min_ssm_margin=-2.5003 episode_safety/ep_min_ssm_margin_actual=-2.2603 episode_safety/ep_min_separation=0.0380 episode_safety/ep_mean_separation=0.8521 episode_safety/ep_p5_separation=0.3026 episode_safety/ep_p25_separation=0.6960 episode_safety/ep_max_pfl_force_ratio=0.0000 episode_safety/ep_max_contact_force=0.0000 episode_safety/ep_max_robot_vel=4.9464 episode_safety/ep_mean_robot_vel=0.3378 episode_safety/ep_time_to_first_violation=72.0000 episode_safety/ep_time_in_proximity_0p3m=0.0502 episode_safety/ep_time_in_proximity_0p5m=0.0888 episode_safety/ep_time_in_proximity_1p0m=0.7606
[2026-06-02 13:38:16,472][__main__][INFO] - [safety] step=2450 safety/ssm_violation=1.0000 safety/ssm_violation_actual=0.0000 safety/proximity_violation=0.0000 safety/pfl_violation=0.0000 safety/ssm_margin=-0.0955 safety/ssm_margin_actual=0.1438 safety/min_separation=1.4812 safety/pfl_force_ratio=0.0000 safety/robot_vel=3.0520 safety/human_vel=0.0050 episode_safety/ep_steps=309.0000 episode_safety/ep_ssm_violation_rate=0.0744 episode_safety/ep_ssm_violation_actual_rate=0.0453 episode_safety/ep_proximity_violation_rate=0.0421 episode_safety/ep_pfl_violation_rate=0.0000 episode_safety/ep_min_ssm_margin=-2.5003 episode_safety/ep_min_ssm_margin_actual=-2.2603 episode_safety/ep_min_separation=0.0380 episode_safety/ep_mean_separation=0.9453 episode_safety/ep_p5_separation=0.3973 episode_safety/ep_p25_separation=0.7154 episode_safety/ep_max_pfl_force_ratio=0.0000 episode_safety/ep_max_contact_force=0.0000 episode_safety/ep_max_robot_vel=4.9464 episode_safety/ep_mean_robot_vel=0.3259 episode_safety/ep_time_to_first_violation=72.0000 episode_safety/ep_time_in_proximity_0p3m=0.0421 episode_safety/ep_time_in_proximity_0p5m=0.0744 episode_safety/ep_time_in_proximity_1p0m=0.6537
[2026-06-02 13:38:18,781][__main__][INFO] - [episode] step=2454 safety/ssm_violation=0.0000 safety/ssm_violation_actual=0.0000 safety/proximity_violation=0.0000 safety/pfl_violation=0.0000 safety/ssm_margin=1.0230 safety/ssm_margin_actual=1.2625 safety/min_separation=1.4737 safety/pfl_force_ratio=0.0000 safety/robot_vel=0.6648 safety/human_vel=0.0032 episode_safety/ep_steps=312.0000 episode_safety/ep_ssm_violation_rate=0.0737 episode_safety/ep_ssm_violation_actual_rate=0.0449 episode_safety/ep_proximity_violation_rate=0.0417 episode_safety/ep_pfl_violation_rate=0.0000 episode_safety/ep_min_ssm_margin=-2.5003 episode_safety/ep_min_ssm_margin_actual=-2.2603 episode_safety/ep_min_separation=0.0380 episode_safety/ep_mean_separation=0.9504 episode_safety/ep_p5_separation=0.4050 episode_safety/ep_p25_separation=0.7160 episode_safety/ep_max_pfl_force_ratio=0.0000 episode_safety/ep_max_contact_force=0.0000 episode_safety/ep_max_robot_vel=4.9464 episode_safety/ep_mean_robot_vel=0.3346 episode_safety/ep_time_to_first_violation=72.0000 episode_safety/ep_time_in_proximity_0p3m=0.0417 episode_safety/ep_time_in_proximity_0p5m=0.0737 episode_safety/ep_time_in_proximity_1p0m=0.6474 episode_cost_integral=43.2053 episode_lambda=0.0000
[2026-06-02 13:38:18,781][__main__][INFO] - [train] step=2454 episode_reward=-1.9892 episode_length=312 episode=8 buffer_size=15073
[2026-06-02 13:38:43,514][__main__][INFO] - [safety] step=2500 safety/ssm_violation=1.0000 safety/ssm_violation_actual=1.0000 safety/proximity_violation=1.0000 safety/pfl_violation=0.0000 safety/ssm_margin=-0.2351 safety/ssm_margin_actual=-0.0110 safety/min_separation=0.1158 safety/pfl_force_ratio=0.0000 safety/robot_vel=0.0987 safety/human_vel=0.1062 episode_safety/ep_steps=47.0000 episode_safety/ep_ssm_violation_rate=0.4468 episode_safety/ep_ssm_violation_actual_rate=0.2340 episode_safety/ep_proximity_violation_rate=0.4255 episode_safety/ep_pfl_violation_rate=0.0000 episode_safety/ep_min_ssm_margin=-1.0774 episode_safety/ep_min_ssm_margin_actual=-0.8547 episode_safety/ep_min_separation=0.1053 episode_safety/ep_mean_separation=0.7601 episode_safety/ep_p5_separation=0.1085 episode_safety/ep_p25_separation=0.1575 episode_safety/ep_max_pfl_force_ratio=0.0000 episode_safety/ep_max_contact_force=0.0000 episode_safety/ep_max_robot_vel=2.4475 episode_safety/ep_mean_robot_vel=0.2229 episode_safety/ep_time_to_first_violation=26.0000 episode_safety/ep_time_in_proximity_0p3m=0.4255 episode_safety/ep_time_in_proximity_0p5m=0.4894 episode_safety/ep_time_in_proximity_1p0m=0.6383
[2026-06-02 13:39:10,022][__main__][INFO] - [safety] step=2550 safety/ssm_violation=1.0000 safety/ssm_violation_actual=0.0000 safety/proximity_violation=1.0000 safety/pfl_violation=0.0000 safety/ssm_margin=-0.1809 safety/ssm_margin_actual=0.0591 safety/min_separation=0.1991 safety/pfl_force_ratio=0.0000 safety/robot_vel=0.3060 safety/human_vel=0.0001 episode_safety/ep_steps=97.0000 episode_safety/ep_ssm_violation_rate=0.7320 episode_safety/ep_ssm_violation_actual_rate=0.1546 episode_safety/ep_proximity_violation_rate=0.5670 episode_safety/ep_pfl_violation_rate=0.0000 episode_safety/ep_min_ssm_margin=-1.0774 episode_safety/ep_min_ssm_margin_actual=-0.8547 episode_safety/ep_min_separation=0.1053 episode_safety/ep_mean_separation=0.4952 episode_safety/ep_p5_separation=0.1157 episode_safety/ep_p25_separation=0.1787 episode_safety/ep_max_pfl_force_ratio=0.0000 episode_safety/ep_max_contact_force=0.0000 episode_safety/ep_max_robot_vel=2.4475 episode_safety/ep_mean_robot_vel=0.2727 episode_safety/ep_time_to_first_violation=26.0000 episode_safety/ep_time_in_proximity_0p3m=0.5670 episode_safety/ep_time_in_proximity_0p5m=0.7526 episode_safety/ep_time_in_proximity_1p0m=0.8247
[2026-06-02 13:39:35,818][__main__][INFO] - [safety] step=2600 safety/ssm_violation=1.0000 safety/ssm_violation_actual=1.0000 safety/proximity_violation=1.0000 safety/pfl_violation=0.0000 safety/ssm_margin=-0.2516 safety/ssm_margin_actual=-0.0116 safety/min_separation=0.0946 safety/pfl_force_ratio=0.0000 safety/robot_vel=0.0593 safety/human_vel=0.0000 episode_safety/ep_steps=147.0000 episode_safety/ep_ssm_violation_rate=0.8231 episode_safety/ep_ssm_violation_actual_rate=0.2245 episode_safety/ep_proximity_violation_rate=0.7143 episode_safety/ep_pfl_violation_rate=0.0000 episode_safety/ep_min_ssm_margin=-1.0774 episode_safety/ep_min_ssm_margin_actual=-0.8547 episode_safety/ep_min_separation=0.0904 episode_safety/ep_mean_separation=0.3684 episode_safety/ep_p5_separation=0.0948 episode_safety/ep_p25_separation=0.1221 episode_safety/ep_max_pfl_force_ratio=0.0000 episode_safety/ep_max_contact_force=0.0000 episode_safety/ep_max_robot_vel=2.4475 episode_safety/ep_mean_robot_vel=0.2239 episode_safety/ep_time_to_first_violation=26.0000 episode_safety/ep_time_in_proximity_0p3m=0.7143 episode_safety/ep_time_in_proximity_0p5m=0.8367 episode_safety/ep_time_in_proximity_1p0m=0.8844
[2026-06-02 13:40:05,060][__main__][INFO] - [safety] step=2650 safety/ssm_violation=1.0000 safety/ssm_violation_actual=1.0000 safety/proximity_violation=1.0000 safety/pfl_violation=0.0000 safety/ssm_margin=-0.2832 safety/ssm_margin_actual=-0.0722 safety/min_separation=0.0642 safety/pfl_force_ratio=0.0000 safety/robot_vel=0.0689 safety/human_vel=0.1939 episode_safety/ep_steps=197.0000 episode_safety/ep_ssm_violation_rate=0.8680 episode_safety/ep_ssm_violation_actual_rate=0.4213 episode_safety/ep_proximity_violation_rate=0.7868 episode_safety/ep_pfl_violation_rate=0.0000 episode_safety/ep_min_ssm_margin=-1.0774 episode_safety/ep_min_ssm_margin_actual=-0.8547 episode_safety/ep_min_separation=0.0642 episode_safety/ep_mean_separation=0.2955 episode_safety/ep_p5_separation=0.0722 episode_safety/ep_p25_separation=0.0928 episode_safety/ep_max_pfl_force_ratio=0.0000 episode_safety/ep_max_contact_force=0.0000 episode_safety/ep_max_robot_vel=2.4475 episode_safety/ep_mean_robot_vel=0.1846 episode_safety/ep_time_to_first_violation=26.0000 episode_safety/ep_time_in_proximity_0p3m=0.7868 episode_safety/ep_time_in_proximity_0p5m=0.8782 episode_safety/ep_time_in_proximity_1p0m=0.9137
[2026-06-02 13:40:31,251][__main__][INFO] - [safety] step=2700 safety/ssm_violation=0.0000 safety/ssm_violation_actual=0.0000 safety/proximity_violation=0.0000 safety/pfl_violation=0.0000 safety/ssm_margin=0.3617 safety/ssm_margin_actual=0.6000 safety/min_separation=0.7112 safety/pfl_force_ratio=0.0000 safety/robot_vel=0.0876 safety/human_vel=0.0110 episode_safety/ep_steps=247.0000 episode_safety/ep_ssm_violation_rate=0.8745 episode_safety/ep_ssm_violation_actual_rate=0.5020 episode_safety/ep_proximity_violation_rate=0.8057 episode_safety/ep_pfl_violation_rate=0.0000 episode_safety/ep_min_ssm_margin=-1.0774 episode_safety/ep_min_ssm_margin_actual=-0.8547 episode_safety/ep_min_separation=0.0230 episode_safety/ep_mean_separation=0.2609 episode_safety/ep_p5_separation=0.0593 episode_safety/ep_p25_separation=0.0789 episode_safety/ep_max_pfl_force_ratio=0.0000 episode_safety/ep_max_contact_force=0.0000 episode_safety/ep_max_robot_vel=2.4475 episode_safety/ep_mean_robot_vel=0.1628 episode_safety/ep_time_to_first_violation=26.0000 episode_safety/ep_time_in_proximity_0p3m=0.8057 episode_safety/ep_time_in_proximity_0p5m=0.8907 episode_safety/ep_time_in_proximity_1p0m=0.9312
[2026-06-02 13:40:57,101][__main__][INFO] - [safety] step=2750 safety/ssm_violation=0.0000 safety/ssm_violation_actual=0.0000 safety/proximity_violation=0.0000 safety/pfl_violation=0.0000 safety/ssm_margin=2.2144 safety/ssm_margin_actual=2.4506 safety/min_separation=2.5574 safety/pfl_force_ratio=0.0000 safety/robot_vel=0.0286 safety/human_vel=0.0255 episode_safety/ep_steps=297.0000 episode_safety/ep_ssm_violation_rate=0.7273 episode_safety/ep_ssm_violation_actual_rate=0.4175 episode_safety/ep_proximity_violation_rate=0.6700 episode_safety/ep_pfl_violation_rate=0.0000 episode_safety/ep_min_ssm_margin=-1.0774 episode_safety/ep_min_ssm_margin_actual=-0.8547 episode_safety/ep_min_separation=0.0230 episode_safety/ep_mean_separation=0.5779 episode_safety/ep_p5_separation=0.0606 episode_safety/ep_p25_separation=0.0870 episode_safety/ep_max_pfl_force_ratio=0.0000 episode_safety/ep_max_contact_force=0.0000 episode_safety/ep_max_robot_vel=2.4475 episode_safety/ep_mean_robot_vel=0.1480 episode_safety/ep_time_to_first_violation=26.0000 episode_safety/ep_time_in_proximity_0p3m=0.6700 episode_safety/ep_time_in_proximity_0p5m=0.7407 episode_safety/ep_time_in_proximity_1p0m=0.7845
[2026-06-02 13:41:24,817][__main__][INFO] - [safety] step=2800 safety/ssm_violation=0.0000 safety/ssm_violation_actual=0.0000 safety/proximity_violation=0.0000 safety/pfl_violation=0.0000 safety/ssm_margin=2.1796 safety/ssm_margin_actual=2.4196 safety/min_separation=2.5233 safety/pfl_force_ratio=0.0000 safety/robot_vel=0.0349 safety/human_vel=0.0000 episode_safety/ep_steps=347.0000 episode_safety/ep_ssm_violation_rate=0.6225 episode_safety/ep_ssm_violation_actual_rate=0.3573 episode_safety/ep_proximity_violation_rate=0.5735 episode_safety/ep_pfl_violation_rate=0.0000 episode_safety/ep_min_ssm_margin=-1.0774 episode_safety/ep_min_ssm_margin_actual=-0.8547 episode_safety/ep_min_separation=0.0230 episode_safety/ep_mean_separation=0.8619 episode_safety/ep_p5_separation=0.0617 episode_safety/ep_p25_separation=0.0924 episode_safety/ep_max_pfl_force_ratio=0.0000 episode_safety/ep_max_contact_force=0.0000 episode_safety/ep_max_robot_vel=2.4475 episode_safety/ep_mean_robot_vel=0.1356 episode_safety/ep_time_to_first_violation=26.0000 episode_safety/ep_time_in_proximity_0p3m=0.5735 episode_safety/ep_time_in_proximity_0p5m=0.6340 episode_safety/ep_time_in_proximity_1p0m=0.6715
[2026-06-02 13:41:53,555][__main__][INFO] - [safety] step=2850 safety/ssm_violation=1.0000 safety/ssm_violation_actual=1.0000 safety/proximity_violation=1.0000 safety/pfl_violation=0.0000 safety/ssm_margin=-0.2572 safety/ssm_margin_actual=-0.0172 safety/min_separation=0.0871 safety/pfl_force_ratio=0.0000 safety/robot_vel=0.0411 safety/human_vel=0.0006 episode_safety/ep_steps=397.0000 episode_safety/ep_ssm_violation_rate=0.5718 episode_safety/ep_ssm_violation_actual_rate=0.3325 episode_safety/ep_proximity_violation_rate=0.5264 episode_safety/ep_pfl_violation_rate=0.0000 episode_safety/ep_min_ssm_margin=-1.0774 episode_safety/ep_min_ssm_margin_actual=-0.8547 episode_safety/ep_min_separation=0.0230 episode_safety/ep_mean_separation=0.9297 episode_safety/ep_p5_separation=0.0620 episode_safety/ep_p25_separation=0.0930 episode_safety/ep_max_pfl_force_ratio=0.0000 episode_safety/ep_max_contact_force=0.0000 episode_safety/ep_max_robot_vel=2.4475 episode_safety/ep_mean_robot_vel=0.1285 episode_safety/ep_time_to_first_violation=26.0000 episode_safety/ep_time_in_proximity_0p3m=0.5264 episode_safety/ep_time_in_proximity_0p5m=0.5869 episode_safety/ep_time_in_proximity_1p0m=0.6348
[2026-06-02 13:42:23,982][__main__][INFO] - [safety] step=2900 safety/ssm_violation=1.0000 safety/ssm_violation_actual=1.0000 safety/proximity_violation=1.0000 safety/pfl_violation=0.0000 safety/ssm_margin=-0.2596 safety/ssm_margin_actual=-0.0204 safety/min_separation=0.0846 safety/pfl_force_ratio=0.0000 safety/robot_vel=0.0407 safety/human_vel=0.0057 episode_safety/ep_steps=447.0000 episode_safety/ep_ssm_violation_rate=0.6197 episode_safety/ep_ssm_violation_actual_rate=0.3937 episode_safety/ep_proximity_violation_rate=0.5794 episode_safety/ep_pfl_violation_rate=0.0000 episode_safety/ep_min_ssm_margin=-1.0774 episode_safety/ep_min_ssm_margin_actual=-0.8547 episode_safety/ep_min_separation=0.0230 episode_safety/ep_mean_separation=0.8376 episode_safety/ep_p5_separation=0.0629 episode_safety/ep_p25_separation=0.0929 episode_safety/ep_max_pfl_force_ratio=0.0000 episode_safety/ep_max_contact_force=0.0000 episode_safety/ep_max_robot_vel=2.4475 episode_safety/ep_mean_robot_vel=0.1227 episode_safety/ep_time_to_first_violation=26.0000 episode_safety/ep_time_in_proximity_0p3m=0.5794 episode_safety/ep_time_in_proximity_0p5m=0.6331 episode_safety/ep_time_in_proximity_1p0m=0.6756
[2026-06-02 13:42:49,827][__main__][INFO] - [safety] step=2950 safety/ssm_violation=1.0000 safety/ssm_violation_actual=1.0000 safety/proximity_violation=1.0000 safety/pfl_violation=0.0000 safety/ssm_margin=-0.2679 safety/ssm_margin_actual=-0.0279 safety/min_separation=0.0809 safety/pfl_force_ratio=0.0000 safety/robot_vel=0.0819 safety/human_vel=0.0000 episode_safety/ep_steps=497.0000 episode_safety/ep_ssm_violation_rate=0.6579 episode_safety/ep_ssm_violation_actual_rate=0.4547 episode_safety/ep_proximity_violation_rate=0.6217 episode_safety/ep_pfl_violation_rate=0.0000 episode_safety/ep_min_ssm_margin=-1.0774 episode_safety/ep_min_ssm_margin_actual=-0.8547 episode_safety/ep_min_separation=0.0230 episode_safety/ep_mean_separation=0.7619 episode_safety/ep_p5_separation=0.0642 episode_safety/ep_p25_separation=0.0870 episode_safety/ep_max_pfl_force_ratio=0.0000 episode_safety/ep_max_contact_force=0.0000 episode_safety/ep_max_robot_vel=2.4475 episode_safety/ep_mean_robot_vel=0.1166 episode_safety/ep_time_to_first_violation=26.0000 episode_safety/ep_time_in_proximity_0p3m=0.6217 episode_safety/ep_time_in_proximity_0p5m=0.6700 episode_safety/ep_time_in_proximity_1p0m=0.7082
[2026-06-02 13:43:20,456][__main__][INFO] - [safety] step=3000 safety/ssm_violation=1.0000 safety/ssm_violation_actual=1.0000 safety/proximity_violation=1.0000 safety/pfl_violation=0.0000 safety/ssm_margin=-0.2759 safety/ssm_margin_actual=-0.0440 safety/min_separation=0.0764 safety/pfl_force_ratio=0.0000 safety/robot_vel=0.1102 safety/human_vel=0.0542 episode_safety/ep_steps=547.0000 episode_safety/ep_ssm_violation_rate=0.6892 episode_safety/ep_ssm_violation_actual_rate=0.5046 episode_safety/ep_proximity_violation_rate=0.6563 episode_safety/ep_pfl_violation_rate=0.0000 episode_safety/ep_min_ssm_margin=-1.0774 episode_safety/ep_min_ssm_margin_actual=-0.8547 episode_safety/ep_min_separation=0.0230 episode_safety/ep_mean_separation=0.6994 episode_safety/ep_p5_separation=0.0650 episode_safety/ep_p25_separation=0.0820 episode_safety/ep_max_pfl_force_ratio=0.0000 episode_safety/ep_max_contact_force=0.0000 episode_safety/ep_max_robot_vel=2.4475 episode_safety/ep_mean_robot_vel=0.1122 episode_safety/ep_time_to_first_violation=26.0000 episode_safety/ep_time_in_proximity_0p3m=0.6563 episode_safety/ep_time_in_proximity_0p5m=0.7002 episode_safety/ep_time_in_proximity_1p0m=0.7349
[2026-06-02 13:43:53,945][__main__][INFO] - [safety] step=3050 safety/ssm_violation=1.0000 safety/ssm_violation_actual=1.0000 safety/proximity_violation=1.0000 safety/pfl_violation=0.0000 safety/ssm_margin=-0.2702 safety/ssm_margin_actual=-0.0640 safety/min_separation=0.0736 safety/pfl_force_ratio=0.0000 safety/robot_vel=0.0369 safety/human_vel=0.2253 episode_safety/ep_steps=597.0000 episode_safety/ep_ssm_violation_rate=0.7152 episode_safety/ep_ssm_violation_actual_rate=0.5461 episode_safety/ep_proximity_violation_rate=0.6851 episode_safety/ep_pfl_violation_rate=0.0000 episode_safety/ep_min_ssm_margin=-1.0774 episode_safety/ep_min_ssm_margin_actual=-0.8547 episode_safety/ep_min_separation=0.0230 episode_safety/ep_mean_separation=0.6471 episode_safety/ep_p5_separation=0.0681 episode_safety/ep_p25_separation=0.0785 episode_safety/ep_max_pfl_force_ratio=0.0000 episode_safety/ep_max_contact_force=0.0000 episode_safety/ep_max_robot_vel=2.4475 episode_safety/ep_mean_robot_vel=0.1088 episode_safety/ep_time_to_first_violation=26.0000 episode_safety/ep_time_in_proximity_0p3m=0.6851 episode_safety/ep_time_in_proximity_0p5m=0.7253 episode_safety/ep_time_in_proximity_1p0m=0.7571
[2026-06-02 13:44:21,780][__main__][INFO] - [safety] step=3100 safety/ssm_violation=0.0000 safety/ssm_violation_actual=0.0000 safety/proximity_violation=0.0000 safety/pfl_violation=0.0000 safety/ssm_margin=2.1424 safety/ssm_margin_actual=2.3823 safety/min_separation=2.4943 safety/pfl_force_ratio=0.0000 safety/robot_vel=0.1075 safety/human_vel=0.0006 episode_safety/ep_steps=647.0000 episode_safety/ep_ssm_violation_rate=0.6924 episode_safety/ep_ssm_violation_actual_rate=0.5286 episode_safety/ep_proximity_violation_rate=0.6615 episode_safety/ep_pfl_violation_rate=0.0000 episode_safety/ep_min_ssm_margin=-1.0774 episode_safety/ep_min_ssm_margin_actual=-0.8547 episode_safety/ep_min_separation=0.0230 episode_safety/ep_mean_separation=0.6711 episode_safety/ep_p5_separation=0.0641 episode_safety/ep_p25_separation=0.0787 episode_safety/ep_max_pfl_force_ratio=0.0000 episode_safety/ep_max_contact_force=0.0000 episode_safety/ep_max_robot_vel=2.8458 episode_safety/ep_mean_robot_vel=0.1225 episode_safety/ep_time_to_first_violation=26.0000 episode_safety/ep_time_in_proximity_0p3m=0.6615 episode_safety/ep_time_in_proximity_0p5m=0.7032 episode_safety/ep_time_in_proximity_1p0m=0.7434
[2026-06-02 13:44:48,413][__main__][INFO] - [safety] step=3150 safety/ssm_violation=0.0000 safety/ssm_violation_actual=0.0000 safety/proximity_violation=0.0000 safety/pfl_violation=0.0000 safety/ssm_margin=1.3021 safety/ssm_margin_actual=1.5420 safety/min_separation=2.4680 safety/pfl_force_ratio=0.0000 safety/robot_vel=2.4171 safety/human_vel=0.0006 episode_safety/ep_steps=697.0000 episode_safety/ep_ssm_violation_rate=0.6428 episode_safety/ep_ssm_violation_actual_rate=0.4907 episode_safety/ep_proximity_violation_rate=0.6141 episode_safety/ep_pfl_violation_rate=0.0000 episode_safety/ep_min_ssm_margin=-1.0774 episode_safety/ep_min_ssm_margin_actual=-0.8547 episode_safety/ep_min_separation=0.0230 episode_safety/ep_mean_separation=0.8078 episode_safety/ep_p5_separation=0.0648 episode_safety/ep_p25_separation=0.0791 episode_safety/ep_max_pfl_force_ratio=0.0000 episode_safety/ep_max_contact_force=0.0000 episode_safety/ep_max_robot_vel=2.8458 episode_safety/ep_mean_robot_vel=0.1502 episode_safety/ep_time_to_first_violation=26.0000 episode_safety/ep_time_in_proximity_0p3m=0.6141 episode_safety/ep_time_in_proximity_0p5m=0.6528 episode_safety/ep_time_in_proximity_1p0m=0.6901
[2026-06-02 13:45:14,685][__main__][INFO] - [safety] step=3200 safety/ssm_violation=0.0000 safety/ssm_violation_actual=0.0000 safety/proximity_violation=0.0000 safety/pfl_violation=0.0000 safety/ssm_margin=0.9878 safety/ssm_margin_actual=1.2246 safety/min_separation=1.3488 safety/pfl_force_ratio=0.0000 safety/robot_vel=0.1782 safety/human_vel=0.0214 episode_safety/ep_steps=747.0000 episode_safety/ep_ssm_violation_rate=0.5997 episode_safety/ep_ssm_violation_actual_rate=0.4578 episode_safety/ep_proximity_violation_rate=0.5730 episode_safety/ep_pfl_violation_rate=0.0000 episode_safety/ep_min_ssm_margin=-1.0774 episode_safety/ep_min_ssm_margin_actual=-0.8547 episode_safety/ep_min_separation=0.0230 episode_safety/ep_mean_separation=0.9059 episode_safety/ep_p5_separation=0.0660 episode_safety/ep_p25_separation=0.0808 episode_safety/ep_max_pfl_force_ratio=0.0000 episode_safety/ep_max_contact_force=0.0000 episode_safety/ep_max_robot_vel=2.8458 episode_safety/ep_mean_robot_vel=0.1557 episode_safety/ep_time_to_first_violation=26.0000 episode_safety/ep_time_in_proximity_0p3m=0.5730 episode_safety/ep_time_in_proximity_0p5m=0.6091 episode_safety/ep_time_in_proximity_1p0m=0.6439
[2026-06-02 13:45:41,518][__main__][INFO] - [safety] step=3250 safety/ssm_violation=1.0000 safety/ssm_violation_actual=0.0000 safety/proximity_violation=1.0000 safety/pfl_violation=0.0000 safety/ssm_margin=-0.1931 safety/ssm_margin_actual=0.0452 safety/min_separation=0.1550 safety/pfl_force_ratio=0.0000 safety/robot_vel=0.0746 safety/human_vel=0.0117 episode_safety/ep_steps=797.0000 episode_safety/ep_ssm_violation_rate=0.6085 episode_safety/ep_ssm_violation_actual_rate=0.4504 episode_safety/ep_proximity_violation_rate=0.5822 episode_safety/ep_pfl_violation_rate=0.0000 episode_safety/ep_min_ssm_margin=-1.0774 episode_safety/ep_min_ssm_margin_actual=-0.8547 episode_safety/ep_min_separation=0.0230 episode_safety/ep_mean_separation=0.8681 episode_safety/ep_p5_separation=0.0685 episode_safety/ep_p25_separation=0.0823 episode_safety/ep_max_pfl_force_ratio=0.0000 episode_safety/ep_max_contact_force=0.0000 episode_safety/ep_max_robot_vel=2.8458 episode_safety/ep_mean_robot_vel=0.1514 episode_safety/ep_time_to_first_violation=26.0000 episode_safety/ep_time_in_proximity_0p3m=0.5822 episode_safety/ep_time_in_proximity_0p5m=0.6211 episode_safety/ep_time_in_proximity_1p0m=0.6625
[2026-06-02 13:46:08,545][__main__][INFO] - [safety] step=3300 safety/ssm_violation=1.0000 safety/ssm_violation_actual=0.0000 safety/proximity_violation=1.0000 safety/pfl_violation=0.0000 safety/ssm_margin=-0.2199 safety/ssm_margin_actual=0.0201 safety/min_separation=0.1299 safety/pfl_force_ratio=0.0000 safety/robot_vel=0.0900 safety/human_vel=0.0000 episode_safety/ep_steps=847.0000 episode_safety/ep_ssm_violation_rate=0.6316 episode_safety/ep_ssm_violation_actual_rate=0.4262 episode_safety/ep_proximity_violation_rate=0.6068 episode_safety/ep_pfl_violation_rate=0.0000 episode_safety/ep_min_ssm_margin=-1.0774 episode_safety/ep_min_ssm_margin_actual=-0.8547 episode_safety/ep_min_separation=0.0230 episode_safety/ep_mean_separation=0.8253 episode_safety/ep_p5_separation=0.0695 episode_safety/ep_p25_separation=0.0842 episode_safety/ep_max_pfl_force_ratio=0.0000 episode_safety/ep_max_contact_force=0.0000 episode_safety/ep_max_robot_vel=2.8458 episode_safety/ep_mean_robot_vel=0.1490 episode_safety/ep_time_to_first_violation=26.0000 episode_safety/ep_time_in_proximity_0p3m=0.6068 episode_safety/ep_time_in_proximity_0p5m=0.6434 episode_safety/ep_time_in_proximity_1p0m=0.6824
[2026-06-02 13:46:35,027][__main__][INFO] - [safety] step=3350 safety/ssm_violation=1.0000 safety/ssm_violation_actual=1.0000 safety/proximity_violation=1.0000 safety/pfl_violation=0.0000 safety/ssm_margin=-0.3265 safety/ssm_margin_actual=-0.0865 safety/min_separation=0.0323 safety/pfl_force_ratio=0.0000 safety/robot_vel=0.1620 safety/human_vel=0.0000 episode_safety/ep_steps=897.0000 episode_safety/ep_ssm_violation_rate=0.6522 episode_safety/ep_ssm_violation_actual_rate=0.4504 episode_safety/ep_proximity_violation_rate=0.6288 episode_safety/ep_pfl_violation_rate=0.0000 episode_safety/ep_min_ssm_margin=-1.0774 episode_safety/ep_min_ssm_margin_actual=-0.8547 episode_safety/ep_min_separation=0.0230 episode_safety/ep_mean_separation=0.7843 episode_safety/ep_p5_separation=0.0643 episode_safety/ep_p25_separation=0.0840 episode_safety/ep_max_pfl_force_ratio=0.0000 episode_safety/ep_max_contact_force=0.0000 episode_safety/ep_max_robot_vel=2.8458 episode_safety/ep_mean_robot_vel=0.1462 episode_safety/ep_time_to_first_violation=26.0000 episode_safety/ep_time_in_proximity_0p3m=0.6288 episode_safety/ep_time_in_proximity_0p5m=0.6633 episode_safety/ep_time_in_proximity_1p0m=0.7001
[2026-06-02 13:47:03,049][__main__][INFO] - [safety] step=3400 safety/ssm_violation=1.0000 safety/ssm_violation_actual=1.0000 safety/proximity_violation=1.0000 safety/pfl_violation=0.0000 safety/ssm_margin=-0.2652 safety/ssm_margin_actual=-0.0252 safety/min_separation=0.0793 safety/pfl_force_ratio=0.0000 safety/robot_vel=0.0435 safety/human_vel=0.0000 episode_safety/ep_steps=947.0000 episode_safety/ep_ssm_violation_rate=0.6705 episode_safety/ep_ssm_violation_actual_rate=0.4794 episode_safety/ep_proximity_violation_rate=0.6484 episode_safety/ep_pfl_violation_rate=0.0000 episode_safety/ep_min_ssm_margin=-1.0774 episode_safety/ep_min_ssm_margin_actual=-0.8547 episode_safety/ep_min_separation=0.0230 episode_safety/ep_mean_separation=0.7455 episode_safety/ep_p5_separation=0.0490 episode_safety/ep_p25_separation=0.0791 episode_safety/ep_max_pfl_force_ratio=0.0000 episode_safety/ep_max_contact_force=0.0000 episode_safety/ep_max_robot_vel=2.8458 episode_safety/ep_mean_robot_vel=0.1417 episode_safety/ep_time_to_first_violation=26.0000 episode_safety/ep_time_in_proximity_0p3m=0.6484 episode_safety/ep_time_in_proximity_0p5m=0.6811 episode_safety/ep_time_in_proximity_1p0m=0.7159
[2026-06-02 13:47:30,495][__main__][INFO] - [safety] step=3450 safety/ssm_violation=1.0000 safety/ssm_violation_actual=1.0000 safety/proximity_violation=1.0000 safety/pfl_violation=0.0000 safety/ssm_margin=-0.2869 safety/ssm_margin_actual=-0.0469 safety/min_separation=0.0578 safety/pfl_force_ratio=0.0000 safety/robot_vel=0.0446 safety/human_vel=0.0000 episode_safety/ep_steps=997.0000 episode_safety/ep_ssm_violation_rate=0.6871 episode_safety/ep_ssm_violation_actual_rate=0.5055 episode_safety/ep_proximity_violation_rate=0.6660 episode_safety/ep_pfl_violation_rate=0.0000 episode_safety/ep_min_ssm_margin=-1.0774 episode_safety/ep_min_ssm_margin_actual=-0.8547 episode_safety/ep_min_separation=0.0230 episode_safety/ep_mean_separation=0.7112 episode_safety/ep_p5_separation=0.0511 episode_safety/ep_p25_separation=0.0771 episode_safety/ep_max_pfl_force_ratio=0.0000 episode_safety/ep_max_contact_force=0.0000 episode_safety/ep_max_robot_vel=2.8458 episode_safety/ep_mean_robot_vel=0.1377 episode_safety/ep_time_to_first_violation=26.0000 episode_safety/ep_time_in_proximity_0p3m=0.6660 episode_safety/ep_time_in_proximity_0p5m=0.6971 episode_safety/ep_time_in_proximity_1p0m=0.7302
[2026-06-02 13:47:33,268][__main__][INFO] - [episode] step=3454 safety/ssm_violation=1.0000 safety/ssm_violation_actual=1.0000 safety/proximity_violation=1.0000 safety/pfl_violation=0.0000 safety/ssm_margin=-0.2844 safety/ssm_margin_actual=-0.0444 safety/min_separation=0.0612 safety/pfl_force_ratio=0.0000 safety/robot_vel=0.0538 safety/human_vel=0.0000 episode_safety/ep_steps=1000.0000 episode_safety/ep_ssm_violation_rate=0.6880 episode_safety/ep_ssm_violation_actual_rate=0.5070 episode_safety/ep_proximity_violation_rate=0.6670 episode_safety/ep_pfl_violation_rate=0.0000 episode_safety/ep_min_ssm_margin=-1.0774 episode_safety/ep_min_ssm_margin_actual=-0.8547 episode_safety/ep_min_separation=0.0230 episode_safety/ep_mean_separation=0.7092 episode_safety/ep_p5_separation=0.0512 episode_safety/ep_p25_separation=0.0771 episode_safety/ep_max_pfl_force_ratio=0.0000 episode_safety/ep_max_contact_force=0.0000 episode_safety/ep_max_robot_vel=2.8458 episode_safety/ep_mean_robot_vel=0.1375 episode_safety/ep_time_to_first_violation=26.0000 episode_safety/ep_time_in_proximity_0p3m=0.6670 episode_safety/ep_time_in_proximity_0p5m=0.6980 episode_safety/ep_time_in_proximity_1p0m=0.7310 episode_cost_integral=699.7003 episode_lambda=0.0000
[2026-06-02 13:47:33,269][__main__][INFO] - [train] step=3454 episode_reward=-7.0120 episode_length=1000 episode=9 buffer_size=16073
[2026-06-02 13:49:51,165][safety_bigym.agents.cqn_as.eval_video][INFO] - saved eval video: /home/ap2322/Documents/safety_bigym/exp_local/e3_2_cost_budget/e3_2_saucepan_to_hob_20260531_190307/d0p5_seed2/eval_videos/step_3454_ep0.mp4 (304 frames)
wandb: WARNING `fps` argument does not affect the frame rate of the video when providing a file path or raw bytes.
[2026-06-02 13:49:51,643][__main__][INFO] - [eval] step=3454 episode_reward=-2.2669 episode_length=374.4000 episode=9 ep_steps=374.4000 ep_ssm_violation_rate=0.2097 ep_ssm_violation_actual_rate=0.1024 ep_proximity_violation_rate=0.1477 ep_pfl_violation_rate=0.0000 ep_mean_separation=0.7795 ep_p5_separation=0.2913 ep_p25_separation=0.4397 ep_mean_robot_vel=0.2885 ep_time_to_first_violation=51.2000 ep_time_in_proximity_0p3m=0.1477 ep_time_in_proximity_0p5m=0.2953 ep_time_in_proximity_1p0m=0.8132 ep_min_ssm_margin=-1.5747 ep_min_ssm_margin_actual=-1.3529 ep_min_separation=0.0132 ep_max_pfl_force_ratio=0.0000 ep_max_contact_force=0.0000 ep_max_robot_vel=3.4618 success_rate=0.9000
[2026-06-02 13:49:52,137][__main__][INFO] - saved snapshot: /home/ap2322/Documents/safety_bigym/exp_local/e3_2_cost_budget/e3_2_saucepan_to_hob_20260531_190307/d0p5_seed2/snapshot_3454.pt
[2026-06-02 13:50:18,405][__main__][INFO] - [safety] step=3500 safety/ssm_violation=1.0000 safety/ssm_violation_actual=1.0000 safety/proximity_violation=1.0000 safety/pfl_violation=0.0000 safety/ssm_margin=-0.2457 safety/ssm_margin_actual=-0.0213 safety/min_separation=0.1079 safety/pfl_force_ratio=0.0000 safety/robot_vel=0.1213 safety/human_vel=0.1039 episode_safety/ep_steps=47.0000 episode_safety/ep_ssm_violation_rate=0.4894 episode_safety/ep_ssm_violation_actual_rate=0.3830 episode_safety/ep_proximity_violation_rate=0.4681 episode_safety/ep_pfl_violation_rate=0.0000 episode_safety/ep_min_ssm_margin=-1.5385 episode_safety/ep_min_ssm_margin_actual=-1.3194 episode_safety/ep_min_separation=0.0789 episode_safety/ep_mean_separation=0.6875 episode_safety/ep_p5_separation=0.0812 episode_safety/ep_p25_separation=0.0993 episode_safety/ep_max_pfl_force_ratio=0.0000 episode_safety/ep_max_contact_force=0.0000 episode_safety/ep_max_robot_vel=3.1211 episode_safety/ep_mean_robot_vel=0.2827 episode_safety/ep_time_to_first_violation=24.0000 episode_safety/ep_time_in_proximity_0p3m=0.4681 episode_safety/ep_time_in_proximity_0p5m=0.5319 episode_safety/ep_time_in_proximity_1p0m=0.6596
[2026-06-02 13:50:48,412][__main__][INFO] - [safety] step=3550 safety/ssm_violation=1.0000 safety/ssm_violation_actual=0.0000 safety/proximity_violation=0.0000 safety/pfl_violation=0.0000 safety/ssm_margin=-0.1080 safety/ssm_margin_actual=0.1134 safety/min_separation=0.3058 safety/pfl_force_ratio=0.0000 safety/robot_vel=0.4940 safety/human_vel=0.1241 episode_safety/ep_steps=97.0000 episode_safety/ep_ssm_violation_rate=0.7320 episode_safety/ep_ssm_violation_actual_rate=0.3402 episode_safety/ep_proximity_violation_rate=0.4536 episode_safety/ep_pfl_violation_rate=0.0000 episode_safety/ep_min_ssm_margin=-1.5385 episode_safety/ep_min_ssm_margin_actual=-1.3194 episode_safety/ep_min_separation=0.0789 episode_safety/ep_mean_separation=0.4753 episode_safety/ep_p5_separation=0.0848 episode_safety/ep_p25_separation=0.1298 episode_safety/ep_max_pfl_force_ratio=0.0000 episode_safety/ep_max_contact_force=0.0000 episode_safety/ep_max_robot_vel=3.1211 episode_safety/ep_mean_robot_vel=0.3370 episode_safety/ep_time_to_first_violation=24.0000 episode_safety/ep_time_in_proximity_0p3m=0.4536 episode_safety/ep_time_in_proximity_0p5m=0.7732 episode_safety/ep_time_in_proximity_1p0m=0.8351
[2026-06-02 13:51:16,503][__main__][INFO] - [safety] step=3600 safety/ssm_violation=1.0000 safety/ssm_violation_actual=1.0000 safety/proximity_violation=1.0000 safety/pfl_violation=0.0000 safety/ssm_margin=-0.5077 safety/ssm_margin_actual=-0.2677 safety/min_separation=0.2612 safety/pfl_force_ratio=0.0000 safety/robot_vel=1.6304 safety/human_vel=0.0001 episode_safety/ep_steps=147.0000 episode_safety/ep_ssm_violation_rate=0.8231 episode_safety/ep_ssm_violation_actual_rate=0.2313 episode_safety/ep_proximity_violation_rate=0.6190 episode_safety/ep_pfl_violation_rate=0.0000 episode_safety/ep_min_ssm_margin=-1.5385 episode_safety/ep_min_ssm_margin_actual=-1.3194 episode_safety/ep_min_separation=0.0789 episode_safety/ep_mean_separation=0.3972 episode_safety/ep_p5_separation=0.0862 episode_safety/ep_p25_separation=0.1774 episode_safety/ep_max_pfl_force_ratio=0.0000 episode_safety/ep_max_contact_force=0.0000 episode_safety/ep_max_robot_vel=3.1211 episode_safety/ep_mean_robot_vel=0.3235 episode_safety/ep_time_to_first_violation=24.0000 episode_safety/ep_time_in_proximity_0p3m=0.6190 episode_safety/ep_time_in_proximity_0p5m=0.8503 episode_safety/ep_time_in_proximity_1p0m=0.8912
[2026-06-02 13:51:46,673][__main__][INFO] - [safety] step=3650 safety/ssm_violation=1.0000 safety/ssm_violation_actual=1.0000 safety/proximity_violation=1.0000 safety/pfl_violation=0.0000 safety/ssm_margin=-0.2851 safety/ssm_margin_actual=-0.0723 safety/min_separation=0.0666 safety/pfl_force_ratio=0.0000 safety/robot_vel=0.1060 safety/human_vel=0.1813 episode_safety/ep_steps=197.0000 episode_safety/ep_ssm_violation_rate=0.8680 episode_safety/ep_ssm_violation_actual_rate=0.3452 episode_safety/ep_proximity_violation_rate=0.7157 episode_safety/ep_pfl_violation_rate=0.0000 episode_safety/ep_min_ssm_margin=-1.5385 episode_safety/ep_min_ssm_margin_actual=-1.3194 episode_safety/ep_min_separation=0.0329 episode_safety/ep_mean_separation=0.3274 episode_safety/ep_p5_separation=0.0551 episode_safety/ep_p25_separation=0.1125 episode_safety/ep_max_pfl_force_ratio=0.0000 episode_safety/ep_max_contact_force=0.0000 episode_safety/ep_max_robot_vel=3.1211 episode_safety/ep_mean_robot_vel=0.2949 episode_safety/ep_time_to_first_violation=24.0000 episode_safety/ep_time_in_proximity_0p3m=0.7157 episode_safety/ep_time_in_proximity_0p5m=0.8883 episode_safety/ep_time_in_proximity_1p0m=0.9188
[2026-06-02 13:52:15,762][__main__][INFO] - [safety] step=3700 safety/ssm_violation=0.0000 safety/ssm_violation_actual=0.0000 safety/proximity_violation=0.0000 safety/pfl_violation=0.0000 safety/ssm_margin=1.2433 safety/ssm_margin_actual=1.4819 safety/min_separation=1.6115 safety/pfl_force_ratio=0.0000 safety/robot_vel=0.2295 safety/human_vel=0.0094 episode_safety/ep_steps=247.0000 episode_safety/ep_ssm_violation_rate=0.8340 episode_safety/ep_ssm_violation_actual_rate=0.4049 episode_safety/ep_proximity_violation_rate=0.7085 episode_safety/ep_pfl_violation_rate=0.0000 episode_safety/ep_min_ssm_margin=-1.5385 episode_safety/ep_min_ssm_margin_actual=-1.3194 episode_safety/ep_min_separation=0.0217 episode_safety/ep_mean_separation=0.3313 episode_safety/ep_p5_separation=0.0511 episode_safety/ep_p25_separation=0.0813 episode_safety/ep_max_pfl_force_ratio=0.0000 episode_safety/ep_max_contact_force=0.0000 episode_safety/ep_max_robot_vel=3.1211 episode_safety/ep_mean_robot_vel=0.3037 episode_safety/ep_time_to_first_violation=24.0000 episode_safety/ep_time_in_proximity_0p3m=0.7085 episode_safety/ep_time_in_proximity_0p5m=0.8583 episode_safety/ep_time_in_proximity_1p0m=0.9069
[2026-06-02 13:52:44,221][__main__][INFO] - [safety] step=3750 safety/ssm_violation=0.0000 safety/ssm_violation_actual=0.0000 safety/proximity_violation=0.0000 safety/pfl_violation=0.0000 safety/ssm_margin=1.1725 safety/ssm_margin_actual=1.4123 safety/min_separation=2.0546 safety/pfl_force_ratio=0.0000 safety/robot_vel=1.8815 safety/human_vel=0.0012 episode_safety/ep_steps=297.0000 episode_safety/ep_ssm_violation_rate=0.6936 episode_safety/ep_ssm_violation_actual_rate=0.3367 episode_safety/ep_proximity_violation_rate=0.5892 episode_safety/ep_pfl_violation_rate=0.0000 episode_safety/ep_min_ssm_margin=-1.5385 episode_safety/ep_min_ssm_margin_actual=-1.3194 episode_safety/ep_min_separation=0.0217 episode_safety/ep_mean_separation=0.6188 episode_safety/ep_p5_separation=0.0541 episode_safety/ep_p25_separation=0.1033 episode_safety/ep_max_pfl_force_ratio=0.0000 episode_safety/ep_max_contact_force=0.0000 episode_safety/ep_max_robot_vel=3.1563 episode_safety/ep_mean_robot_vel=0.3032 episode_safety/ep_time_to_first_violation=24.0000 episode_safety/ep_time_in_proximity_0p3m=0.5892 episode_safety/ep_time_in_proximity_0p5m=0.7138 episode_safety/ep_time_in_proximity_1p0m=0.7542
[2026-06-02 13:52:46,164][__main__][INFO] - [episode] step=3753 safety/ssm_violation=0.0000 safety/ssm_violation_actual=0.0000 safety/proximity_violation=0.0000 safety/pfl_violation=0.0000 safety/ssm_margin=1.5720 safety/ssm_margin_actual=1.8119 safety/min_separation=2.0491 safety/pfl_force_ratio=0.0000 safety/robot_vel=0.7731 safety/human_vel=0.0009 episode_safety/ep_steps=299.0000 episode_safety/ep_ssm_violation_rate=0.6890 episode_safety/ep_ssm_violation_actual_rate=0.3344 episode_safety/ep_proximity_violation_rate=0.5853 episode_safety/ep_pfl_violation_rate=0.0000 episode_safety/ep_min_ssm_margin=-1.5385 episode_safety/ep_min_ssm_margin_actual=-1.3194 episode_safety/ep_min_separation=0.0217 episode_safety/ep_mean_separation=0.6284 episode_safety/ep_p5_separation=0.0542 episode_safety/ep_p25_separation=0.1045 episode_safety/ep_max_pfl_force_ratio=0.0000 episode_safety/ep_max_contact_force=0.0000 episode_safety/ep_max_robot_vel=3.1563 episode_safety/ep_mean_robot_vel=0.3079 episode_safety/ep_time_to_first_violation=24.0000 episode_safety/ep_time_in_proximity_0p3m=0.5853 episode_safety/ep_time_in_proximity_0p5m=0.7090 episode_safety/ep_time_in_proximity_1p0m=0.7492 episode_cost_integral=212.6377 episode_lambda=0.0000
[2026-06-02 13:52:46,165][__main__][INFO] - [train] step=3753 episode_reward=-1.8387 episode_length=299 episode=10 buffer_size=16372
[2026-06-02 13:53:12,701][__main__][INFO] - [safety] step=3800 safety/ssm_violation=0.0000 safety/ssm_violation_actual=0.0000 safety/proximity_violation=0.0000 safety/pfl_violation=0.0000 safety/ssm_margin=0.2747 safety/ssm_margin_actual=0.5006 safety/min_separation=0.6275 safety/pfl_force_ratio=0.0000 safety/robot_vel=0.1146 safety/human_vel=0.0941 episode_safety/ep_steps=48.0000 episode_safety/ep_ssm_violation_rate=0.0000 episode_safety/ep_ssm_violation_actual_rate=0.0000 episode_safety/ep_proximity_violation_rate=0.0000 episode_safety/ep_pfl_violation_rate=0.0000 episode_safety/ep_min_ssm_margin=0.2084 episode_safety/ep_min_ssm_margin_actual=0.4327 episode_safety/ep_min_separation=0.5722 episode_safety/ep_mean_separation=1.0058 episode_safety/ep_p5_separation=0.5810 episode_safety/ep_p25_separation=0.6136 episode_safety/ep_max_pfl_force_ratio=0.0000 episode_safety/ep_max_contact_force=0.0000 episode_safety/ep_max_robot_vel=0.5527 episode_safety/ep_mean_robot_vel=0.1468 episode_safety/ep_time_to_first_violation=-1.0000 episode_safety/ep_time_in_proximity_0p3m=0.0000 episode_safety/ep_time_in_proximity_0p5m=0.0000 episode_safety/ep_time_in_proximity_1p0m=0.6667
[2026-06-02 13:53:41,155][__main__][INFO] - [safety] step=3850 safety/ssm_violation=1.0000 safety/ssm_violation_actual=0.0000 safety/proximity_violation=0.0000 safety/pfl_violation=0.0000 safety/ssm_margin=-0.0181 safety/ssm_margin_actual=0.2219 safety/min_separation=0.4157 safety/pfl_force_ratio=0.0000 safety/robot_vel=0.5898 safety/human_vel=0.0001 episode_safety/ep_steps=98.0000 episode_safety/ep_ssm_violation_rate=0.2755 episode_safety/ep_ssm_violation_actual_rate=0.0306 episode_safety/ep_proximity_violation_rate=0.0000 episode_safety/ep_pfl_violation_rate=0.0000 episode_safety/ep_min_ssm_margin=-0.9027 episode_safety/ep_min_ssm_margin_actual=-0.6628 episode_safety/ep_min_separation=0.3411 episode_safety/ep_mean_separation=0.7204 episode_safety/ep_p5_separation=0.3451 episode_safety/ep_p25_separation=0.4013 episode_safety/ep_max_pfl_force_ratio=0.0000 episode_safety/ep_max_contact_force=0.0000 episode_safety/ep_max_robot_vel=2.5543 episode_safety/ep_mean_robot_vel=0.3551 episode_safety/ep_time_to_first_violation=52.0000 episode_safety/ep_time_in_proximity_0p3m=0.0000 episode_safety/ep_time_in_proximity_0p5m=0.3469 episode_safety/ep_time_in_proximity_1p0m=0.8367
[2026-06-02 13:54:09,075][__main__][INFO] - [safety] step=3900 safety/ssm_violation=0.0000 safety/ssm_violation_actual=0.0000 safety/proximity_violation=0.0000 safety/pfl_violation=0.0000 safety/ssm_margin=0.0318 safety/ssm_margin_actual=0.2718 safety/min_separation=0.4717 safety/pfl_force_ratio=0.0000 safety/robot_vel=0.6175 safety/human_vel=0.0000 episode_safety/ep_steps=148.0000 episode_safety/ep_ssm_violation_rate=0.1892 episode_safety/ep_ssm_violation_actual_rate=0.0203 episode_safety/ep_proximity_violation_rate=0.0000 episode_safety/ep_pfl_violation_rate=0.0000 episode_safety/ep_min_ssm_margin=-0.9027 episode_safety/ep_min_ssm_margin_actual=-0.6628 episode_safety/ep_min_separation=0.3411 episode_safety/ep_mean_separation=0.6733 episode_safety/ep_p5_separation=0.3478 episode_safety/ep_p25_separation=0.4782 episode_safety/ep_max_pfl_force_ratio=0.0000 episode_safety/ep_max_contact_force=0.0000 episode_safety/ep_max_robot_vel=2.5543 episode_safety/ep_mean_robot_vel=0.3454 episode_safety/ep_time_to_first_violation=52.0000 episode_safety/ep_time_in_proximity_0p3m=0.0000 episode_safety/ep_time_in_proximity_0p5m=0.2838 episode_safety/ep_time_in_proximity_1p0m=0.8919
[2026-06-02 13:54:36,736][__main__][INFO] - [safety] step=3950 safety/ssm_violation=0.0000 safety/ssm_violation_actual=0.0000 safety/proximity_violation=0.0000 safety/pfl_violation=0.0000 safety/ssm_margin=0.5039 safety/ssm_margin_actual=0.7439 safety/min_separation=0.8514 safety/pfl_force_ratio=0.0000 safety/robot_vel=0.0703 safety/human_vel=0.0000 episode_safety/ep_steps=198.0000 episode_safety/ep_ssm_violation_rate=0.1414 episode_safety/ep_ssm_violation_actual_rate=0.0152 episode_safety/ep_proximity_violation_rate=0.0000 episode_safety/ep_pfl_violation_rate=0.0000 episode_safety/ep_min_ssm_margin=-0.9027 episode_safety/ep_min_ssm_margin_actual=-0.6628 episode_safety/ep_min_separation=0.3411 episode_safety/ep_mean_separation=0.6711 episode_safety/ep_p5_separation=0.3498 episode_safety/ep_p25_separation=0.5042 episode_safety/ep_max_pfl_force_ratio=0.0000 episode_safety/ep_max_contact_force=0.0000 episode_safety/ep_max_robot_vel=2.5543 episode_safety/ep_mean_robot_vel=0.3166 episode_safety/ep_time_to_first_violation=52.0000 episode_safety/ep_time_in_proximity_0p3m=0.0000 episode_safety/ep_time_in_proximity_0p5m=0.2475 episode_safety/ep_time_in_proximity_1p0m=0.9192
[2026-06-02 13:55:04,169][__main__][INFO] - [safety] step=4000 safety/ssm_violation=0.0000 safety/ssm_violation_actual=0.0000 safety/proximity_violation=0.0000 safety/pfl_violation=0.0000 safety/ssm_margin=0.6235 safety/ssm_margin_actual=0.8617 safety/min_separation=1.0146 safety/pfl_force_ratio=0.0000 safety/robot_vel=0.3726 safety/human_vel=0.0121 episode_safety/ep_steps=248.0000 episode_safety/ep_ssm_violation_rate=0.1210 episode_safety/ep_ssm_violation_actual_rate=0.0161 episode_safety/ep_proximity_violation_rate=0.0000 episode_safety/ep_pfl_violation_rate=0.0000 episode_safety/ep_min_ssm_margin=-1.0435 episode_safety/ep_min_ssm_margin_actual=-0.8035 episode_safety/ep_min_separation=0.3411 episode_safety/ep_mean_separation=0.6939 episode_safety/ep_p5_separation=0.3535 episode_safety/ep_p25_separation=0.5365 episode_safety/ep_max_pfl_force_ratio=0.0000 episode_safety/ep_max_contact_force=0.0000 episode_safety/ep_max_robot_vel=3.5052 episode_safety/ep_mean_robot_vel=0.3243 episode_safety/ep_time_to_first_violation=52.0000 episode_safety/ep_time_in_proximity_0p3m=0.0000 episode_safety/ep_time_in_proximity_0p5m=0.1976 episode_safety/ep_time_in_proximity_1p0m=0.9315
[2026-06-02 13:55:31,511][__main__][INFO] - [safety] step=4050 safety/ssm_violation=0.0000 safety/ssm_violation_actual=0.0000 safety/proximity_violation=0.0000 safety/pfl_violation=0.0000 safety/ssm_margin=1.5313 safety/ssm_margin_actual=1.7709 safety/min_separation=1.8845 safety/pfl_force_ratio=0.0000 safety/robot_vel=0.1175 safety/human_vel=0.0028 episode_safety/ep_steps=298.0000 episode_safety/ep_ssm_violation_rate=0.1007 episode_safety/ep_ssm_violation_actual_rate=0.0134 episode_safety/ep_proximity_violation_rate=0.0000 episode_safety/ep_pfl_violation_rate=0.0000 episode_safety/ep_min_ssm_margin=-1.0435 episode_safety/ep_min_ssm_margin_actual=-0.8035 episode_safety/ep_min_separation=0.3411 episode_safety/ep_mean_separation=0.8788 episode_safety/ep_p5_separation=0.3612 episode_safety/ep_p25_separation=0.5594 episode_safety/ep_max_pfl_force_ratio=0.0000 episode_safety/ep_max_contact_force=0.0000 episode_safety/ep_max_robot_vel=3.5052 episode_safety/ep_mean_robot_vel=0.3088 episode_safety/ep_time_to_first_violation=52.0000 episode_safety/ep_time_in_proximity_0p3m=0.0000 episode_safety/ep_time_in_proximity_0p5m=0.1644 episode_safety/ep_time_in_proximity_1p0m=0.7752
[2026-06-02 13:55:38,013][__main__][INFO] - [episode] step=4062 safety/ssm_violation=0.0000 safety/ssm_violation_actual=0.0000 safety/proximity_violation=0.0000 safety/pfl_violation=0.0000 safety/ssm_margin=1.4085 safety/ssm_margin_actual=1.6484 safety/min_separation=1.8783 safety/pfl_force_ratio=0.0000 safety/robot_vel=0.7444 safety/human_vel=0.0005 episode_safety/ep_steps=309.0000 episode_safety/ep_ssm_violation_rate=0.0971 episode_safety/ep_ssm_violation_actual_rate=0.0129 episode_safety/ep_proximity_violation_rate=0.0000 episode_safety/ep_pfl_violation_rate=0.0000 episode_safety/ep_min_ssm_margin=-1.0435 episode_safety/ep_min_ssm_margin_actual=-0.8035 episode_safety/ep_min_separation=0.3411 episode_safety/ep_mean_separation=0.9146 episode_safety/ep_p5_separation=0.3635 episode_safety/ep_p25_separation=0.5676 episode_safety/ep_max_pfl_force_ratio=0.0000 episode_safety/ep_max_contact_force=0.0000 episode_safety/ep_max_robot_vel=3.5052 episode_safety/ep_mean_robot_vel=0.3233 episode_safety/ep_time_to_first_violation=52.0000 episode_safety/ep_time_in_proximity_0p3m=0.0000 episode_safety/ep_time_in_proximity_0p5m=0.1586 episode_safety/ep_time_in_proximity_1p0m=0.7476 episode_cost_integral=78.2612 episode_lambda=0.0000
[2026-06-02 13:55:38,014][__main__][INFO] - [train] step=4062 episode_reward=-2.0972 episode_length=309 episode=11 buffer_size=16681
[2026-06-02 13:55:59,838][__main__][INFO] - [safety] step=4100 safety/ssm_violation=1.0000 safety/ssm_violation_actual=0.0000 safety/proximity_violation=1.0000 safety/pfl_violation=0.0000 safety/ssm_margin=-0.1006 safety/ssm_margin_actual=0.1137 safety/min_separation=0.2605 safety/pfl_force_ratio=0.0000 safety/robot_vel=0.1795 safety/human_vel=0.1709 episode_safety/ep_steps=39.0000 episode_safety/ep_ssm_violation_rate=0.3846 episode_safety/ep_ssm_violation_actual_rate=0.0000 episode_safety/ep_proximity_violation_rate=0.3590 episode_safety/ep_pfl_violation_rate=0.0000 episode_safety/ep_min_ssm_margin=-0.1166 episode_safety/ep_min_ssm_margin_actual=0.1097 episode_safety/ep_min_separation=0.2452 episode_safety/ep_mean_separation=0.8632 episode_safety/ep_p5_separation=0.2497 episode_safety/ep_p25_separation=0.2600 episode_safety/ep_max_pfl_force_ratio=0.0000 episode_safety/ep_max_contact_force=0.0000 episode_safety/ep_max_robot_vel=0.2326 episode_safety/ep_mean_robot_vel=0.1402 episode_safety/ep_time_to_first_violation=24.0000 episode_safety/ep_time_in_proximity_0p3m=0.3590 episode_safety/ep_time_in_proximity_0p5m=0.4615 episode_safety/ep_time_in_proximity_1p0m=0.6154
[2026-06-02 13:56:27,808][__main__][INFO] - [safety] step=4150 safety/ssm_violation=0.0000 safety/ssm_violation_actual=0.0000 safety/proximity_violation=0.0000 safety/pfl_violation=0.0000 safety/ssm_margin=0.1911 safety/ssm_margin_actual=0.4310 safety/min_separation=0.5987 safety/pfl_force_ratio=0.0000 safety/robot_vel=0.4623 safety/human_vel=0.0002 episode_safety/ep_steps=89.0000 episode_safety/ep_ssm_violation_rate=0.6180 episode_safety/ep_ssm_violation_actual_rate=0.0562 episode_safety/ep_proximity_violation_rate=0.4382 episode_safety/ep_pfl_violation_rate=0.0000 episode_safety/ep_min_ssm_margin=-0.9288 episode_safety/ep_min_ssm_margin_actual=-0.6890 episode_safety/ep_min_separation=0.2452 episode_safety/ep_mean_separation=0.5749 episode_safety/ep_p5_separation=0.2541 episode_safety/ep_p25_separation=0.2865 episode_safety/ep_max_pfl_force_ratio=0.0000 episode_safety/ep_max_contact_force=0.0000 episode_safety/ep_max_robot_vel=2.6506 episode_safety/ep_mean_robot_vel=0.3476 episode_safety/ep_time_to_first_violation=24.0000 episode_safety/ep_time_in_proximity_0p3m=0.4382 episode_safety/ep_time_in_proximity_0p5m=0.7079 episode_safety/ep_time_in_proximity_1p0m=0.8315
[2026-06-02 13:56:55,858][__main__][INFO] - [safety] step=4200 safety/ssm_violation=1.0000 safety/ssm_violation_actual=0.0000 safety/proximity_violation=0.0000 safety/pfl_violation=0.0000 safety/ssm_margin=-0.0803 safety/ssm_margin_actual=0.1597 safety/min_separation=0.3145 safety/pfl_force_ratio=0.0000 safety/robot_vel=0.3931 safety/human_vel=0.0000 episode_safety/ep_steps=139.0000 episode_safety/ep_ssm_violation_rate=0.4388 episode_safety/ep_ssm_violation_actual_rate=0.0360 episode_safety/ep_proximity_violation_rate=0.2806 episode_safety/ep_pfl_violation_rate=0.0000 episode_safety/ep_min_ssm_margin=-0.9288 episode_safety/ep_min_ssm_margin_actual=-0.6890 episode_safety/ep_min_separation=0.2452 episode_safety/ep_mean_separation=0.5889 episode_safety/ep_p5_separation=0.2567 episode_safety/ep_p25_separation=0.2910 episode_safety/ep_max_pfl_force_ratio=0.0000 episode_safety/ep_max_contact_force=0.0000 episode_safety/ep_max_robot_vel=2.6506 episode_safety/ep_mean_robot_vel=0.3376 episode_safety/ep_time_to_first_violation=24.0000 episode_safety/ep_time_in_proximity_0p3m=0.2806 episode_safety/ep_time_in_proximity_0p5m=0.5396 episode_safety/ep_time_in_proximity_1p0m=0.8921
Terminated
