
==== launch dish_b2_ws (budget 0.2, ws_init 0.25) on GPU4 ====
[2026-06-09 20:18:22,606][__main__][INFO] - workspace: /home/ap2322/Documents/safety_bigym/exp_local/budget_warmstart/dish_b2_ws
[2026-06-09 20:18:22,608][safety_bigym.envs.safety_bigym_factory][INFO] - Forcing disruption_type=COWORKER for every episode.
[2026-06-09 20:18:22,608][safety_bigym.envs.safety_bigym_factory][INFO] - Creating SafetyBiGymEnv: task=DishwasherClose, inject_human=True, clips=0
[2026-06-09 20:18:26,301][safety_bigym.envs.safety_env][INFO] - Human indices: pelvis_id=2, pelvis_mocapid=0, ssm_bodies=14
[2026-06-09 20:18:26,302][safety_bigym.envs.safety_env][INFO] - Promoted 69 geoms onto human collision channel (human_emit=bit1, robot_emit=bit2); reset 22 human collision geoms onto the cross-paired channel.
[2026-06-09 20:18:26,303][safety_bigym.envs.safety_env][INFO] - Safety wrapper initialized
[2026-06-09 20:18:26,303][safety_bigym.envs.safety_env][INFO] - G1 human controller initialized
[2026-06-09 20:18:26,303][safety_bigym.envs.safety_bigym_factory][INFO] - Inserting BodySLAMWrapper(mode=oracle, occlusion=none).
wandb: [wandb.login()] Loaded credentials for https://api.wandb.ai from /home/ap2322/.netrc.
wandb: Currently logged in as: a4ayushpatel (a4ayushpatel-imperial-college-london) to https://api.wandb.ai. Use `wandb login --relogin` to force relogin
wandb: setting up run 52nueld9
wandb: Tracking run with wandb version 0.25.0
wandb: Run data is saved locally in /home/ap2322/Documents/safety_bigym/exp_local/budget_warmstart/dish_b2_ws/wandb/run-20260609_201827-52nueld9
wandb: Run `wandb offline` to turn off syncing.
wandb: Syncing run bws_dish_b2_ws
wandb: ⭐️ View project at https://wandb.ai/a4ayushpatel-imperial-college-london/safety-critic
wandb: 🚀 View run at https://wandb.ai/a4ayushpatel-imperial-college-london/safety-critic/runs/52nueld9
MultiViewCNNEncoder(
  (conv_nets): ModuleList(
    (0-2): 3 x Sequential(
      (0): Conv2d(12, 32, kernel_size=(4, 4), stride=(2, 2), padding=(1, 1))
      (1): ImgChLayerNorm()
      (2): SiLU()
      (3): Conv2d(32, 64, kernel_size=(4, 4), stride=(2, 2), padding=(1, 1))
      (4): ImgChLayerNorm()
      (5): SiLU()
      (6): Conv2d(64, 128, kernel_size=(4, 4), stride=(2, 2), padding=(1, 1))
      (7): ImgChLayerNorm()
      (8): SiLU()
      (9): Conv2d(128, 256, kernel_size=(4, 4), stride=(2, 2), padding=(1, 1))
      (10): ImgChLayerNorm()
      (11): SiLU()
    )
  )
)
C2FCritic(
  (network): C2FCriticNetwork(
    (adv_rgb_encoder): Sequential(
      (0): Linear(in_features=19200, out_features=512, bias=False)
      (1): LayerNorm((512,), eps=1e-05, elementwise_affine=True)
      (2): SiLU()
      (3): Linear(in_features=512, out_features=512, bias=False)
      (4): LayerNorm((512,), eps=1e-05, elementwise_affine=True)
      (5): SiLU()
      (6): Linear(in_features=512, out_features=64, bias=False)
      (7): LayerNorm((64,), eps=1e-05, elementwise_affine=True)
      (8): Tanh()
    )
    (adv_low_dim_encoder): Sequential(
      (0): Linear(in_features=288, out_features=64, bias=False)
      (1): LayerNorm((64,), eps=1e-05, elementwise_affine=True)
      (2): Tanh()
    )
    (adv_net): Sequential(
      (0): Linear(in_features=163, out_features=512, bias=False)
      (1): LayerNorm((512,), eps=1e-05, elementwise_affine=True)
      (2): SiLU()
      (3): Linear(in_features=512, out_features=512, bias=False)
      (4): LayerNorm((512,), eps=1e-05, elementwise_affine=True)
      (5): SiLU()
    )
    (adv_gru): GRU(512, 512, batch_first=True)
    (adv_head): Linear(in_features=512, out_features=8080, bias=True)
    (value_rgb_encoder): Sequential(
      (0): Linear(in_features=19200, out_features=512, bias=False)
      (1): LayerNorm((512,), eps=1e-05, elementwise_affine=True)
      (2): SiLU()
      (3): Linear(in_features=512, out_features=512, bias=False)
      (4): LayerNorm((512,), eps=1e-05, elementwise_affine=True)
      (5): SiLU()
      (6): Linear(in_features=512, out_features=64, bias=False)
      (7): LayerNorm((64,), eps=1e-05, elementwise_affine=True)
      (8): Tanh()
    )
    (value_low_dim_encoder): Sequential(
      (0): Linear(in_features=288, out_features=64, bias=False)
      (1): LayerNorm((64,), eps=1e-05, elementwise_affine=True)
      (2): Tanh()
    )
    (value_net): Sequential(
      (0): Linear(in_features=163, out_features=512, bias=False)
      (1): LayerNorm((512,), eps=1e-05, elementwise_affine=True)
      (2): SiLU()
      (3): Linear(in_features=512, out_features=512, bias=False)
      (4): LayerNorm((512,), eps=1e-05, elementwise_affine=True)
      (5): SiLU()
    )
    (value_gru): GRU(512, 512, batch_first=True)
    (value_head): Linear(in_features=512, out_features=1616, bias=True)
  )
)
[2026-06-09 20:18:30,170][__main__][INFO] - loading snapshot: /home/ap2322/Documents/safety_bigym/exp_local/curriculum/dish_rung1_a/stage2_full/snapshot_best.pt
[2026-06-09 20:18:30,295][__main__][INFO] - snapshot loaded: trained for 35063 steps / 157 episodes
[2026-06-09 20:18:30,295][root][INFO] - Loading demos via raw BiGym env (for DemoStore compatibility).
[2026-06-09 20:18:32,400][root][INFO] - Demos are cached already: /home/ap2322/.bigym/demonstrations/0.9.0
[2026-06-09 20:18:32,401][root][INFO] - Demos are cached already: /home/ap2322/.bigym/demonstrations/0.9.0
[2026-06-09 20:18:32,401][root][INFO] - Demos are cached already: /home/ap2322/.bigym/demonstrations/0.9.0
[2026-06-09 20:18:34,057][root][INFO] - Loaded 69 demos.
[2026-06-09 20:18:40,767][safety_bigym.agents.cqn_as.env_adapter][INFO] - Converted 69 demos (62 successful) for CQN-AS.
[2026-06-09 20:19:08,955][__main__][INFO] - Loaded 69 demos; replay size now 11548
[2026-06-09 20:19:09,238][__main__][INFO] - [safety] step=0 safety/ssm_violation=0.0000 safety/ssm_violation_actual=0.0000 safety/proximity_violation=0.0000 safety/pfl_violation=0.0000 safety/ssm_margin=1.4237 safety/ssm_margin_actual=1.6094 safety/min_separation=2.6128 safety/pfl_force_ratio=0.0000 safety/robot_vel=2.4566 safety/human_vel=0.3621 episode_safety/ep_steps=1.0000 episode_safety/ep_ssm_violation_rate=0.0000 episode_safety/ep_ssm_violation_actual_rate=0.0000 episode_safety/ep_proximity_violation_rate=0.0000 episode_safety/ep_pfl_violation_rate=0.0000 episode_safety/ep_min_ssm_margin=1.4237 episode_safety/ep_min_ssm_margin_actual=1.6094 episode_safety/ep_min_separation=2.6128 episode_safety/ep_mean_separation=2.6128 episode_safety/ep_p5_separation=2.6128 episode_safety/ep_p25_separation=2.6128 episode_safety/ep_max_pfl_force_ratio=0.0000 episode_safety/ep_max_contact_force=0.0000 episode_safety/ep_max_robot_vel=2.4566 episode_safety/ep_mean_robot_vel=2.4566 episode_safety/ep_time_to_first_violation=-1.0000 episode_safety/ep_time_in_proximity_0p3m=0.0000 episode_safety/ep_time_in_proximity_0p5m=0.0000 episode_safety/ep_time_in_proximity_1p0m=0.0000
[2026-06-09 20:19:10,027][__main__][INFO] - [safety] step=50 safety/ssm_violation=0.0000 safety/ssm_violation_actual=0.0000 safety/proximity_violation=0.0000 safety/pfl_violation=0.0000 safety/ssm_margin=0.0693 safety/ssm_margin_actual=0.2767 safety/min_separation=0.4868 safety/pfl_force_ratio=0.0000 safety/robot_vel=0.5125 safety/human_vel=0.2168 episode_safety/ep_steps=51.0000 episode_safety/ep_ssm_violation_rate=0.2941 episode_safety/ep_ssm_violation_actual_rate=0.0000 episode_safety/ep_proximity_violation_rate=0.0000 episode_safety/ep_pfl_violation_rate=0.0000 episode_safety/ep_min_ssm_margin=-0.0766 episode_safety/ep_min_ssm_margin_actual=0.1502 episode_safety/ep_min_separation=0.3104 episode_safety/ep_mean_separation=1.1849 episode_safety/ep_p5_separation=0.3153 episode_safety/ep_p25_separation=0.4011 episode_safety/ep_max_pfl_force_ratio=0.0000 episode_safety/ep_max_contact_force=0.0000 episode_safety/ep_max_robot_vel=2.4566 episode_safety/ep_mean_robot_vel=0.5787 episode_safety/ep_time_to_first_violation=33.0000 episode_safety/ep_time_in_proximity_0p3m=0.0000 episode_safety/ep_time_in_proximity_0p5m=0.4118 episode_safety/ep_time_in_proximity_1p0m=0.5294
[2026-06-09 20:19:10,851][__main__][INFO] - [safety] step=100 safety/ssm_violation=0.0000 safety/ssm_violation_actual=0.0000 safety/proximity_violation=0.0000 safety/pfl_violation=0.0000 safety/ssm_margin=0.1474 safety/ssm_margin_actual=0.3872 safety/min_separation=0.5490 safety/pfl_force_ratio=0.0000 safety/robot_vel=0.4308 safety/human_vel=0.0008 episode_safety/ep_steps=101.0000 episode_safety/ep_ssm_violation_rate=0.3762 episode_safety/ep_ssm_violation_actual_rate=0.0000 episode_safety/ep_proximity_violation_rate=0.0000 episode_safety/ep_pfl_violation_rate=0.0000 episode_safety/ep_min_ssm_margin=-0.1010 episode_safety/ep_min_ssm_margin_actual=0.1347 episode_safety/ep_min_separation=0.3104 episode_safety/ep_mean_separation=0.8283 episode_safety/ep_p5_separation=0.3238 episode_safety/ep_p25_separation=0.4004 episode_safety/ep_max_pfl_force_ratio=0.0000 episode_safety/ep_max_contact_force=0.0000 episode_safety/ep_max_robot_vel=2.4566 episode_safety/ep_mean_robot_vel=0.5530 episode_safety/ep_time_to_first_violation=33.0000 episode_safety/ep_time_in_proximity_0p3m=0.0000 episode_safety/ep_time_in_proximity_0p5m=0.5050 episode_safety/ep_time_in_proximity_1p0m=0.7624
[2026-06-09 20:19:11,680][__main__][INFO] - [safety] step=150 safety/ssm_violation=0.0000 safety/ssm_violation_actual=0.0000 safety/proximity_violation=0.0000 safety/pfl_violation=0.0000 safety/ssm_margin=0.0902 safety/ssm_margin_actual=0.3302 safety/min_separation=0.4696 safety/pfl_force_ratio=0.0000 safety/robot_vel=0.3027 safety/human_vel=0.0000 episode_safety/ep_steps=151.0000 episode_safety/ep_ssm_violation_rate=0.3841 episode_safety/ep_ssm_violation_actual_rate=0.0000 episode_safety/ep_proximity_violation_rate=0.0000 episode_safety/ep_pfl_violation_rate=0.0000 episode_safety/ep_min_ssm_margin=-0.1010 episode_safety/ep_min_ssm_margin_actual=0.1347 episode_safety/ep_min_separation=0.3104 episode_safety/ep_mean_separation=0.7138 episode_safety/ep_p5_separation=0.3256 episode_safety/ep_p25_separation=0.4004 episode_safety/ep_max_pfl_force_ratio=0.0000 episode_safety/ep_max_contact_force=0.0000 episode_safety/ep_max_robot_vel=2.4566 episode_safety/ep_mean_robot_vel=0.5459 episode_safety/ep_time_to_first_violation=33.0000 episode_safety/ep_time_in_proximity_0p3m=0.0000 episode_safety/ep_time_in_proximity_0p5m=0.5232 episode_safety/ep_time_in_proximity_1p0m=0.8411
[2026-06-09 20:19:12,867][__main__][INFO] - [episode] step=192 safety/ssm_violation=0.0000 safety/ssm_violation_actual=0.0000 safety/proximity_violation=0.0000 safety/pfl_violation=0.0000 safety/ssm_margin=0.0232 safety/ssm_margin_actual=0.2632 safety/min_separation=0.4063 safety/pfl_force_ratio=0.0000 safety/robot_vel=0.3254 safety/human_vel=0.0000 episode_safety/ep_steps=192.0000 episode_safety/ep_ssm_violation_rate=0.3125 episode_safety/ep_ssm_violation_actual_rate=0.0000 episode_safety/ep_proximity_violation_rate=0.0000 episode_safety/ep_pfl_violation_rate=0.0000 episode_safety/ep_min_ssm_margin=-0.1010 episode_safety/ep_min_ssm_margin_actual=0.1347 episode_safety/ep_min_separation=0.3104 episode_safety/ep_mean_separation=0.6632 episode_safety/ep_p5_separation=0.3422 episode_safety/ep_p25_separation=0.4203 episode_safety/ep_max_pfl_force_ratio=0.0000 episode_safety/ep_max_contact_force=0.0000 episode_safety/ep_max_robot_vel=2.4566 episode_safety/ep_mean_robot_vel=0.5099 episode_safety/ep_time_to_first_violation=33.0000 episode_safety/ep_time_in_proximity_0p3m=0.0000 episode_safety/ep_time_in_proximity_0p5m=0.5938 episode_safety/ep_time_in_proximity_1p0m=0.8750 episode_cost_integral=127.4209 episode_lambda=0.0000
[2026-06-09 20:19:12,867][__main__][INFO] - [train] step=192 episode_reward=1.0000 episode_length=192 episode=1 buffer_size=11740
[2026-06-09 20:19:13,047][__main__][INFO] - [safety] step=200 safety/ssm_violation=0.0000 safety/ssm_violation_actual=0.0000 safety/proximity_violation=0.0000 safety/pfl_violation=0.0000 safety/ssm_margin=1.2060 safety/ssm_margin_actual=1.4163 safety/min_separation=1.6144 safety/pfl_force_ratio=0.0000 safety/robot_vel=0.4664 safety/human_vel=0.1977 episode_safety/ep_steps=9.0000 episode_safety/ep_ssm_violation_rate=0.0000 episode_safety/ep_ssm_violation_actual_rate=0.0000 episode_safety/ep_proximity_violation_rate=0.0000 episode_safety/ep_pfl_violation_rate=0.0000 episode_safety/ep_min_ssm_margin=0.6641 episode_safety/ep_min_ssm_margin_actual=0.8498 episode_safety/ep_min_separation=1.6144 episode_safety/ep_mean_separation=1.7510 episode_safety/ep_p5_separation=1.6332 episode_safety/ep_p25_separation=1.7046 episode_safety/ep_max_pfl_force_ratio=0.0000 episode_safety/ep_max_contact_force=0.0000 episode_safety/ep_max_robot_vel=2.4680 episode_safety/ep_mean_robot_vel=0.8739 episode_safety/ep_time_to_first_violation=-1.0000 episode_safety/ep_time_in_proximity_0p3m=0.0000 episode_safety/ep_time_in_proximity_0p5m=0.0000 episode_safety/ep_time_in_proximity_1p0m=0.0000
[2026-06-09 20:19:13,862][__main__][INFO] - [safety] step=250 safety/ssm_violation=1.0000 safety/ssm_violation_actual=0.0000 safety/proximity_violation=1.0000 safety/pfl_violation=0.0000 safety/ssm_margin=-0.1019 safety/ssm_margin_actual=0.1228 safety/min_separation=0.2756 safety/pfl_force_ratio=0.0000 safety/robot_vel=0.2904 safety/human_vel=0.1021 episode_safety/ep_steps=59.0000 episode_safety/ep_ssm_violation_rate=0.6102 episode_safety/ep_ssm_violation_actual_rate=0.3559 episode_safety/ep_proximity_violation_rate=0.5593 episode_safety/ep_pfl_violation_rate=0.0000 episode_safety/ep_min_ssm_margin=-0.3385 episode_safety/ep_min_ssm_margin_actual=-0.1123 episode_safety/ep_min_separation=0.0754 episode_safety/ep_mean_separation=0.6494 episode_safety/ep_p5_separation=0.0814 episode_safety/ep_p25_separation=0.1622 episode_safety/ep_max_pfl_force_ratio=0.0000 episode_safety/ep_max_contact_force=0.0000 episode_safety/ep_max_robot_vel=2.4680 episode_safety/ep_mean_robot_vel=0.5694 episode_safety/ep_time_to_first_violation=23.0000 episode_safety/ep_time_in_proximity_0p3m=0.5593 episode_safety/ep_time_in_proximity_0p5m=0.6102 episode_safety/ep_time_in_proximity_1p0m=0.7119
[2026-06-09 20:19:14,967][__main__][INFO] - [safety] step=300 safety/ssm_violation=1.0000 safety/ssm_violation_actual=1.0000 safety/proximity_violation=1.0000 safety/pfl_violation=0.0000 safety/ssm_margin=-0.2549 safety/ssm_margin_actual=-0.0476 safety/min_separation=0.2004 safety/pfl_force_ratio=0.0000 safety/robot_vel=0.6848 safety/human_vel=0.2178 episode_safety/ep_steps=109.0000 episode_safety/ep_ssm_violation_rate=0.7890 episode_safety/ep_ssm_violation_actual_rate=0.3578 episode_safety/ep_proximity_violation_rate=0.6422 episode_safety/ep_pfl_violation_rate=0.0000 episode_safety/ep_min_ssm_margin=-0.3385 episode_safety/ep_min_ssm_margin_actual=-0.1123 episode_safety/ep_min_separation=0.0754 episode_safety/ep_mean_separation=0.4655 episode_safety/ep_p5_separation=0.0969 episode_safety/ep_p25_separation=0.1969 episode_safety/ep_max_pfl_force_ratio=0.0000 episode_safety/ep_max_contact_force=0.0000 episode_safety/ep_max_robot_vel=2.4680 episode_safety/ep_mean_robot_vel=0.5708 episode_safety/ep_time_to_first_violation=23.0000 episode_safety/ep_time_in_proximity_0p3m=0.6422 episode_safety/ep_time_in_proximity_0p5m=0.7890 episode_safety/ep_time_in_proximity_1p0m=0.8440
[2026-06-09 20:19:17,836][__main__][INFO] - [safety] step=350 safety/ssm_violation=1.0000 safety/ssm_violation_actual=0.0000 safety/proximity_violation=1.0000 safety/pfl_violation=0.0000 safety/ssm_margin=-0.1454 safety/ssm_margin_actual=0.0908 safety/min_separation=0.2724 safety/pfl_force_ratio=0.0000 safety/robot_vel=0.5139 safety/human_vel=0.0253 episode_safety/ep_steps=159.0000 episode_safety/ep_ssm_violation_rate=0.8553 episode_safety/ep_ssm_violation_actual_rate=0.3711 episode_safety/ep_proximity_violation_rate=0.6541 episode_safety/ep_pfl_violation_rate=0.0000 episode_safety/ep_min_ssm_margin=-0.5511 episode_safety/ep_min_ssm_margin_actual=-0.3411 episode_safety/ep_min_separation=0.0754 episode_safety/ep_mean_separation=0.4015 episode_safety/ep_p5_separation=0.1173 episode_safety/ep_p25_separation=0.1962 episode_safety/ep_max_pfl_force_ratio=0.0000 episode_safety/ep_max_contact_force=0.0000 episode_safety/ep_max_robot_vel=2.4680 episode_safety/ep_mean_robot_vel=0.5748 episode_safety/ep_time_to_first_violation=23.0000 episode_safety/ep_time_in_proximity_0p3m=0.6541 episode_safety/ep_time_in_proximity_0p5m=0.8553 episode_safety/ep_time_in_proximity_1p0m=0.8931
[2026-06-09 20:19:19,923][__main__][INFO] - [episode] step=382 safety/ssm_violation=1.0000 safety/ssm_violation_actual=0.0000 safety/proximity_violation=1.0000 safety/pfl_violation=0.0000 safety/ssm_margin=-0.1924 safety/ssm_margin_actual=0.0222 safety/min_separation=0.2057 safety/pfl_force_ratio=0.0000 safety/robot_vel=0.4115 safety/human_vel=0.1693 episode_safety/ep_steps=190.0000 episode_safety/ep_ssm_violation_rate=0.8789 episode_safety/ep_ssm_violation_actual_rate=0.3105 episode_safety/ep_proximity_violation_rate=0.7105 episode_safety/ep_pfl_violation_rate=0.0000 episode_safety/ep_min_ssm_margin=-0.5511 episode_safety/ep_min_ssm_margin_actual=-0.3411 episode_safety/ep_min_separation=0.0754 episode_safety/ep_mean_separation=0.3779 episode_safety/ep_p5_separation=0.1234 episode_safety/ep_p25_separation=0.2047 episode_safety/ep_max_pfl_force_ratio=0.0000 episode_safety/ep_max_contact_force=0.0000 episode_safety/ep_max_robot_vel=2.4680 episode_safety/ep_mean_robot_vel=0.5331 episode_safety/ep_time_to_first_violation=23.0000 episode_safety/ep_time_in_proximity_0p3m=0.7105 episode_safety/ep_time_in_proximity_0p5m=0.8789 episode_safety/ep_time_in_proximity_1p0m=0.9105 episode_cost_integral=168.1313 episode_lambda=0.0000
[2026-06-09 20:19:19,923][__main__][INFO] - [train] step=382 episode_reward=1.0000 episode_length=190 episode=2 buffer_size=11930
[2026-06-09 20:19:31,445][__main__][INFO] - [safety] step=400 safety/ssm_violation=0.0000 safety/ssm_violation_actual=0.0000 safety/proximity_violation=0.0000 safety/pfl_violation=0.0000 safety/ssm_margin=0.6521 safety/ssm_margin_actual=0.8741 safety/min_separation=1.1073 safety/pfl_force_ratio=0.0000 safety/robot_vel=0.6844 safety/human_vel=0.1195 episode_safety/ep_steps=19.0000 episode_safety/ep_ssm_violation_rate=0.0000 episode_safety/ep_ssm_violation_actual_rate=0.0000 episode_safety/ep_proximity_violation_rate=0.0000 episode_safety/ep_pfl_violation_rate=0.0000 episode_safety/ep_min_ssm_margin=0.6521 episode_safety/ep_min_ssm_margin_actual=0.8741 episode_safety/ep_min_separation=1.1073 episode_safety/ep_mean_separation=1.7283 episode_safety/ep_p5_separation=1.1537 episode_safety/ep_p25_separation=1.3613 episode_safety/ep_max_pfl_force_ratio=0.0000 episode_safety/ep_max_contact_force=0.0000 episode_safety/ep_max_robot_vel=2.5025 episode_safety/ep_mean_robot_vel=0.7386 episode_safety/ep_time_to_first_violation=-1.0000 episode_safety/ep_time_in_proximity_0p3m=0.0000 episode_safety/ep_time_in_proximity_0p5m=0.0000 episode_safety/ep_time_in_proximity_1p0m=0.0000
[2026-06-09 20:19:55,530][__main__][INFO] - [safety] step=450 safety/ssm_violation=0.0000 safety/ssm_violation_actual=0.0000 safety/proximity_violation=0.0000 safety/pfl_violation=0.0000 safety/ssm_margin=0.4795 safety/ssm_margin_actual=0.7146 safety/min_separation=0.9406 safety/pfl_force_ratio=0.0000 safety/robot_vel=0.7086 safety/human_vel=0.0326 episode_safety/ep_steps=69.0000 episode_safety/ep_ssm_violation_rate=0.0000 episode_safety/ep_ssm_violation_actual_rate=0.0000 episode_safety/ep_proximity_violation_rate=0.0000 episode_safety/ep_pfl_violation_rate=0.0000 episode_safety/ep_min_ssm_margin=0.3388 episode_safety/ep_min_ssm_margin_actual=0.5636 episode_safety/ep_min_separation=0.7306 episode_safety/ep_mean_separation=1.1130 episode_safety/ep_p5_separation=0.7404 episode_safety/ep_p25_separation=0.8397 episode_safety/ep_max_pfl_force_ratio=0.0000 episode_safety/ep_max_contact_force=0.0000 episode_safety/ep_max_robot_vel=2.5025 episode_safety/ep_mean_robot_vel=0.5605 episode_safety/ep_time_to_first_violation=-1.0000 episode_safety/ep_time_in_proximity_0p3m=0.0000 episode_safety/ep_time_in_proximity_0p5m=0.0000 episode_safety/ep_time_in_proximity_1p0m=0.6377
[2026-06-09 20:20:19,573][__main__][INFO] - [safety] step=500 safety/ssm_violation=0.0000 safety/ssm_violation_actual=0.0000 safety/proximity_violation=0.0000 safety/pfl_violation=0.0000 safety/ssm_margin=0.4263 safety/ssm_margin_actual=0.6663 safety/min_separation=0.8941 safety/pfl_force_ratio=0.0000 safety/robot_vel=0.7359 safety/human_vel=0.0001 episode_safety/ep_steps=119.0000 episode_safety/ep_ssm_violation_rate=0.0000 episode_safety/ep_ssm_violation_actual_rate=0.0000 episode_safety/ep_proximity_violation_rate=0.0000 episode_safety/ep_pfl_violation_rate=0.0000 episode_safety/ep_min_ssm_margin=0.3270 episode_safety/ep_min_ssm_margin_actual=0.5636 episode_safety/ep_min_separation=0.7306 episode_safety/ep_mean_separation=1.0300 episode_safety/ep_p5_separation=0.7484 episode_safety/ep_p25_separation=0.8373 episode_safety/ep_max_pfl_force_ratio=0.0000 episode_safety/ep_max_contact_force=0.0000 episode_safety/ep_max_robot_vel=2.5025 episode_safety/ep_mean_robot_vel=0.5488 episode_safety/ep_time_to_first_violation=-1.0000 episode_safety/ep_time_in_proximity_0p3m=0.0000 episode_safety/ep_time_in_proximity_0p5m=0.0000 episode_safety/ep_time_in_proximity_1p0m=0.6723
[2026-06-09 20:20:43,614][__main__][INFO] - [safety] step=550 safety/ssm_violation=0.0000 safety/ssm_violation_actual=0.0000 safety/proximity_violation=0.0000 safety/pfl_violation=0.0000 safety/ssm_margin=0.5629 safety/ssm_margin_actual=0.8029 safety/min_separation=0.9219 safety/pfl_force_ratio=0.0000 safety/robot_vel=0.1632 safety/human_vel=0.0000 episode_safety/ep_steps=169.0000 episode_safety/ep_ssm_violation_rate=0.0000 episode_safety/ep_ssm_violation_actual_rate=0.0000 episode_safety/ep_proximity_violation_rate=0.0000 episode_safety/ep_pfl_violation_rate=0.0000 episode_safety/ep_min_ssm_margin=0.3270 episode_safety/ep_min_ssm_margin_actual=0.5636 episode_safety/ep_min_separation=0.7306 episode_safety/ep_mean_separation=1.0067 episode_safety/ep_p5_separation=0.7544 episode_safety/ep_p25_separation=0.8701 episode_safety/ep_max_pfl_force_ratio=0.0000 episode_safety/ep_max_contact_force=0.0000 episode_safety/ep_max_robot_vel=2.5025 episode_safety/ep_mean_robot_vel=0.4675 episode_safety/ep_time_to_first_violation=-1.0000 episode_safety/ep_time_in_proximity_0p3m=0.0000 episode_safety/ep_time_in_proximity_0p5m=0.0000 episode_safety/ep_time_in_proximity_1p0m=0.6923
[2026-06-09 20:21:07,877][__main__][INFO] - [safety] step=600 safety/ssm_violation=0.0000 safety/ssm_violation_actual=0.0000 safety/proximity_violation=0.0000 safety/pfl_violation=0.0000 safety/ssm_margin=0.6802 safety/ssm_margin_actual=0.9202 safety/min_separation=1.0337 safety/pfl_force_ratio=0.0000 safety/robot_vel=0.1204 safety/human_vel=0.0000 episode_safety/ep_steps=219.0000 episode_safety/ep_ssm_violation_rate=0.0000 episode_safety/ep_ssm_violation_actual_rate=0.0000 episode_safety/ep_proximity_violation_rate=0.0000 episode_safety/ep_pfl_violation_rate=0.0000 episode_safety/ep_min_ssm_margin=0.3270 episode_safety/ep_min_ssm_margin_actual=0.5636 episode_safety/ep_min_separation=0.7306 episode_safety/ep_mean_separation=1.0050 episode_safety/ep_p5_separation=0.7570 episode_safety/ep_p25_separation=0.8829 episode_safety/ep_max_pfl_force_ratio=0.0000 episode_safety/ep_max_contact_force=0.0000 episode_safety/ep_max_robot_vel=2.5025 episode_safety/ep_mean_robot_vel=0.3910 episode_safety/ep_time_to_first_violation=-1.0000 episode_safety/ep_time_in_proximity_0p3m=0.0000 episode_safety/ep_time_in_proximity_0p5m=0.0000 episode_safety/ep_time_in_proximity_1p0m=0.6575
[2026-06-09 20:21:32,096][__main__][INFO] - [safety] step=650 safety/ssm_violation=0.0000 safety/ssm_violation_actual=0.0000 safety/proximity_violation=0.0000 safety/pfl_violation=0.0000 safety/ssm_margin=0.6377 safety/ssm_margin_actual=0.8777 safety/min_separation=0.9911 safety/pfl_force_ratio=0.0000 safety/robot_vel=0.1202 safety/human_vel=0.0000 episode_safety/ep_steps=269.0000 episode_safety/ep_ssm_violation_rate=0.0000 episode_safety/ep_ssm_violation_actual_rate=0.0000 episode_safety/ep_proximity_violation_rate=0.0000 episode_safety/ep_pfl_violation_rate=0.0000 episode_safety/ep_min_ssm_margin=0.3270 episode_safety/ep_min_ssm_margin_actual=0.5636 episode_safety/ep_min_separation=0.7306 episode_safety/ep_mean_separation=1.0075 episode_safety/ep_p5_separation=0.7681 episode_safety/ep_p25_separation=0.8927 episode_safety/ep_max_pfl_force_ratio=0.0000 episode_safety/ep_max_contact_force=0.0000 episode_safety/ep_max_robot_vel=2.5025 episode_safety/ep_mean_robot_vel=0.3375 episode_safety/ep_time_to_first_violation=-1.0000 episode_safety/ep_time_in_proximity_0p3m=0.0000 episode_safety/ep_time_in_proximity_0p5m=0.0000 episode_safety/ep_time_in_proximity_1p0m=0.5911
[2026-06-09 20:21:56,306][__main__][INFO] - [safety] step=700 safety/ssm_violation=0.0000 safety/ssm_violation_actual=0.0000 safety/proximity_violation=0.0000 safety/pfl_violation=0.0000 safety/ssm_margin=0.5931 safety/ssm_margin_actual=0.7991 safety/min_separation=0.9414 safety/pfl_force_ratio=0.0000 safety/robot_vel=0.0775 safety/human_vel=0.2269 episode_safety/ep_steps=319.0000 episode_safety/ep_ssm_violation_rate=0.0000 episode_safety/ep_ssm_violation_actual_rate=0.0000 episode_safety/ep_proximity_violation_rate=0.0000 episode_safety/ep_pfl_violation_rate=0.0000 episode_safety/ep_min_ssm_margin=0.3270 episode_safety/ep_min_ssm_margin_actual=0.5636 episode_safety/ep_min_separation=0.7306 episode_safety/ep_mean_separation=1.0078 episode_safety/ep_p5_separation=0.7770 episode_safety/ep_p25_separation=0.9099 episode_safety/ep_max_pfl_force_ratio=0.0000 episode_safety/ep_max_contact_force=0.0000 episode_safety/ep_max_robot_vel=2.5025 episode_safety/ep_mean_robot_vel=0.2989 episode_safety/ep_time_to_first_violation=-1.0000 episode_safety/ep_time_in_proximity_0p3m=0.0000 episode_safety/ep_time_in_proximity_0p5m=0.0000 episode_safety/ep_time_in_proximity_1p0m=0.5549
[2026-06-09 20:22:11,714][__main__][INFO] - [episode] step=732 safety/ssm_violation=0.0000 safety/ssm_violation_actual=0.0000 safety/proximity_violation=0.0000 safety/pfl_violation=0.0000 safety/ssm_margin=0.9960 safety/ssm_margin_actual=1.2344 safety/min_separation=1.3445 safety/pfl_force_ratio=0.0000 safety/robot_vel=0.0788 safety/human_vel=0.0107 episode_safety/ep_steps=350.0000 episode_safety/ep_ssm_violation_rate=0.0000 episode_safety/ep_ssm_violation_actual_rate=0.0000 episode_safety/ep_proximity_violation_rate=0.0000 episode_safety/ep_pfl_violation_rate=0.0000 episode_safety/ep_min_ssm_margin=0.3270 episode_safety/ep_min_ssm_margin_actual=0.5636 episode_safety/ep_min_separation=0.7306 episode_safety/ep_mean_separation=1.0072 episode_safety/ep_p5_separation=0.7882 episode_safety/ep_p25_separation=0.9077 episode_safety/ep_max_pfl_force_ratio=0.0000 episode_safety/ep_max_contact_force=0.0000 episode_safety/ep_max_robot_vel=2.5025 episode_safety/ep_mean_robot_vel=0.2805 episode_safety/ep_time_to_first_violation=-1.0000 episode_safety/ep_time_in_proximity_0p3m=0.0000 episode_safety/ep_time_in_proximity_0p5m=0.0000 episode_safety/ep_time_in_proximity_1p0m=0.5657 episode_cost_integral=0.0000 episode_lambda=0.0000
[2026-06-09 20:22:11,715][__main__][INFO] - [train] step=732 episode_reward=0.0000 episode_length=350 episode=3 buffer_size=12280
[2026-06-09 20:22:21,076][__main__][INFO] - [safety] step=750 safety/ssm_violation=0.0000 safety/ssm_violation_actual=0.0000 safety/proximity_violation=0.0000 safety/pfl_violation=0.0000 safety/ssm_margin=1.2030 safety/ssm_margin_actual=1.4250 safety/min_separation=1.6878 safety/pfl_force_ratio=0.0000 safety/robot_vel=0.8030 safety/human_vel=0.1195 episode_safety/ep_steps=19.0000 episode_safety/ep_ssm_violation_rate=0.0000 episode_safety/ep_ssm_violation_actual_rate=0.0000 episode_safety/ep_proximity_violation_rate=0.0000 episode_safety/ep_pfl_violation_rate=0.0000 episode_safety/ep_min_ssm_margin=1.2030 episode_safety/ep_min_ssm_margin_actual=1.4250 episode_safety/ep_min_separation=1.6878 episode_safety/ep_mean_separation=2.2140 episode_safety/ep_p5_separation=1.7334 episode_safety/ep_p25_separation=1.9204 episode_safety/ep_max_pfl_force_ratio=0.0000 episode_safety/ep_max_contact_force=0.0000 episode_safety/ep_max_robot_vel=2.4937 episode_safety/ep_mean_robot_vel=0.7485 episode_safety/ep_time_to_first_violation=-1.0000 episode_safety/ep_time_in_proximity_0p3m=0.0000 episode_safety/ep_time_in_proximity_0p5m=0.0000 episode_safety/ep_time_in_proximity_1p0m=0.0000
[2026-06-09 20:22:45,331][__main__][INFO] - [safety] step=800 safety/ssm_violation=0.0000 safety/ssm_violation_actual=0.0000 safety/proximity_violation=0.0000 safety/pfl_violation=0.0000 safety/ssm_margin=0.5465 safety/ssm_margin_actual=0.7813 safety/min_separation=1.0504 safety/pfl_force_ratio=0.0000 safety/robot_vel=0.8743 safety/human_vel=0.0345 episode_safety/ep_steps=69.0000 episode_safety/ep_ssm_violation_rate=0.0000 episode_safety/ep_ssm_violation_actual_rate=0.0000 episode_safety/ep_proximity_violation_rate=0.0000 episode_safety/ep_pfl_violation_rate=0.0000 episode_safety/ep_min_ssm_margin=0.3374 episode_safety/ep_min_ssm_margin_actual=0.5571 episode_safety/ep_min_separation=0.7616 episode_safety/ep_mean_separation=1.3690 episode_safety/ep_p5_separation=0.7652 episode_safety/ep_p25_separation=0.8953 episode_safety/ep_max_pfl_force_ratio=0.0000 episode_safety/ep_max_contact_force=0.0000 episode_safety/ep_max_robot_vel=2.4937 episode_safety/ep_mean_robot_vel=0.5768 episode_safety/ep_time_to_first_violation=-1.0000 episode_safety/ep_time_in_proximity_0p3m=0.0000 episode_safety/ep_time_in_proximity_0p5m=0.0000 episode_safety/ep_time_in_proximity_1p0m=0.3478
[2026-06-09 20:23:09,603][__main__][INFO] - [safety] step=850 safety/ssm_violation=0.0000 safety/ssm_violation_actual=0.0000 safety/proximity_violation=0.0000 safety/pfl_violation=0.0000 safety/ssm_margin=0.5216 safety/ssm_margin_actual=0.7616 safety/min_separation=0.9348 safety/pfl_force_ratio=0.0000 safety/robot_vel=0.4909 safety/human_vel=0.0001 episode_safety/ep_steps=119.0000 episode_safety/ep_ssm_violation_rate=0.0000 episode_safety/ep_ssm_violation_actual_rate=0.0000 episode_safety/ep_proximity_violation_rate=0.0000 episode_safety/ep_pfl_violation_rate=0.0000 episode_safety/ep_min_ssm_margin=0.3374 episode_safety/ep_min_ssm_margin_actual=0.5571 episode_safety/ep_min_separation=0.7497 episode_safety/ep_mean_separation=1.1956 episode_safety/ep_p5_separation=0.7647 episode_safety/ep_p25_separation=0.8591 episode_safety/ep_max_pfl_force_ratio=0.0000 episode_safety/ep_max_contact_force=0.0000 episode_safety/ep_max_robot_vel=2.4937 episode_safety/ep_mean_robot_vel=0.5579 episode_safety/ep_time_to_first_violation=-1.0000 episode_safety/ep_time_in_proximity_0p3m=0.0000 episode_safety/ep_time_in_proximity_0p5m=0.0000 episode_safety/ep_time_in_proximity_1p0m=0.4874
[2026-06-09 20:23:25,985][__main__][INFO] - [episode] step=884 safety/ssm_violation=0.0000 safety/ssm_violation_actual=0.0000 safety/proximity_violation=0.0000 safety/pfl_violation=0.0000 safety/ssm_margin=0.8598 safety/ssm_margin_actual=1.0998 safety/min_separation=1.2399 safety/pfl_force_ratio=0.0000 safety/robot_vel=0.3067 safety/human_vel=0.0000 episode_safety/ep_steps=152.0000 episode_safety/ep_ssm_violation_rate=0.0000 episode_safety/ep_ssm_violation_actual_rate=0.0000 episode_safety/ep_proximity_violation_rate=0.0000 episode_safety/ep_pfl_violation_rate=0.0000 episode_safety/ep_min_ssm_margin=0.3374 episode_safety/ep_min_ssm_margin_actual=0.5571 episode_safety/ep_min_separation=0.7497 episode_safety/ep_mean_separation=1.1599 episode_safety/ep_p5_separation=0.7677 episode_safety/ep_p25_separation=0.9002 episode_safety/ep_max_pfl_force_ratio=0.0000 episode_safety/ep_max_contact_force=0.0000 episode_safety/ep_max_robot_vel=2.4937 episode_safety/ep_mean_robot_vel=0.5009 episode_safety/ep_time_to_first_violation=-1.0000 episode_safety/ep_time_in_proximity_0p3m=0.0000 episode_safety/ep_time_in_proximity_0p5m=0.0000 episode_safety/ep_time_in_proximity_1p0m=0.4737 episode_cost_integral=0.0000 episode_lambda=0.0000
[2026-06-09 20:23:25,986][__main__][INFO] - [train] step=884 episode_reward=1.0000 episode_length=152 episode=4 buffer_size=12432
[2026-06-09 20:23:35,874][__main__][INFO] - [safety] step=900 safety/ssm_violation=0.0000 safety/ssm_violation_actual=0.0000 safety/proximity_violation=0.0000 safety/pfl_violation=0.0000 safety/ssm_margin=2.0183 safety/ssm_margin_actual=2.2391 safety/min_separation=2.4277 safety/pfl_force_ratio=0.0000 safety/robot_vel=0.4713 safety/human_vel=0.1286 episode_safety/ep_steps=17.0000 episode_safety/ep_ssm_violation_rate=0.0000 episode_safety/ep_ssm_violation_actual_rate=0.0000 episode_safety/ep_proximity_violation_rate=0.0000 episode_safety/ep_pfl_violation_rate=0.0000 episode_safety/ep_min_ssm_margin=1.8732 episode_safety/ep_min_ssm_margin_actual=2.0589 episode_safety/ep_min_separation=2.4277 episode_safety/ep_mean_separation=2.7679 episode_safety/ep_p5_separation=2.4800 episode_safety/ep_p25_separation=2.6473 episode_safety/ep_max_pfl_force_ratio=0.0000 episode_safety/ep_max_contact_force=0.0000 episode_safety/ep_max_robot_vel=2.4966 episode_safety/ep_mean_robot_vel=0.7383 episode_safety/ep_time_to_first_violation=-1.0000 episode_safety/ep_time_in_proximity_0p3m=0.0000 episode_safety/ep_time_in_proximity_0p5m=0.0000 episode_safety/ep_time_in_proximity_1p0m=0.0000
[2026-06-09 20:24:00,172][__main__][INFO] - [safety] step=950 safety/ssm_violation=0.0000 safety/ssm_violation_actual=0.0000 safety/proximity_violation=0.0000 safety/pfl_violation=0.0000 safety/ssm_margin=0.4287 safety/ssm_margin_actual=0.6581 safety/min_separation=0.8953 safety/pfl_force_ratio=0.0000 safety/robot_vel=0.7310 safety/human_vel=0.0711 episode_safety/ep_steps=67.0000 episode_safety/ep_ssm_violation_rate=0.0000 episode_safety/ep_ssm_violation_actual_rate=0.0000 episode_safety/ep_proximity_violation_rate=0.0000 episode_safety/ep_pfl_violation_rate=0.0000 episode_safety/ep_min_ssm_margin=0.4287 episode_safety/ep_min_ssm_margin_actual=0.6581 episode_safety/ep_min_separation=0.8838 episode_safety/ep_mean_separation=1.6131 episode_safety/ep_p5_separation=0.8953 episode_safety/ep_p25_separation=0.9562 episode_safety/ep_max_pfl_force_ratio=0.0000 episode_safety/ep_max_contact_force=0.0000 episode_safety/ep_max_robot_vel=2.4966 episode_safety/ep_mean_robot_vel=0.5826 episode_safety/ep_time_to_first_violation=-1.0000 episode_safety/ep_time_in_proximity_0p3m=0.0000 episode_safety/ep_time_in_proximity_0p5m=0.0000 episode_safety/ep_time_in_proximity_1p0m=0.4478
[2026-06-09 20:24:24,476][__main__][INFO] - [safety] step=1000 safety/ssm_violation=0.0000 safety/ssm_violation_actual=0.0000 safety/proximity_violation=0.0000 safety/pfl_violation=0.0000 safety/ssm_margin=0.6873 safety/ssm_margin_actual=0.9272 safety/min_separation=1.1558 safety/pfl_force_ratio=0.0000 safety/robot_vel=0.7389 safety/human_vel=0.0002 episode_safety/ep_steps=117.0000 episode_safety/ep_ssm_violation_rate=0.0000 episode_safety/ep_ssm_violation_actual_rate=0.0000 episode_safety/ep_proximity_violation_rate=0.0000 episode_safety/ep_pfl_violation_rate=0.0000 episode_safety/ep_min_ssm_margin=0.2164 episode_safety/ep_min_ssm_margin_actual=0.4563 episode_safety/ep_min_separation=0.7973 episode_safety/ep_mean_separation=1.3386 episode_safety/ep_p5_separation=0.8161 episode_safety/ep_p25_separation=0.8971 episode_safety/ep_max_pfl_force_ratio=0.0000 episode_safety/ep_max_contact_force=0.0000 episode_safety/ep_max_robot_vel=2.4966 episode_safety/ep_mean_robot_vel=0.5744 episode_safety/ep_time_to_first_violation=-1.0000 episode_safety/ep_time_in_proximity_0p3m=0.0000 episode_safety/ep_time_in_proximity_0p5m=0.0000 episode_safety/ep_time_in_proximity_1p0m=0.4872
[2026-06-09 20:24:42,435][__main__][INFO] - [episode] step=1037 safety/ssm_violation=0.0000 safety/ssm_violation_actual=0.0000 safety/proximity_violation=0.0000 safety/pfl_violation=0.0000 safety/ssm_margin=0.6166 safety/ssm_margin_actual=0.8566 safety/min_separation=0.9940 safety/pfl_force_ratio=0.0000 safety/robot_vel=0.2899 safety/human_vel=0.0000 episode_safety/ep_steps=153.0000 episode_safety/ep_ssm_violation_rate=0.0000 episode_safety/ep_ssm_violation_actual_rate=0.0000 episode_safety/ep_proximity_violation_rate=0.0000 episode_safety/ep_pfl_violation_rate=0.0000 episode_safety/ep_min_ssm_margin=0.2164 episode_safety/ep_min_ssm_margin_actual=0.4563 episode_safety/ep_min_separation=0.7973 episode_safety/ep_mean_separation=1.2613 episode_safety/ep_p5_separation=0.8227 episode_safety/ep_p25_separation=0.9416 episode_safety/ep_max_pfl_force_ratio=0.0000 episode_safety/ep_max_contact_force=0.0000 episode_safety/ep_max_robot_vel=2.4966 episode_safety/ep_mean_robot_vel=0.5255 episode_safety/ep_time_to_first_violation=-1.0000 episode_safety/ep_time_in_proximity_0p3m=0.0000 episode_safety/ep_time_in_proximity_0p5m=0.0000 episode_safety/ep_time_in_proximity_1p0m=0.5098 episode_cost_integral=0.2788 episode_lambda=0.0000
[2026-06-09 20:24:42,435][__main__][INFO] - [train] step=1037 episode_reward=1.0000 episode_length=153 episode=5 buffer_size=12585
[2026-06-09 20:24:49,285][__main__][INFO] - [safety] step=1050 safety/ssm_violation=0.0000 safety/ssm_violation_actual=0.0000 safety/proximity_violation=0.0000 safety/pfl_violation=0.0000 safety/ssm_margin=1.8625 safety/ssm_margin_actual=2.0804 safety/min_separation=2.2983 safety/pfl_force_ratio=0.0000 safety/robot_vel=0.5991 safety/human_vel=0.1471 episode_safety/ep_steps=14.0000 episode_safety/ep_ssm_violation_rate=0.0000 episode_safety/ep_ssm_violation_actual_rate=0.0000 episode_safety/ep_proximity_violation_rate=0.0000 episode_safety/ep_pfl_violation_rate=0.0000 episode_safety/ep_min_ssm_margin=1.6169 episode_safety/ep_min_ssm_margin_actual=1.8026 episode_safety/ep_min_separation=2.2983 episode_safety/ep_mean_separation=2.5623 episode_safety/ep_p5_separation=2.3277 episode_safety/ep_p25_separation=2.4477 episode_safety/ep_max_pfl_force_ratio=0.0000 episode_safety/ep_max_contact_force=0.0000 episode_safety/ep_max_robot_vel=2.3709 episode_safety/ep_mean_robot_vel=0.7669 episode_safety/ep_time_to_first_violation=-1.0000 episode_safety/ep_time_in_proximity_0p3m=0.0000 episode_safety/ep_time_in_proximity_0p5m=0.0000 episode_safety/ep_time_in_proximity_1p0m=0.0000
[2026-06-09 20:25:13,564][__main__][INFO] - [safety] step=1100 safety/ssm_violation=0.0000 safety/ssm_violation_actual=0.0000 safety/proximity_violation=0.0000 safety/pfl_violation=0.0000 safety/ssm_margin=0.3818 safety/ssm_margin_actual=0.6080 safety/min_separation=0.9867 safety/pfl_force_ratio=0.0000 safety/robot_vel=1.2027 safety/human_vel=0.0920 episode_safety/ep_steps=64.0000 episode_safety/ep_ssm_violation_rate=0.0000 episode_safety/ep_ssm_violation_actual_rate=0.0000 episode_safety/ep_proximity_violation_rate=0.0000 episode_safety/ep_pfl_violation_rate=0.0000 episode_safety/ep_min_ssm_margin=0.3818 episode_safety/ep_min_ssm_margin_actual=0.6080 episode_safety/ep_min_separation=0.8678 episode_safety/ep_mean_separation=1.6244 episode_safety/ep_p5_separation=0.8740 episode_safety/ep_p25_separation=1.0000 episode_safety/ep_max_pfl_force_ratio=0.0000 episode_safety/ep_max_contact_force=0.0000 episode_safety/ep_max_robot_vel=2.3709 episode_safety/ep_mean_robot_vel=0.5588 episode_safety/ep_time_to_first_violation=-1.0000 episode_safety/ep_time_in_proximity_0p3m=0.0000 episode_safety/ep_time_in_proximity_0p5m=0.0000 episode_safety/ep_time_in_proximity_1p0m=0.2500
[2026-06-09 20:25:37,995][__main__][INFO] - [safety] step=1150 safety/ssm_violation=0.0000 safety/ssm_violation_actual=0.0000 safety/proximity_violation=0.0000 safety/pfl_violation=0.0000 safety/ssm_margin=0.5275 safety/ssm_margin_actual=0.7674 safety/min_separation=0.9465 safety/pfl_force_ratio=0.0000 safety/robot_vel=0.5199 safety/human_vel=0.0003 episode_safety/ep_steps=114.0000 episode_safety/ep_ssm_violation_rate=0.0000 episode_safety/ep_ssm_violation_actual_rate=0.0000 episode_safety/ep_proximity_violation_rate=0.0000 episode_safety/ep_pfl_violation_rate=0.0000 episode_safety/ep_min_ssm_margin=0.3584 episode_safety/ep_min_ssm_margin_actual=0.5982 episode_safety/ep_min_separation=0.7910 episode_safety/ep_mean_separation=1.3664 episode_safety/ep_p5_separation=0.8205 episode_safety/ep_p25_separation=0.9454 episode_safety/ep_max_pfl_force_ratio=0.0000 episode_safety/ep_max_contact_force=0.0000 episode_safety/ep_max_robot_vel=2.3709 episode_safety/ep_mean_robot_vel=0.5454 episode_safety/ep_time_to_first_violation=-1.0000 episode_safety/ep_time_in_proximity_0p3m=0.0000 episode_safety/ep_time_in_proximity_0p5m=0.0000 episode_safety/ep_time_in_proximity_1p0m=0.3509
[2026-06-09 20:26:02,358][__main__][INFO] - [safety] step=1200 safety/ssm_violation=0.0000 safety/ssm_violation_actual=0.0000 safety/proximity_violation=0.0000 safety/pfl_violation=0.0000 safety/ssm_margin=0.6873 safety/ssm_margin_actual=0.9273 safety/min_separation=1.0388 safety/pfl_force_ratio=0.0000 safety/robot_vel=0.1044 safety/human_vel=0.0000 episode_safety/ep_steps=164.0000 episode_safety/ep_ssm_violation_rate=0.0000 episode_safety/ep_ssm_violation_actual_rate=0.0000 episode_safety/ep_proximity_violation_rate=0.0000 episode_safety/ep_pfl_violation_rate=0.0000 episode_safety/ep_min_ssm_margin=0.3584 episode_safety/ep_min_ssm_margin_actual=0.5982 episode_safety/ep_min_separation=0.7910 episode_safety/ep_mean_separation=1.2505 episode_safety/ep_p5_separation=0.8486 episode_safety/ep_p25_separation=0.9464 episode_safety/ep_max_pfl_force_ratio=0.0000 episode_safety/ep_max_contact_force=0.0000 episode_safety/ep_max_robot_vel=2.3709 episode_safety/ep_mean_robot_vel=0.4676 episode_safety/ep_time_to_first_violation=-1.0000 episode_safety/ep_time_in_proximity_0p3m=0.0000 episode_safety/ep_time_in_proximity_0p5m=0.0000 episode_safety/ep_time_in_proximity_1p0m=0.4390
[2026-06-09 20:26:20,010][__main__][INFO] - [episode] step=1236 safety/ssm_violation=0.0000 safety/ssm_violation_actual=0.0000 safety/proximity_violation=0.0000 safety/pfl_violation=0.0000 safety/ssm_margin=0.9299 safety/ssm_margin_actual=1.1699 safety/min_separation=1.2888 safety/pfl_force_ratio=0.0000 safety/robot_vel=0.1629 safety/human_vel=0.0000 episode_safety/ep_steps=199.0000 episode_safety/ep_ssm_violation_rate=0.0000 episode_safety/ep_ssm_violation_actual_rate=0.0000 episode_safety/ep_proximity_violation_rate=0.0000 episode_safety/ep_pfl_violation_rate=0.0000 episode_safety/ep_min_ssm_margin=0.3584 episode_safety/ep_min_ssm_margin_actual=0.5982 episode_safety/ep_min_separation=0.7910 episode_safety/ep_mean_separation=1.2323 episode_safety/ep_p5_separation=0.8665 episode_safety/ep_p25_separation=0.9518 episode_safety/ep_max_pfl_force_ratio=0.0000 episode_safety/ep_max_contact_force=0.0000 episode_safety/ep_max_robot_vel=2.3709 episode_safety/ep_mean_robot_vel=0.4226 episode_safety/ep_time_to_first_violation=-1.0000 episode_safety/ep_time_in_proximity_0p3m=0.0000 episode_safety/ep_time_in_proximity_0p5m=0.0000 episode_safety/ep_time_in_proximity_1p0m=0.3618 episode_cost_integral=0.0000 episode_lambda=0.0000
[2026-06-09 20:26:20,010][__main__][INFO] - [train] step=1236 episode_reward=1.0000 episode_length=199 episode=6 buffer_size=12784
[2026-06-09 20:26:27,446][__main__][INFO] - [safety] step=1250 safety/ssm_violation=0.0000 safety/ssm_violation_actual=0.0000 safety/proximity_violation=0.0000 safety/pfl_violation=0.0000 safety/ssm_margin=1.7364 safety/ssm_margin_actual=1.9554 safety/min_separation=2.1928 safety/pfl_force_ratio=0.0000 safety/robot_vel=0.6893 safety/human_vel=0.1402 episode_safety/ep_steps=15.0000 episode_safety/ep_ssm_violation_rate=0.0000 episode_safety/ep_ssm_violation_actual_rate=0.0000 episode_safety/ep_proximity_violation_rate=0.0000 episode_safety/ep_pfl_violation_rate=0.0000 episode_safety/ep_min_ssm_margin=1.7364 episode_safety/ep_min_ssm_margin_actual=1.9554 episode_safety/ep_min_separation=2.1928 episode_safety/ep_mean_separation=2.6082 episode_safety/ep_p5_separation=2.2352 episode_safety/ep_p25_separation=2.4055 episode_safety/ep_max_pfl_force_ratio=0.0000 episode_safety/ep_max_contact_force=0.0000 episode_safety/ep_max_robot_vel=2.4534 episode_safety/ep_mean_robot_vel=0.7688 episode_safety/ep_time_to_first_violation=-1.0000 episode_safety/ep_time_in_proximity_0p3m=0.0000 episode_safety/ep_time_in_proximity_0p5m=0.0000 episode_safety/ep_time_in_proximity_1p0m=0.0000
[2026-06-09 20:26:51,892][__main__][INFO] - [safety] step=1300 safety/ssm_violation=0.0000 safety/ssm_violation_actual=0.0000 safety/proximity_violation=0.0000 safety/pfl_violation=0.0000 safety/ssm_margin=0.3461 safety/ssm_margin_actual=0.5753 safety/min_separation=0.7837 safety/pfl_force_ratio=0.0000 safety/robot_vel=0.6069 safety/human_vel=0.0719 episode_safety/ep_steps=65.0000 episode_safety/ep_ssm_violation_rate=0.0000 episode_safety/ep_ssm_violation_actual_rate=0.0000 episode_safety/ep_proximity_violation_rate=0.0000 episode_safety/ep_pfl_violation_rate=0.0000 episode_safety/ep_min_ssm_margin=0.2196 episode_safety/ep_min_ssm_margin_actual=0.4311 episode_safety/ep_min_separation=0.6130 episode_safety/ep_mean_separation=1.4975 episode_safety/ep_p5_separation=0.6252 episode_safety/ep_p25_separation=0.7837 episode_safety/ep_max_pfl_force_ratio=0.0000 episode_safety/ep_max_contact_force=0.0000 episode_safety/ep_max_robot_vel=2.4534 episode_safety/ep_mean_robot_vel=0.5547 episode_safety/ep_time_to_first_violation=-1.0000 episode_safety/ep_time_in_proximity_0p3m=0.0000 episode_safety/ep_time_in_proximity_0p5m=0.0000 episode_safety/ep_time_in_proximity_1p0m=0.3538
[2026-06-09 20:27:16,365][__main__][INFO] - [safety] step=1350 safety/ssm_violation=0.0000 safety/ssm_violation_actual=0.0000 safety/proximity_violation=0.0000 safety/pfl_violation=0.0000 safety/ssm_margin=0.3290 safety/ssm_margin_actual=0.5690 safety/min_separation=0.7408 safety/pfl_force_ratio=0.0000 safety/robot_vel=0.4836 safety/human_vel=0.0002 episode_safety/ep_steps=115.0000 episode_safety/ep_ssm_violation_rate=0.0000 episode_safety/ep_ssm_violation_actual_rate=0.0000 episode_safety/ep_proximity_violation_rate=0.0000 episode_safety/ep_pfl_violation_rate=0.0000 episode_safety/ep_min_ssm_margin=0.1690 episode_safety/ep_min_ssm_margin_actual=0.4089 episode_safety/ep_min_separation=0.5831 episode_safety/ep_mean_separation=1.2084 episode_safety/ep_p5_separation=0.6079 episode_safety/ep_p25_separation=0.7160 episode_safety/ep_max_pfl_force_ratio=0.0000 episode_safety/ep_max_contact_force=0.0000 episode_safety/ep_max_robot_vel=2.4534 episode_safety/ep_mean_robot_vel=0.5457 episode_safety/ep_time_to_first_violation=-1.0000 episode_safety/ep_time_in_proximity_0p3m=0.0000 episode_safety/ep_time_in_proximity_0p5m=0.0000 episode_safety/ep_time_in_proximity_1p0m=0.5130
[2026-06-09 20:27:35,890][__main__][INFO] - [episode] step=1390 safety/ssm_violation=0.0000 safety/ssm_violation_actual=0.0000 safety/proximity_violation=0.0000 safety/pfl_violation=0.0000 safety/ssm_margin=0.6919 safety/ssm_margin_actual=0.9319 safety/min_separation=1.0759 safety/pfl_force_ratio=0.0000 safety/robot_vel=0.3309 safety/human_vel=0.0000 episode_safety/ep_steps=154.0000 episode_safety/ep_ssm_violation_rate=0.0000 episode_safety/ep_ssm_violation_actual_rate=0.0000 episode_safety/ep_proximity_violation_rate=0.0000 episode_safety/ep_pfl_violation_rate=0.0000 episode_safety/ep_min_ssm_margin=0.1690 episode_safety/ep_min_ssm_margin_actual=0.4089 episode_safety/ep_min_separation=0.5831 episode_safety/ep_mean_separation=1.1226 episode_safety/ep_p5_separation=0.6148 episode_safety/ep_p25_separation=0.7412 episode_safety/ep_max_pfl_force_ratio=0.0000 episode_safety/ep_max_contact_force=0.0000 episode_safety/ep_max_robot_vel=2.4534 episode_safety/ep_mean_robot_vel=0.4969 episode_safety/ep_time_to_first_violation=-1.0000 episode_safety/ep_time_in_proximity_0p3m=0.0000 episode_safety/ep_time_in_proximity_0p5m=0.0000 episode_safety/ep_time_in_proximity_1p0m=0.5909 episode_cost_integral=7.0485 episode_lambda=0.0000
[2026-06-09 20:27:35,890][__main__][INFO] - [train] step=1390 episode_reward=1.0000 episode_length=154 episode=7 buffer_size=12938
[2026-06-09 20:27:41,303][__main__][INFO] - [safety] step=1400 safety/ssm_violation=0.0000 safety/ssm_violation_actual=0.0000 safety/proximity_violation=0.0000 safety/pfl_violation=0.0000 safety/ssm_margin=1.7387 safety/ssm_margin_actual=1.9526 safety/min_separation=2.1617 safety/pfl_force_ratio=0.0000 safety/robot_vel=0.5393 safety/human_vel=0.1738 episode_safety/ep_steps=11.0000 episode_safety/ep_ssm_violation_rate=0.0000 episode_safety/ep_ssm_violation_actual_rate=0.0000 episode_safety/ep_proximity_violation_rate=0.0000 episode_safety/ep_pfl_violation_rate=0.0000 episode_safety/ep_min_ssm_margin=1.3431 episode_safety/ep_min_ssm_margin_actual=1.5288 episode_safety/ep_min_separation=2.1617 episode_safety/ep_mean_separation=2.3383 episode_safety/ep_p5_separation=2.1841 episode_safety/ep_p25_separation=2.2618 episode_safety/ep_max_pfl_force_ratio=0.0000 episode_safety/ep_max_contact_force=0.0000 episode_safety/ep_max_robot_vel=2.5135 episode_safety/ep_mean_robot_vel=0.8493 episode_safety/ep_time_to_first_violation=-1.0000 episode_safety/ep_time_in_proximity_0p3m=0.0000 episode_safety/ep_time_in_proximity_0p5m=0.0000 episode_safety/ep_time_in_proximity_1p0m=0.0000
[2026-06-09 20:28:05,805][__main__][INFO] - [safety] step=1450 safety/ssm_violation=0.0000 safety/ssm_violation_actual=0.0000 safety/proximity_violation=0.0000 safety/pfl_violation=0.0000 safety/ssm_margin=0.4171 safety/ssm_margin_actual=0.6443 safety/min_separation=0.8096 safety/pfl_force_ratio=0.0000 safety/robot_vel=0.3803 safety/human_vel=0.0854 episode_safety/ep_steps=61.0000 episode_safety/ep_ssm_violation_rate=0.0000 episode_safety/ep_ssm_violation_actual_rate=0.0000 episode_safety/ep_proximity_violation_rate=0.0000 episode_safety/ep_pfl_violation_rate=0.0000 episode_safety/ep_min_ssm_margin=0.1798 episode_safety/ep_min_ssm_margin_actual=0.4063 episode_safety/ep_min_separation=0.6137 episode_safety/ep_mean_separation=1.2596 episode_safety/ep_p5_separation=0.6211 episode_safety/ep_p25_separation=0.7372 episode_safety/ep_max_pfl_force_ratio=0.0000 episode_safety/ep_max_contact_force=0.0000 episode_safety/ep_max_robot_vel=2.5135 episode_safety/ep_mean_robot_vel=0.5800 episode_safety/ep_time_to_first_violation=-1.0000 episode_safety/ep_time_in_proximity_0p3m=0.0000 episode_safety/ep_time_in_proximity_0p5m=0.0000 episode_safety/ep_time_in_proximity_1p0m=0.5574
[2026-06-09 20:28:30,387][__main__][INFO] - [safety] step=1500 safety/ssm_violation=0.0000 safety/ssm_violation_actual=0.0000 safety/proximity_violation=0.0000 safety/pfl_violation=0.0000 safety/ssm_margin=0.6001 safety/ssm_margin_actual=0.8401 safety/min_separation=0.9842 safety/pfl_force_ratio=0.0000 safety/robot_vel=0.3312 safety/human_vel=0.0002 episode_safety/ep_steps=111.0000 episode_safety/ep_ssm_violation_rate=0.0000 episode_safety/ep_ssm_violation_actual_rate=0.0000 episode_safety/ep_proximity_violation_rate=0.0000 episode_safety/ep_pfl_violation_rate=0.0000 episode_safety/ep_min_ssm_margin=0.1555 episode_safety/ep_min_ssm_margin_actual=0.3947 episode_safety/ep_min_separation=0.6137 episode_safety/ep_mean_separation=1.0520 episode_safety/ep_p5_separation=0.6339 episode_safety/ep_p25_separation=0.6970 episode_safety/ep_max_pfl_force_ratio=0.0000 episode_safety/ep_max_contact_force=0.0000 episode_safety/ep_max_robot_vel=2.5135 episode_safety/ep_mean_robot_vel=0.5692 episode_safety/ep_time_to_first_violation=-1.0000 episode_safety/ep_time_in_proximity_0p3m=0.0000 episode_safety/ep_time_in_proximity_0p5m=0.0000 episode_safety/ep_time_in_proximity_1p0m=0.7297
[2026-06-09 20:28:54,900][__main__][INFO] - [safety] step=1550 safety/ssm_violation=0.0000 safety/ssm_violation_actual=0.0000 safety/proximity_violation=0.0000 safety/pfl_violation=0.0000 safety/ssm_margin=0.4584 safety/ssm_margin_actual=0.6984 safety/min_separation=0.8285 safety/pfl_force_ratio=0.0000 safety/robot_vel=0.2420 safety/human_vel=0.0000 episode_safety/ep_steps=161.0000 episode_safety/ep_ssm_violation_rate=0.0000 episode_safety/ep_ssm_violation_actual_rate=0.0000 episode_safety/ep_proximity_violation_rate=0.0000 episode_safety/ep_pfl_violation_rate=0.0000 episode_safety/ep_min_ssm_margin=0.1555 episode_safety/ep_min_ssm_margin_actual=0.3947 episode_safety/ep_min_separation=0.6137 episode_safety/ep_mean_separation=0.9969 episode_safety/ep_p5_separation=0.6486 episode_safety/ep_p25_separation=0.7517 episode_safety/ep_max_pfl_force_ratio=0.0000 episode_safety/ep_max_contact_force=0.0000 episode_safety/ep_max_robot_vel=2.5135 episode_safety/ep_mean_robot_vel=0.5145 episode_safety/ep_time_to_first_violation=-1.0000 episode_safety/ep_time_in_proximity_0p3m=0.0000 episode_safety/ep_time_in_proximity_0p5m=0.0000 episode_safety/ep_time_in_proximity_1p0m=0.8012
[2026-06-09 20:28:55,812][__main__][INFO] - [episode] step=1552 safety/ssm_violation=0.0000 safety/ssm_violation_actual=0.0000 safety/proximity_violation=0.0000 safety/pfl_violation=0.0000 safety/ssm_margin=0.4663 safety/ssm_margin_actual=0.7063 safety/min_separation=0.8300 safety/pfl_force_ratio=0.0000 safety/robot_vel=0.1980 safety/human_vel=0.0000 episode_safety/ep_steps=162.0000 episode_safety/ep_ssm_violation_rate=0.0000 episode_safety/ep_ssm_violation_actual_rate=0.0000 episode_safety/ep_proximity_violation_rate=0.0000 episode_safety/ep_pfl_violation_rate=0.0000 episode_safety/ep_min_ssm_margin=0.1555 episode_safety/ep_min_ssm_margin_actual=0.3947 episode_safety/ep_min_separation=0.6137 episode_safety/ep_mean_separation=0.9958 episode_safety/ep_p5_separation=0.6486 episode_safety/ep_p25_separation=0.7541 episode_safety/ep_max_pfl_force_ratio=0.0000 episode_safety/ep_max_contact_force=0.0000 episode_safety/ep_max_robot_vel=2.5135 episode_safety/ep_mean_robot_vel=0.5126 episode_safety/ep_time_to_first_violation=-1.0000 episode_safety/ep_time_in_proximity_0p3m=0.0000 episode_safety/ep_time_in_proximity_0p5m=0.0000 episode_safety/ep_time_in_proximity_1p0m=0.8025 episode_cost_integral=7.5042 episode_lambda=0.0000
[2026-06-09 20:28:55,813][__main__][INFO] - [train] step=1552 episode_reward=1.0000 episode_length=162 episode=8 buffer_size=13100
[2026-06-09 20:29:19,883][__main__][INFO] - [safety] step=1600 safety/ssm_violation=1.0000 safety/ssm_violation_actual=1.0000 safety/proximity_violation=1.0000 safety/pfl_violation=0.0000 safety/ssm_margin=-0.3898 safety/ssm_margin_actual=-0.1702 safety/min_separation=0.0290 safety/pfl_force_ratio=0.0000 safety/robot_vel=0.5187 safety/human_vel=0.1362 episode_safety/ep_steps=49.0000 episode_safety/ep_ssm_violation_rate=0.5102 episode_safety/ep_ssm_violation_actual_rate=0.4898 episode_safety/ep_proximity_violation_rate=0.4898 episode_safety/ep_pfl_violation_rate=0.0000 episode_safety/ep_min_ssm_margin=-0.4036 episode_safety/ep_min_ssm_margin_actual=-0.1791 episode_safety/ep_min_separation=0.0290 episode_safety/ep_mean_separation=0.6789 episode_safety/ep_p5_separation=0.0426 episode_safety/ep_p25_separation=0.0645 episode_safety/ep_max_pfl_force_ratio=0.0000 episode_safety/ep_max_contact_force=0.0000 episode_safety/ep_max_robot_vel=2.5057 episode_safety/ep_mean_robot_vel=0.6044 episode_safety/ep_time_to_first_violation=24.0000 episode_safety/ep_time_in_proximity_0p3m=0.4898 episode_safety/ep_time_in_proximity_0p5m=0.5306 episode_safety/ep_time_in_proximity_1p0m=0.6531
[2026-06-09 20:29:44,491][__main__][INFO] - [safety] step=1650 safety/ssm_violation=1.0000 safety/ssm_violation_actual=1.0000 safety/proximity_violation=1.0000 safety/pfl_violation=0.0000 safety/ssm_margin=-0.2975 safety/ssm_margin_actual=-0.0576 safety/min_separation=0.0932 safety/pfl_force_ratio=0.0000 safety/robot_vel=0.3697 safety/human_vel=0.0012 episode_safety/ep_steps=99.0000 episode_safety/ep_ssm_violation_rate=0.7576 episode_safety/ep_ssm_violation_actual_rate=0.7475 episode_safety/ep_proximity_violation_rate=0.7475 episode_safety/ep_pfl_violation_rate=0.0000 episode_safety/ep_min_ssm_margin=-0.4587 episode_safety/ep_min_ssm_margin_actual=-0.2202 episode_safety/ep_min_separation=0.0149 episode_safety/ep_mean_separation=0.3639 episode_safety/ep_p5_separation=0.0285 episode_safety/ep_p25_separation=0.0483 episode_safety/ep_max_pfl_force_ratio=0.0000 episode_safety/ep_max_contact_force=0.0000 episode_safety/ep_max_robot_vel=2.5057 episode_safety/ep_mean_robot_vel=0.5745 episode_safety/ep_time_to_first_violation=24.0000 episode_safety/ep_time_in_proximity_0p3m=0.7475 episode_safety/ep_time_in_proximity_0p5m=0.7677 episode_safety/ep_time_in_proximity_1p0m=0.8283
[2026-06-09 20:30:09,104][__main__][INFO] - [safety] step=1700 safety/ssm_violation=1.0000 safety/ssm_violation_actual=1.0000 safety/proximity_violation=1.0000 safety/pfl_violation=0.0000 safety/ssm_margin=-0.3186 safety/ssm_margin_actual=-0.0833 safety/min_separation=0.0896 safety/pfl_force_ratio=0.0000 safety/robot_vel=0.4655 safety/human_vel=0.0313 episode_safety/ep_steps=149.0000 episode_safety/ep_ssm_violation_rate=0.8389 episode_safety/ep_ssm_violation_actual_rate=0.8322 episode_safety/ep_proximity_violation_rate=0.8322 episode_safety/ep_pfl_violation_rate=0.0000 episode_safety/ep_min_ssm_margin=-0.4587 episode_safety/ep_min_ssm_margin_actual=-0.2202 episode_safety/ep_min_separation=0.0102 episode_safety/ep_mean_separation=0.2632 episode_safety/ep_p5_separation=0.0262 episode_safety/ep_p25_separation=0.0463 episode_safety/ep_max_pfl_force_ratio=0.0000 episode_safety/ep_max_contact_force=0.0000 episode_safety/ep_max_robot_vel=2.5057 episode_safety/ep_mean_robot_vel=0.5577 episode_safety/ep_time_to_first_violation=24.0000 episode_safety/ep_time_in_proximity_0p3m=0.8322 episode_safety/ep_time_in_proximity_0p5m=0.8456 episode_safety/ep_time_in_proximity_1p0m=0.8859
[2026-06-09 20:30:36,306][__main__][INFO] - [safety] step=1750 safety/ssm_violation=1.0000 safety/ssm_violation_actual=1.0000 safety/proximity_violation=1.0000 safety/pfl_violation=0.0000 safety/ssm_margin=-0.2932 safety/ssm_margin_actual=-0.0652 safety/min_separation=0.0650 safety/pfl_force_ratio=0.0000 safety/robot_vel=0.1577 safety/human_vel=0.0796 episode_safety/ep_steps=199.0000 episode_safety/ep_ssm_violation_rate=0.8794 episode_safety/ep_ssm_violation_actual_rate=0.8744 episode_safety/ep_proximity_violation_rate=0.8744 episode_safety/ep_pfl_violation_rate=0.0000 episode_safety/ep_min_ssm_margin=-0.4587 episode_safety/ep_min_ssm_margin_actual=-0.2202 episode_safety/ep_min_separation=0.0102 episode_safety/ep_mean_separation=0.2148 episode_safety/ep_p5_separation=0.0279 episode_safety/ep_p25_separation=0.0479 episode_safety/ep_max_pfl_force_ratio=0.0000 episode_safety/ep_max_contact_force=0.0000 episode_safety/ep_max_robot_vel=2.5057 episode_safety/ep_mean_robot_vel=0.4882 episode_safety/ep_time_to_first_violation=24.0000 episode_safety/ep_time_in_proximity_0p3m=0.8744 episode_safety/ep_time_in_proximity_0p5m=0.8844 episode_safety/ep_time_in_proximity_1p0m=0.9146
[2026-06-09 20:30:42,599][__main__][INFO] - [episode] step=1760 safety/ssm_violation=1.0000 safety/ssm_violation_actual=1.0000 safety/proximity_violation=1.0000 safety/pfl_violation=0.0000 safety/ssm_margin=-0.3660 safety/ssm_margin_actual=-0.1597 safety/min_separation=0.0699 safety/pfl_force_ratio=0.0000 safety/robot_vel=0.5994 safety/human_vel=0.2247 episode_safety/ep_steps=208.0000 episode_safety/ep_ssm_violation_rate=0.8846 episode_safety/ep_ssm_violation_actual_rate=0.8798 episode_safety/ep_proximity_violation_rate=0.8798 episode_safety/ep_pfl_violation_rate=0.0000 episode_safety/ep_min_ssm_margin=-0.4587 episode_safety/ep_min_ssm_margin_actual=-0.2202 episode_safety/ep_min_separation=0.0102 episode_safety/ep_mean_separation=0.2082 episode_safety/ep_p5_separation=0.0281 episode_safety/ep_p25_separation=0.0484 episode_safety/ep_max_pfl_force_ratio=0.0000 episode_safety/ep_max_contact_force=0.0000 episode_safety/ep_max_robot_vel=2.5057 episode_safety/ep_mean_robot_vel=0.4802 episode_safety/ep_time_to_first_violation=24.0000 episode_safety/ep_time_in_proximity_0p3m=0.8798 episode_safety/ep_time_in_proximity_0p5m=0.8894 episode_safety/ep_time_in_proximity_1p0m=0.9183 episode_cost_integral=185.9612 episode_lambda=0.0000
[2026-06-09 20:30:42,600][__main__][INFO] - [train] step=1760 episode_reward=1.0000 episode_length=208 episode=9 buffer_size=13308
[2026-06-09 20:31:02,767][__main__][INFO] - [safety] step=1800 safety/ssm_violation=0.0000 safety/ssm_violation_actual=0.0000 safety/proximity_violation=0.0000 safety/pfl_violation=0.0000 safety/ssm_margin=0.1113 safety/ssm_margin_actual=0.3381 safety/min_separation=0.5193 safety/pfl_force_ratio=0.0000 safety/robot_vel=0.4643 safety/human_vel=0.0878 episode_safety/ep_steps=41.0000 episode_safety/ep_ssm_violation_rate=0.0000 episode_safety/ep_ssm_violation_actual_rate=0.0000 episode_safety/ep_proximity_violation_rate=0.0000 episode_safety/ep_pfl_violation_rate=0.0000 episode_safety/ep_min_ssm_margin=0.1113 episode_safety/ep_min_ssm_margin_actual=0.3381 episode_safety/ep_min_separation=0.5193 episode_safety/ep_mean_separation=1.6291 episode_safety/ep_p5_separation=0.5472 episode_safety/ep_p25_separation=0.8823 episode_safety/ep_max_pfl_force_ratio=0.0000 episode_safety/ep_max_contact_force=0.0000 episode_safety/ep_max_robot_vel=2.4097 episode_safety/ep_mean_robot_vel=0.5913 episode_safety/ep_time_to_first_violation=-1.0000 episode_safety/ep_time_in_proximity_0p3m=0.0000 episode_safety/ep_time_in_proximity_0p5m=0.0000 episode_safety/ep_time_in_proximity_1p0m=0.2927
[2026-06-09 20:31:27,332][__main__][INFO] - [safety] step=1850 safety/ssm_violation=0.0000 safety/ssm_violation_actual=0.0000 safety/proximity_violation=0.0000 safety/pfl_violation=0.0000 safety/ssm_margin=0.2576 safety/ssm_margin_actual=0.4967 safety/min_separation=0.6938 safety/pfl_force_ratio=0.0000 safety/robot_vel=0.6010 safety/human_vel=0.0061 episode_safety/ep_steps=91.0000 episode_safety/ep_ssm_violation_rate=0.0549 episode_safety/ep_ssm_violation_actual_rate=0.0000 episode_safety/ep_proximity_violation_rate=0.0000 episode_safety/ep_pfl_violation_rate=0.0000 episode_safety/ep_min_ssm_margin=-0.0336 episode_safety/ep_min_ssm_margin_actual=0.1977 episode_safety/ep_min_separation=0.4116 episode_safety/ep_mean_separation=1.0292 episode_safety/ep_p5_separation=0.4225 episode_safety/ep_p25_separation=0.5219 episode_safety/ep_max_pfl_force_ratio=0.0000 episode_safety/ep_max_contact_force=0.0000 episode_safety/ep_max_robot_vel=2.4097 episode_safety/ep_mean_robot_vel=0.5714 episode_safety/ep_time_to_first_violation=69.0000 episode_safety/ep_time_in_proximity_0p3m=0.0000 episode_safety/ep_time_in_proximity_0p5m=0.1648 episode_safety/ep_time_in_proximity_1p0m=0.6813
[2026-06-09 20:31:51,989][__main__][INFO] - [safety] step=1900 safety/ssm_violation=0.0000 safety/ssm_violation_actual=0.0000 safety/proximity_violation=0.0000 safety/pfl_violation=0.0000 safety/ssm_margin=0.3010 safety/ssm_margin_actual=0.5410 safety/min_separation=0.7073 safety/pfl_force_ratio=0.0000 safety/robot_vel=0.4554 safety/human_vel=0.0000 episode_safety/ep_steps=141.0000 episode_safety/ep_ssm_violation_rate=0.0426 episode_safety/ep_ssm_violation_actual_rate=0.0071 episode_safety/ep_proximity_violation_rate=0.0000 episode_safety/ep_pfl_violation_rate=0.0000 episode_safety/ep_min_ssm_margin=-0.5022 episode_safety/ep_min_ssm_margin_actual=-0.2624 episode_safety/ep_min_separation=0.4116 episode_safety/ep_mean_separation=0.8791 episode_safety/ep_p5_separation=0.4296 episode_safety/ep_p25_separation=0.5172 episode_safety/ep_max_pfl_force_ratio=0.0000 episode_safety/ep_max_contact_force=0.0000 episode_safety/ep_max_robot_vel=2.4097 episode_safety/ep_mean_robot_vel=0.5696 episode_safety/ep_time_to_first_violation=69.0000 episode_safety/ep_time_in_proximity_0p3m=0.0000 episode_safety/ep_time_in_proximity_0p5m=0.1986 episode_safety/ep_time_in_proximity_1p0m=0.7943
[2026-06-09 20:32:16,650][__main__][INFO] - [safety] step=1950 safety/ssm_violation=0.0000 safety/ssm_violation_actual=0.0000 safety/proximity_violation=0.0000 safety/pfl_violation=0.0000 safety/ssm_margin=0.1599 safety/ssm_margin_actual=0.3999 safety/min_separation=0.5511 safety/pfl_force_ratio=0.0000 safety/robot_vel=0.3727 safety/human_vel=0.0000 episode_safety/ep_steps=191.0000 episode_safety/ep_ssm_violation_rate=0.0314 episode_safety/ep_ssm_violation_actual_rate=0.0052 episode_safety/ep_proximity_violation_rate=0.0000 episode_safety/ep_pfl_violation_rate=0.0000 episode_safety/ep_min_ssm_margin=-0.5022 episode_safety/ep_min_ssm_margin_actual=-0.2624 episode_safety/ep_min_separation=0.4116 episode_safety/ep_mean_separation=0.8048 episode_safety/ep_p5_separation=0.4349 episode_safety/ep_p25_separation=0.5490 episode_safety/ep_max_pfl_force_ratio=0.0000 episode_safety/ep_max_contact_force=0.0000 episode_safety/ep_max_robot_vel=2.4097 episode_safety/ep_mean_robot_vel=0.5205 episode_safety/ep_time_to_first_violation=69.0000 episode_safety/ep_time_in_proximity_0p3m=0.0000 episode_safety/ep_time_in_proximity_0p5m=0.1466 episode_safety/ep_time_in_proximity_1p0m=0.8482
[2026-06-09 20:32:17,646][__main__][INFO] - [episode] step=1952 safety/ssm_violation=0.0000 safety/ssm_violation_actual=0.0000 safety/proximity_violation=0.0000 safety/pfl_violation=0.0000 safety/ssm_margin=0.1613 safety/ssm_margin_actual=0.4013 safety/min_separation=0.5498 safety/pfl_force_ratio=0.0000 safety/robot_vel=0.3570 safety/human_vel=0.0000 episode_safety/ep_steps=192.0000 episode_safety/ep_ssm_violation_rate=0.0312 episode_safety/ep_ssm_violation_actual_rate=0.0052 episode_safety/ep_proximity_violation_rate=0.0000 episode_safety/ep_pfl_violation_rate=0.0000 episode_safety/ep_min_ssm_margin=-0.5022 episode_safety/ep_min_ssm_margin_actual=-0.2624 episode_safety/ep_min_separation=0.4116 episode_safety/ep_mean_separation=0.8035 episode_safety/ep_p5_separation=0.4349 episode_safety/ep_p25_separation=0.5491 episode_safety/ep_max_pfl_force_ratio=0.0000 episode_safety/ep_max_contact_force=0.0000 episode_safety/ep_max_robot_vel=2.4097 episode_safety/ep_mean_robot_vel=0.5196 episode_safety/ep_time_to_first_violation=69.0000 episode_safety/ep_time_in_proximity_0p3m=0.0000 episode_safety/ep_time_in_proximity_0p5m=0.1458 episode_safety/ep_time_in_proximity_1p0m=0.8490 episode_cost_integral=72.8101 episode_lambda=0.0000
[2026-06-09 20:32:17,646][__main__][INFO] - [train] step=1952 episode_reward=1.0000 episode_length=192 episode=10 buffer_size=13500
[2026-06-09 20:32:41,596][__main__][INFO] - [safety] step=2000 safety/ssm_violation=0.0000 safety/ssm_violation_actual=0.0000 safety/proximity_violation=0.0000 safety/pfl_violation=0.0000 safety/ssm_margin=0.1606 safety/ssm_margin_actual=0.3875 safety/min_separation=0.6079 safety/pfl_force_ratio=0.0000 safety/robot_vel=0.6501 safety/human_vel=0.0869 episode_safety/ep_steps=49.0000 episode_safety/ep_ssm_violation_rate=0.0000 episode_safety/ep_ssm_violation_actual_rate=0.0000 episode_safety/ep_proximity_violation_rate=0.0000 episode_safety/ep_pfl_violation_rate=0.0000 episode_safety/ep_min_ssm_margin=0.1606 episode_safety/ep_min_ssm_margin_actual=0.3875 episode_safety/ep_min_separation=0.6079 episode_safety/ep_mean_separation=1.6094 episode_safety/ep_p5_separation=0.6716 episode_safety/ep_p25_separation=0.9832 episode_safety/ep_max_pfl_force_ratio=0.0000 episode_safety/ep_max_contact_force=0.0000 episode_safety/ep_max_robot_vel=2.5669 episode_safety/ep_mean_robot_vel=0.6006 episode_safety/ep_time_to_first_violation=-1.0000 episode_safety/ep_time_in_proximity_0p3m=0.0000 episode_safety/ep_time_in_proximity_0p5m=0.0000 episode_safety/ep_time_in_proximity_1p0m=0.2653
[2026-06-09 20:33:06,001][__main__][INFO] - [safety] step=2050 safety/ssm_violation=0.0000 safety/ssm_violation_actual=0.0000 safety/proximity_violation=0.0000 safety/pfl_violation=0.0000 safety/ssm_margin=0.1811 safety/ssm_margin_actual=0.4209 safety/min_separation=0.5827 safety/pfl_force_ratio=0.0000 safety/robot_vel=0.4305 safety/human_vel=0.0016 episode_safety/ep_steps=99.0000 episode_safety/ep_ssm_violation_rate=0.0000 episode_safety/ep_ssm_violation_actual_rate=0.0000 episode_safety/ep_proximity_violation_rate=0.0000 episode_safety/ep_pfl_violation_rate=0.0000 episode_safety/ep_min_ssm_margin=0.1468 episode_safety/ep_min_ssm_margin_actual=0.3664 episode_safety/ep_min_separation=0.5543 episode_safety/ep_mean_separation=1.1478 episode_safety/ep_p5_separation=0.5606 episode_safety/ep_p25_separation=0.6419 episode_safety/ep_max_pfl_force_ratio=0.0000 episode_safety/ep_max_contact_force=0.0000 episode_safety/ep_max_robot_vel=2.5669 episode_safety/ep_mean_robot_vel=0.5691 episode_safety/ep_time_to_first_violation=-1.0000 episode_safety/ep_time_in_proximity_0p3m=0.0000 episode_safety/ep_time_in_proximity_0p5m=0.0000 episode_safety/ep_time_in_proximity_1p0m=0.6364
[2026-06-09 20:33:30,553][__main__][INFO] - [safety] step=2100 safety/ssm_violation=0.0000 safety/ssm_violation_actual=0.0000 safety/proximity_violation=0.0000 safety/pfl_violation=0.0000 safety/ssm_margin=0.5376 safety/ssm_margin_actual=0.7776 safety/min_separation=0.9152 safety/pfl_force_ratio=0.0000 safety/robot_vel=0.2910 safety/human_vel=0.0000 episode_safety/ep_steps=149.0000 episode_safety/ep_ssm_violation_rate=0.0000 episode_safety/ep_ssm_violation_actual_rate=0.0000 episode_safety/ep_proximity_violation_rate=0.0000 episode_safety/ep_pfl_violation_rate=0.0000 episode_safety/ep_min_ssm_margin=0.1468 episode_safety/ep_min_ssm_margin_actual=0.3664 episode_safety/ep_min_separation=0.5543 episode_safety/ep_mean_separation=1.0161 episode_safety/ep_p5_separation=0.5655 episode_safety/ep_p25_separation=0.6738 episode_safety/ep_max_pfl_force_ratio=0.0000 episode_safety/ep_max_contact_force=0.0000 episode_safety/ep_max_robot_vel=2.5669 episode_safety/ep_mean_robot_vel=0.5046 episode_safety/ep_time_to_first_violation=-1.0000 episode_safety/ep_time_in_proximity_0p3m=0.0000 episode_safety/ep_time_in_proximity_0p5m=0.0000 episode_safety/ep_time_in_proximity_1p0m=0.7584
[2026-06-09 20:33:33,437][__main__][INFO] - [episode] step=2106 safety/ssm_violation=0.0000 safety/ssm_violation_actual=0.0000 safety/proximity_violation=0.0000 safety/pfl_violation=0.0000 safety/ssm_margin=0.6264 safety/ssm_margin_actual=0.8664 safety/min_separation=1.0019 safety/pfl_force_ratio=0.0000 safety/robot_vel=0.2775 safety/human_vel=0.0000 episode_safety/ep_steps=154.0000 episode_safety/ep_ssm_violation_rate=0.0000 episode_safety/ep_ssm_violation_actual_rate=0.0000 episode_safety/ep_proximity_violation_rate=0.0000 episode_safety/ep_pfl_violation_rate=0.0000 episode_safety/ep_min_ssm_margin=0.1468 episode_safety/ep_min_ssm_margin_actual=0.3664 episode_safety/ep_min_separation=0.5543 episode_safety/ep_mean_separation=1.0146 episode_safety/ep_p5_separation=0.5660 episode_safety/ep_p25_separation=0.6791 episode_safety/ep_max_pfl_force_ratio=0.0000 episode_safety/ep_max_contact_force=0.0000 episode_safety/ep_max_robot_vel=2.5669 episode_safety/ep_mean_robot_vel=0.4977 episode_safety/ep_time_to_first_violation=-1.0000 episode_safety/ep_time_in_proximity_0p3m=0.0000 episode_safety/ep_time_in_proximity_0p5m=0.0000 episode_safety/ep_time_in_proximity_1p0m=0.7597 episode_cost_integral=14.7248 episode_lambda=0.0000
[2026-06-09 20:33:33,437][__main__][INFO] - [train] step=2106 episode_reward=1.0000 episode_length=154 episode=11 buffer_size=13654
[2026-06-09 20:33:55,617][__main__][INFO] - [safety] step=2150 safety/ssm_violation=1.0000 safety/ssm_violation_actual=0.0000 safety/proximity_violation=1.0000 safety/pfl_violation=0.0000 safety/ssm_margin=-0.1563 safety/ssm_margin_actual=0.0599 safety/min_separation=0.2636 safety/pfl_force_ratio=0.0000 safety/robot_vel=0.5242 safety/human_vel=0.1589 episode_safety/ep_steps=45.0000 episode_safety/ep_ssm_violation_rate=0.2889 episode_safety/ep_ssm_violation_actual_rate=0.0000 episode_safety/ep_proximity_violation_rate=0.0667 episode_safety/ep_pfl_violation_rate=0.0000 episode_safety/ep_min_ssm_margin=-0.1563 episode_safety/ep_min_ssm_margin_actual=0.0599 episode_safety/ep_min_separation=0.2636 episode_safety/ep_mean_separation=0.6581 episode_safety/ep_p5_separation=0.2975 episode_safety/ep_p25_separation=0.3941 episode_safety/ep_max_pfl_force_ratio=0.0000 episode_safety/ep_max_contact_force=0.0000 episode_safety/ep_max_robot_vel=2.3998 episode_safety/ep_mean_robot_vel=0.5704 episode_safety/ep_time_to_first_violation=28.0000 episode_safety/ep_time_in_proximity_0p3m=0.0667 episode_safety/ep_time_in_proximity_0p5m=0.4889 episode_safety/ep_time_in_proximity_1p0m=0.7778
[2026-06-09 20:34:20,232][__main__][INFO] - [safety] step=2200 safety/ssm_violation=1.0000 safety/ssm_violation_actual=1.0000 safety/proximity_violation=1.0000 safety/pfl_violation=0.0000 safety/ssm_margin=-0.2572 safety/ssm_margin_actual=-0.0174 safety/min_separation=0.1500 safety/pfl_force_ratio=0.0000 safety/robot_vel=0.4605 safety/human_vel=0.0016 episode_safety/ep_steps=95.0000 episode_safety/ep_ssm_violation_rate=0.6000 episode_safety/ep_ssm_violation_actual_rate=0.2000 episode_safety/ep_proximity_violation_rate=0.3579 episode_safety/ep_pfl_violation_rate=0.0000 episode_safety/ep_min_ssm_margin=-0.2820 episode_safety/ep_min_ssm_margin_actual=-0.0578 episode_safety/ep_min_separation=0.1402 episode_safety/ep_mean_separation=0.4534 episode_safety/ep_p5_separation=0.1498 episode_safety/ep_p25_separation=0.2316 episode_safety/ep_max_pfl_force_ratio=0.0000 episode_safety/ep_max_contact_force=0.0000 episode_safety/ep_max_robot_vel=2.3998 episode_safety/ep_mean_robot_vel=0.5664 episode_safety/ep_time_to_first_violation=28.0000 episode_safety/ep_time_in_proximity_0p3m=0.3579 episode_safety/ep_time_in_proximity_0p5m=0.7579 episode_safety/ep_time_in_proximity_1p0m=0.8947
[2026-06-09 20:34:44,837][__main__][INFO] - [safety] step=2250 safety/ssm_violation=1.0000 safety/ssm_violation_actual=1.0000 safety/proximity_violation=1.0000 safety/pfl_violation=0.0000 safety/ssm_margin=-0.5253 safety/ssm_margin_actual=-0.2853 safety/min_separation=0.2240 safety/pfl_force_ratio=0.0000 safety/robot_vel=1.5840 safety/human_vel=0.0000 episode_safety/ep_steps=145.0000 episode_safety/ep_ssm_violation_rate=0.7379 episode_safety/ep_ssm_violation_actual_rate=0.2690 episode_safety/ep_proximity_violation_rate=0.5793 episode_safety/ep_pfl_violation_rate=0.0000 episode_safety/ep_min_ssm_margin=-0.5253 episode_safety/ep_min_ssm_margin_actual=-0.2853 episode_safety/ep_min_separation=0.1061 episode_safety/ep_mean_separation=0.3554 episode_safety/ep_p5_separation=0.1402 episode_safety/ep_p25_separation=0.1713 episode_safety/ep_max_pfl_force_ratio=0.0000 episode_safety/ep_max_contact_force=0.0000 episode_safety/ep_max_robot_vel=2.3998 episode_safety/ep_mean_robot_vel=0.5161 episode_safety/ep_time_to_first_violation=28.0000 episode_safety/ep_time_in_proximity_0p3m=0.5793 episode_safety/ep_time_in_proximity_0p5m=0.8414 episode_safety/ep_time_in_proximity_1p0m=0.9310
[2026-06-09 20:34:48,702][__main__][INFO] - [episode] step=2258 safety/ssm_violation=1.0000 safety/ssm_violation_actual=0.0000 safety/proximity_violation=0.0000 safety/pfl_violation=0.0000 safety/ssm_margin=-0.0526 safety/ssm_margin_actual=0.1874 safety/min_separation=0.3319 safety/pfl_force_ratio=0.0000 safety/robot_vel=0.3336 safety/human_vel=0.0000 episode_safety/ep_steps=152.0000 episode_safety/ep_ssm_violation_rate=0.7500 episode_safety/ep_ssm_violation_actual_rate=0.2566 episode_safety/ep_proximity_violation_rate=0.5789 episode_safety/ep_pfl_violation_rate=0.0000 episode_safety/ep_min_ssm_margin=-0.5253 episode_safety/ep_min_ssm_margin_actual=-0.2853 episode_safety/ep_min_separation=0.1061 episode_safety/ep_mean_separation=0.3522 episode_safety/ep_p5_separation=0.1404 episode_safety/ep_p25_separation=0.1731 episode_safety/ep_max_pfl_force_ratio=0.0000 episode_safety/ep_max_contact_force=0.0000 episode_safety/ep_max_robot_vel=2.3998 episode_safety/ep_mean_robot_vel=0.5087 episode_safety/ep_time_to_first_violation=28.0000 episode_safety/ep_time_in_proximity_0p3m=0.5789 episode_safety/ep_time_in_proximity_0p5m=0.8487 episode_safety/ep_time_in_proximity_1p0m=0.9342 episode_cost_integral=131.5505 episode_lambda=0.0000
[2026-06-09 20:34:48,703][__main__][INFO] - [train] step=2258 episode_reward=1.0000 episode_length=152 episode=12 buffer_size=13806
[2026-06-09 20:35:09,926][__main__][INFO] - [safety] step=2300 safety/ssm_violation=0.0000 safety/ssm_violation_actual=0.0000 safety/proximity_violation=0.0000 safety/pfl_violation=0.0000 safety/ssm_margin=1.0671 safety/ssm_margin_actual=1.2941 safety/min_separation=1.4949 safety/pfl_force_ratio=0.0000 safety/robot_vel=0.5621 safety/human_vel=0.0870 episode_safety/ep_steps=43.0000 episode_safety/ep_ssm_violation_rate=0.0000 episode_safety/ep_ssm_violation_actual_rate=0.0000 episode_safety/ep_proximity_violation_rate=0.0000 episode_safety/ep_pfl_violation_rate=0.0000 episode_safety/ep_min_ssm_margin=1.0671 episode_safety/ep_min_ssm_margin_actual=1.2941 episode_safety/ep_min_separation=1.4949 episode_safety/ep_mean_separation=2.4973 episode_safety/ep_p5_separation=1.6058 episode_safety/ep_p25_separation=2.0274 episode_safety/ep_max_pfl_force_ratio=0.0000 episode_safety/ep_max_contact_force=0.0000 episode_safety/ep_max_robot_vel=2.5103 episode_safety/ep_mean_robot_vel=0.6119 episode_safety/ep_time_to_first_violation=-1.0000 episode_safety/ep_time_in_proximity_0p3m=0.0000 episode_safety/ep_time_in_proximity_0p5m=0.0000 episode_safety/ep_time_in_proximity_1p0m=0.0000
[2026-06-09 20:35:34,465][__main__][INFO] - [safety] step=2350 safety/ssm_violation=0.0000 safety/ssm_violation_actual=0.0000 safety/proximity_violation=0.0000 safety/pfl_violation=0.0000 safety/ssm_margin=0.6201 safety/ssm_margin_actual=0.8586 safety/min_separation=1.0660 safety/pfl_force_ratio=0.0000 safety/robot_vel=0.6439 safety/human_vel=0.0100 episode_safety/ep_steps=93.0000 episode_safety/ep_ssm_violation_rate=0.0000 episode_safety/ep_ssm_violation_actual_rate=0.0000 episode_safety/ep_proximity_violation_rate=0.0000 episode_safety/ep_pfl_violation_rate=0.0000 episode_safety/ep_min_ssm_margin=0.5909 episode_safety/ep_min_ssm_margin_actual=0.8292 episode_safety/ep_min_separation=1.0315 episode_safety/ep_mean_separation=1.7808 episode_safety/ep_p5_separation=1.0454 episode_safety/ep_p25_separation=1.1274 episode_safety/ep_max_pfl_force_ratio=0.0000 episode_safety/ep_max_contact_force=0.0000 episode_safety/ep_max_robot_vel=2.5103 episode_safety/ep_mean_robot_vel=0.5829 episode_safety/ep_time_to_first_violation=-1.0000 episode_safety/ep_time_in_proximity_0p3m=0.0000 episode_safety/ep_time_in_proximity_0p5m=0.0000 episode_safety/ep_time_in_proximity_1p0m=0.0000
[2026-06-09 20:35:59,007][__main__][INFO] - [safety] step=2400 safety/ssm_violation=0.0000 safety/ssm_violation_actual=0.0000 safety/proximity_violation=0.0000 safety/pfl_violation=0.0000 safety/ssm_margin=0.8686 safety/ssm_margin_actual=1.1086 safety/min_separation=1.2381 safety/pfl_force_ratio=0.0000 safety/robot_vel=0.2388 safety/human_vel=0.0000 episode_safety/ep_steps=143.0000 episode_safety/ep_ssm_violation_rate=0.0000 episode_safety/ep_ssm_violation_actual_rate=0.0000 episode_safety/ep_proximity_violation_rate=0.0000 episode_safety/ep_pfl_violation_rate=0.0000 episode_safety/ep_min_ssm_margin=0.5909 episode_safety/ep_min_ssm_margin_actual=0.8292 episode_safety/ep_min_separation=1.0315 episode_safety/ep_mean_separation=1.5701 episode_safety/ep_p5_separation=1.0451 episode_safety/ep_p25_separation=1.1465 episode_safety/ep_max_pfl_force_ratio=0.0000 episode_safety/ep_max_contact_force=0.0000 episode_safety/ep_max_robot_vel=2.5103 episode_safety/ep_mean_robot_vel=0.5137 episode_safety/ep_time_to_first_violation=-1.0000 episode_safety/ep_time_in_proximity_0p3m=0.0000 episode_safety/ep_time_in_proximity_0p5m=0.0000 episode_safety/ep_time_in_proximity_1p0m=0.0000
[2026-06-09 20:36:04,810][__main__][INFO] - [episode] step=2412 safety/ssm_violation=0.0000 safety/ssm_violation_actual=0.0000 safety/proximity_violation=0.0000 safety/pfl_violation=0.0000 safety/ssm_margin=0.9830 safety/ssm_margin_actual=1.2230 safety/min_separation=1.4015 safety/pfl_force_ratio=0.0000 safety/robot_vel=0.5174 safety/human_vel=0.0000 episode_safety/ep_steps=154.0000 episode_safety/ep_ssm_violation_rate=0.0000 episode_safety/ep_ssm_violation_actual_rate=0.0000 episode_safety/ep_proximity_violation_rate=0.0000 episode_safety/ep_pfl_violation_rate=0.0000 episode_safety/ep_min_ssm_margin=0.5909 episode_safety/ep_min_ssm_margin_actual=0.8292 episode_safety/ep_min_separation=1.0315 episode_safety/ep_mean_separation=1.5528 episode_safety/ep_p5_separation=1.0472 episode_safety/ep_p25_separation=1.1564 episode_safety/ep_max_pfl_force_ratio=0.0000 episode_safety/ep_max_contact_force=0.0000 episode_safety/ep_max_robot_vel=2.5103 episode_safety/ep_mean_robot_vel=0.5108 episode_safety/ep_time_to_first_violation=-1.0000 episode_safety/ep_time_in_proximity_0p3m=0.0000 episode_safety/ep_time_in_proximity_0p5m=0.0000 episode_safety/ep_time_in_proximity_1p0m=0.0000 episode_cost_integral=0.0000 episode_lambda=0.0000
[2026-06-09 20:36:04,811][__main__][INFO] - [train] step=2412 episode_reward=1.0000 episode_length=154 episode=13 buffer_size=13960
[2026-06-09 20:36:23,995][__main__][INFO] - [safety] step=2450 safety/ssm_violation=0.0000 safety/ssm_violation_actual=0.0000 safety/proximity_violation=0.0000 safety/pfl_violation=0.0000 safety/ssm_margin=0.2684 safety/ssm_margin_actual=0.4951 safety/min_separation=0.6557 safety/pfl_force_ratio=0.0000 safety/robot_vel=0.3507 safety/human_vel=0.0886 episode_safety/ep_steps=39.0000 episode_safety/ep_ssm_violation_rate=0.0000 episode_safety/ep_ssm_violation_actual_rate=0.0000 episode_safety/ep_proximity_violation_rate=0.0000 episode_safety/ep_pfl_violation_rate=0.0000 episode_safety/ep_min_ssm_margin=0.0152 episode_safety/ep_min_ssm_margin_actual=0.2416 episode_safety/ep_min_separation=0.6557 episode_safety/ep_mean_separation=1.8440 episode_safety/ep_p5_separation=0.7280 episode_safety/ep_p25_separation=1.1925 episode_safety/ep_max_pfl_force_ratio=0.0000 episode_safety/ep_max_contact_force=0.0000 episode_safety/ep_max_robot_vel=2.4647 episode_safety/ep_mean_robot_vel=0.6633 episode_safety/ep_time_to_first_violation=-1.0000 episode_safety/ep_time_in_proximity_0p3m=0.0000 episode_safety/ep_time_in_proximity_0p5m=0.0000 episode_safety/ep_time_in_proximity_1p0m=0.1795
[2026-06-09 20:36:48,560][__main__][INFO] - [safety] step=2500 safety/ssm_violation=0.0000 safety/ssm_violation_actual=0.0000 safety/proximity_violation=0.0000 safety/pfl_violation=0.0000 safety/ssm_margin=0.0254 safety/ssm_margin_actual=0.2643 safety/min_separation=0.5020 safety/pfl_force_ratio=0.0000 safety/robot_vel=0.7712 safety/human_vel=0.0073 episode_safety/ep_steps=89.0000 episode_safety/ep_ssm_violation_rate=0.0449 episode_safety/ep_ssm_violation_actual_rate=0.0000 episode_safety/ep_proximity_violation_rate=0.0000 episode_safety/ep_pfl_violation_rate=0.0000 episode_safety/ep_min_ssm_margin=-0.0581 episode_safety/ep_min_ssm_margin_actual=0.1801 episode_safety/ep_min_separation=0.4410 episode_safety/ep_mean_separation=1.1190 episode_safety/ep_p5_separation=0.4596 episode_safety/ep_p25_separation=0.5522 episode_safety/ep_max_pfl_force_ratio=0.0000 episode_safety/ep_max_contact_force=0.0000 episode_safety/ep_max_robot_vel=2.4647 episode_safety/ep_mean_robot_vel=0.6034 episode_safety/ep_time_to_first_violation=68.0000 episode_safety/ep_time_in_proximity_0p3m=0.0000 episode_safety/ep_time_in_proximity_0p5m=0.1573 episode_safety/ep_time_in_proximity_1p0m=0.6404
[2026-06-09 20:37:13,110][__main__][INFO] - [safety] step=2550 safety/ssm_violation=0.0000 safety/ssm_violation_actual=0.0000 safety/proximity_violation=0.0000 safety/pfl_violation=0.0000 safety/ssm_margin=0.2602 safety/ssm_margin_actual=0.5002 safety/min_separation=0.6181 safety/pfl_force_ratio=0.0000 safety/robot_vel=0.1550 safety/human_vel=0.0000 episode_safety/ep_steps=139.0000 episode_safety/ep_ssm_violation_rate=0.0288 episode_safety/ep_ssm_violation_actual_rate=0.0000 episode_safety/ep_proximity_violation_rate=0.0000 episode_safety/ep_pfl_violation_rate=0.0000 episode_safety/ep_min_ssm_margin=-0.0581 episode_safety/ep_min_ssm_margin_actual=0.1801 episode_safety/ep_min_separation=0.4410 episode_safety/ep_mean_separation=0.9732 episode_safety/ep_p5_separation=0.4808 episode_safety/ep_p25_separation=0.5887 episode_safety/ep_max_pfl_force_ratio=0.0000 episode_safety/ep_max_contact_force=0.0000 episode_safety/ep_max_robot_vel=2.4647 episode_safety/ep_mean_robot_vel=0.5497 episode_safety/ep_time_to_first_violation=68.0000 episode_safety/ep_time_in_proximity_0p3m=0.0000 episode_safety/ep_time_in_proximity_0p5m=0.1007 episode_safety/ep_time_in_proximity_1p0m=0.7698
[2026-06-09 20:37:19,917][__main__][INFO] - [episode] step=2564 safety/ssm_violation=0.0000 safety/ssm_violation_actual=0.0000 safety/proximity_violation=0.0000 safety/pfl_violation=0.0000 safety/ssm_margin=0.2581 safety/ssm_margin_actual=0.4981 safety/min_separation=0.6433 safety/pfl_force_ratio=0.0000 safety/robot_vel=0.3380 safety/human_vel=0.0000 episode_safety/ep_steps=152.0000 episode_safety/ep_ssm_violation_rate=0.0263 episode_safety/ep_ssm_violation_actual_rate=0.0000 episode_safety/ep_proximity_violation_rate=0.0000 episode_safety/ep_pfl_violation_rate=0.0000 episode_safety/ep_min_ssm_margin=-0.0581 episode_safety/ep_min_ssm_margin_actual=0.1801 episode_safety/ep_min_separation=0.4410 episode_safety/ep_mean_separation=0.9417 episode_safety/ep_p5_separation=0.4837 episode_safety/ep_p25_separation=0.5894 episode_safety/ep_max_pfl_force_ratio=0.0000 episode_safety/ep_max_contact_force=0.0000 episode_safety/ep_max_robot_vel=2.4647 episode_safety/ep_mean_robot_vel=0.5296 episode_safety/ep_time_to_first_violation=68.0000 episode_safety/ep_time_in_proximity_0p3m=0.0000 episode_safety/ep_time_in_proximity_0p5m=0.0921 episode_safety/ep_time_in_proximity_1p0m=0.7895 episode_cost_integral=38.8334 episode_lambda=0.0000
[2026-06-09 20:37:19,917][__main__][INFO] - [train] step=2564 episode_reward=1.0000 episode_length=152 episode=14 buffer_size=14112
[2026-06-09 20:38:18,917][__main__][INFO] - [eval] step=2564 episode_reward=0.6000 episode_length=248.1000 episode=14 ep_steps=248.1000 ep_ssm_violation_rate=0.3529 ep_ssm_violation_actual_rate=0.2454 ep_proximity_violation_rate=0.3237 ep_pfl_violation_rate=0.0000 ep_mean_separation=0.6852 ep_p5_separation=0.3732 ep_p25_separation=0.4646 ep_mean_robot_vel=0.4183 ep_time_to_first_violation=51.0000 ep_time_in_proximity_0p3m=0.3237 ep_time_in_proximity_0p5m=0.3773 ep_time_in_proximity_1p0m=0.8117 ep_min_ssm_margin=-1.0395 ep_min_ssm_margin_actual=-0.8361 ep_min_separation=0.0114 ep_max_pfl_force_ratio=0.0000 ep_max_contact_force=0.0000 ep_max_robot_vel=2.4860 success_rate=0.6000
[2026-06-09 20:38:19,313][__main__][INFO] - saved snapshot: /home/ap2322/Documents/safety_bigym/exp_local/budget_warmstart/dish_b2_ws/snapshot_2564.pt
[2026-06-09 20:38:37,565][__main__][INFO] - [safety] step=2600 safety/ssm_violation=1.0000 safety/ssm_violation_actual=1.0000 safety/proximity_violation=1.0000 safety/pfl_violation=0.0000 safety/ssm_margin=-0.3317 safety/ssm_margin_actual=-0.1051 safety/min_separation=0.0485 safety/pfl_force_ratio=0.0000 safety/robot_vel=0.3069 safety/human_vel=0.0896 episode_safety/ep_steps=37.0000 episode_safety/ep_ssm_violation_rate=0.3514 episode_safety/ep_ssm_violation_actual_rate=0.2432 episode_safety/ep_proximity_violation_rate=0.2973 episode_safety/ep_pfl_violation_rate=0.0000 episode_safety/ep_min_ssm_margin=-0.3734 episode_safety/ep_min_ssm_margin_actual=-0.1472 episode_safety/ep_min_separation=0.0231 episode_safety/ep_mean_separation=0.9340 episode_safety/ep_p5_separation=0.0348 episode_safety/ep_p25_separation=0.2218 episode_safety/ep_max_pfl_force_ratio=0.0000 episode_safety/ep_max_contact_force=0.0000 episode_safety/ep_max_robot_vel=2.4978 episode_safety/ep_mean_robot_vel=0.6240 episode_safety/ep_time_to_first_violation=24.0000 episode_safety/ep_time_in_proximity_0p3m=0.2973 episode_safety/ep_time_in_proximity_0p5m=0.3514 episode_safety/ep_time_in_proximity_1p0m=0.5135
[2026-06-09 20:39:03,392][__main__][INFO] - [safety] step=2650 safety/ssm_violation=1.0000 safety/ssm_violation_actual=1.0000 safety/proximity_violation=1.0000 safety/pfl_violation=0.0000 safety/ssm_margin=-0.3214 safety/ssm_margin_actual=-0.1213 safety/min_separation=0.1563 safety/pfl_force_ratio=0.0000 safety/robot_vel=0.7756 safety/human_vel=0.2657 episode_safety/ep_steps=87.0000 episode_safety/ep_ssm_violation_rate=0.7241 episode_safety/ep_ssm_violation_actual_rate=0.6437 episode_safety/ep_proximity_violation_rate=0.7011 episode_safety/ep_pfl_violation_rate=0.0000 episode_safety/ep_min_ssm_margin=-0.3861 episode_safety/ep_min_ssm_margin_actual=-0.1738 episode_safety/ep_min_separation=0.0231 episode_safety/ep_mean_separation=0.4727 episode_safety/ep_p5_separation=0.0533 episode_safety/ep_p25_separation=0.1101 episode_safety/ep_max_pfl_force_ratio=0.0000 episode_safety/ep_max_contact_force=0.0000 episode_safety/ep_max_robot_vel=2.4978 episode_safety/ep_mean_robot_vel=0.5719 episode_safety/ep_time_to_first_violation=24.0000 episode_safety/ep_time_in_proximity_0p3m=0.7011 episode_safety/ep_time_in_proximity_0p5m=0.7241 episode_safety/ep_time_in_proximity_1p0m=0.7931
[2026-06-09 20:39:29,559][__main__][INFO] - [safety] step=2700 safety/ssm_violation=1.0000 safety/ssm_violation_actual=0.0000 safety/proximity_violation=1.0000 safety/pfl_violation=0.0000 safety/ssm_margin=-0.1130 safety/ssm_margin_actual=0.1214 safety/min_separation=0.2662 safety/pfl_force_ratio=0.0000 safety/robot_vel=0.3012 safety/human_vel=0.0369 episode_safety/ep_steps=137.0000 episode_safety/ep_ssm_violation_rate=0.8248 episode_safety/ep_ssm_violation_actual_rate=0.6423 episode_safety/ep_proximity_violation_rate=0.8102 episode_safety/ep_pfl_violation_rate=0.0000 episode_safety/ep_min_ssm_margin=-0.3861 episode_safety/ep_min_ssm_margin_actual=-0.1738 episode_safety/ep_min_separation=0.0231 episode_safety/ep_mean_separation=0.3660 episode_safety/ep_p5_separation=0.0636 episode_safety/ep_p25_separation=0.1218 episode_safety/ep_max_pfl_force_ratio=0.0000 episode_safety/ep_max_contact_force=0.0000 episode_safety/ep_max_robot_vel=2.4978 episode_safety/ep_mean_robot_vel=0.5641 episode_safety/ep_time_to_first_violation=24.0000 episode_safety/ep_time_in_proximity_0p3m=0.8102 episode_safety/ep_time_in_proximity_0p5m=0.8248 episode_safety/ep_time_in_proximity_1p0m=0.8686
[2026-06-09 20:39:54,101][__main__][INFO] - [safety] step=2750 safety/ssm_violation=1.0000 safety/ssm_violation_actual=0.0000 safety/proximity_violation=1.0000 safety/pfl_violation=0.0000 safety/ssm_margin=-0.2291 safety/ssm_margin_actual=0.0109 safety/min_separation=0.1410 safety/pfl_force_ratio=0.0000 safety/robot_vel=0.2423 safety/human_vel=0.0001 episode_safety/ep_steps=187.0000 episode_safety/ep_ssm_violation_rate=0.8717 episode_safety/ep_ssm_violation_actual_rate=0.5134 episode_safety/ep_proximity_violation_rate=0.8610 episode_safety/ep_pfl_violation_rate=0.0000 episode_safety/ep_min_ssm_margin=-0.3861 episode_safety/ep_min_ssm_margin_actual=-0.1738 episode_safety/ep_min_separation=0.0231 episode_safety/ep_mean_separation=0.3183 episode_safety/ep_p5_separation=0.0684 episode_safety/ep_p25_separation=0.1358 episode_safety/ep_max_pfl_force_ratio=0.0000 episode_safety/ep_max_contact_force=0.0000 episode_safety/ep_max_robot_vel=2.4978 episode_safety/ep_mean_robot_vel=0.5151 episode_safety/ep_time_to_first_violation=24.0000 episode_safety/ep_time_in_proximity_0p3m=0.8610 episode_safety/ep_time_in_proximity_0p5m=0.8717 episode_safety/ep_time_in_proximity_1p0m=0.9037
[2026-06-09 20:39:56,098][__main__][INFO] - [episode] step=2754 safety/ssm_violation=1.0000 safety/ssm_violation_actual=1.0000 safety/proximity_violation=1.0000 safety/pfl_violation=0.0000 safety/ssm_margin=-0.2933 safety/ssm_margin_actual=-0.0533 safety/min_separation=0.1031 safety/pfl_force_ratio=0.0000 safety/robot_vel=0.4019 safety/human_vel=0.0001 episode_safety/ep_steps=190.0000 episode_safety/ep_ssm_violation_rate=0.8737 episode_safety/ep_ssm_violation_actual_rate=0.5158 episode_safety/ep_proximity_violation_rate=0.8632 episode_safety/ep_pfl_violation_rate=0.0000 episode_safety/ep_min_ssm_margin=-0.3861 episode_safety/ep_min_ssm_margin_actual=-0.1738 episode_safety/ep_min_separation=0.0231 episode_safety/ep_mean_separation=0.3151 episode_safety/ep_p5_separation=0.0687 episode_safety/ep_p25_separation=0.1340 episode_safety/ep_max_pfl_force_ratio=0.0000 episode_safety/ep_max_contact_force=0.0000 episode_safety/ep_max_robot_vel=2.4978 episode_safety/ep_mean_robot_vel=0.5115 episode_safety/ep_time_to_first_violation=24.0000 episode_safety/ep_time_in_proximity_0p3m=0.8632 episode_safety/ep_time_in_proximity_0p5m=0.8737 episode_safety/ep_time_in_proximity_1p0m=0.9053 episode_cost_integral=167.3710 episode_lambda=0.0000
[2026-06-09 20:39:56,099][__main__][INFO] - [train] step=2754 episode_reward=1.0000 episode_length=190 episode=15 buffer_size=14302
[2026-06-09 20:40:19,248][__main__][INFO] - [safety] step=2800 safety/ssm_violation=0.0000 safety/ssm_violation_actual=0.0000 safety/proximity_violation=0.0000 safety/pfl_violation=0.0000 safety/ssm_margin=0.3883 safety/ssm_margin_actual=0.6154 safety/min_separation=0.8274 safety/pfl_force_ratio=0.0000 safety/robot_vel=0.6140 safety/human_vel=0.0859 episode_safety/ep_steps=47.0000 episode_safety/ep_ssm_violation_rate=0.0000 episode_safety/ep_ssm_violation_actual_rate=0.0000 episode_safety/ep_proximity_violation_rate=0.0000 episode_safety/ep_pfl_violation_rate=0.0000 episode_safety/ep_min_ssm_margin=0.3883 episode_safety/ep_min_ssm_margin_actual=0.6154 episode_safety/ep_min_separation=0.8274 episode_safety/ep_mean_separation=1.8487 episode_safety/ep_p5_separation=0.8668 episode_safety/ep_p25_separation=1.1308 episode_safety/ep_max_pfl_force_ratio=0.0000 episode_safety/ep_max_contact_force=0.0000 episode_safety/ep_max_robot_vel=2.4784 episode_safety/ep_mean_robot_vel=0.5978 episode_safety/ep_time_to_first_violation=-1.0000 episode_safety/ep_time_in_proximity_0p3m=0.0000 episode_safety/ep_time_in_proximity_0p5m=0.0000 episode_safety/ep_time_in_proximity_1p0m=0.1915
[2026-06-09 20:40:43,866][__main__][INFO] - [safety] step=2850 safety/ssm_violation=0.0000 safety/ssm_violation_actual=0.0000 safety/proximity_violation=0.0000 safety/pfl_violation=0.0000 safety/ssm_margin=0.4422 safety/ssm_margin_actual=0.6807 safety/min_separation=0.8219 safety/pfl_force_ratio=0.0000 safety/robot_vel=0.3046 safety/human_vel=0.0094 episode_safety/ep_steps=97.0000 episode_safety/ep_ssm_violation_rate=0.0309 episode_safety/ep_ssm_violation_actual_rate=0.0000 episode_safety/ep_proximity_violation_rate=0.0000 episode_safety/ep_pfl_violation_rate=0.0000 episode_safety/ep_min_ssm_margin=-0.0127 episode_safety/ep_min_ssm_margin_actual=0.2140 episode_safety/ep_min_separation=0.3954 episode_safety/ep_mean_separation=1.2394 episode_safety/ep_p5_separation=0.4354 episode_safety/ep_p25_separation=0.7030 episode_safety/ep_max_pfl_force_ratio=0.0000 episode_safety/ep_max_contact_force=0.0000 episode_safety/ep_max_robot_vel=2.4784 episode_safety/ep_mean_robot_vel=0.5755 episode_safety/ep_time_to_first_violation=72.0000 episode_safety/ep_time_in_proximity_0p3m=0.0000 episode_safety/ep_time_in_proximity_0p5m=0.0928 episode_safety/ep_time_in_proximity_1p0m=0.6082
[2026-06-09 20:41:08,483][__main__][INFO] - [safety] step=2900 safety/ssm_violation=0.0000 safety/ssm_violation_actual=0.0000 safety/proximity_violation=0.0000 safety/pfl_violation=0.0000 safety/ssm_margin=0.3544 safety/ssm_margin_actual=0.5944 safety/min_separation=0.7436 safety/pfl_force_ratio=0.0000 safety/robot_vel=0.3611 safety/human_vel=0.0000 episode_safety/ep_steps=147.0000 episode_safety/ep_ssm_violation_rate=0.0204 episode_safety/ep_ssm_violation_actual_rate=0.0000 episode_safety/ep_proximity_violation_rate=0.0000 episode_safety/ep_pfl_violation_rate=0.0000 episode_safety/ep_min_ssm_margin=-0.0127 episode_safety/ep_min_ssm_margin_actual=0.2140 episode_safety/ep_min_separation=0.3954 episode_safety/ep_mean_separation=1.0537 episode_safety/ep_p5_separation=0.4593 episode_safety/ep_p25_separation=0.6786 episode_safety/ep_max_pfl_force_ratio=0.0000 episode_safety/ep_max_contact_force=0.0000 episode_safety/ep_max_robot_vel=2.4784 episode_safety/ep_mean_robot_vel=0.5629 episode_safety/ep_time_to_first_violation=72.0000 episode_safety/ep_time_in_proximity_0p3m=0.0000 episode_safety/ep_time_in_proximity_0p5m=0.1088 episode_safety/ep_time_in_proximity_1p0m=0.7415
[2026-06-09 20:41:30,248][__main__][INFO] - [episode] step=2944 safety/ssm_violation=0.0000 safety/ssm_violation_actual=0.0000 safety/proximity_violation=0.0000 safety/pfl_violation=0.0000 safety/ssm_margin=0.2330 safety/ssm_margin_actual=0.4730 safety/min_separation=0.6101 safety/pfl_force_ratio=0.0000 safety/robot_vel=0.2876 safety/human_vel=0.0000 episode_safety/ep_steps=190.0000 episode_safety/ep_ssm_violation_rate=0.0211 episode_safety/ep_ssm_violation_actual_rate=0.0053 episode_safety/ep_proximity_violation_rate=0.0000 episode_safety/ep_pfl_violation_rate=0.0000 episode_safety/ep_min_ssm_margin=-5.2599 episode_safety/ep_min_ssm_margin_actual=-5.0199 episode_safety/ep_min_separation=0.3954 episode_safety/ep_mean_separation=0.9778 episode_safety/ep_p5_separation=0.4651 episode_safety/ep_p25_separation=0.6905 episode_safety/ep_max_pfl_force_ratio=0.0000 episode_safety/ep_max_contact_force=0.0000 episode_safety/ep_max_robot_vel=7.0525 episode_safety/ep_mean_robot_vel=0.5550 episode_safety/ep_time_to_first_violation=72.0000 episode_safety/ep_time_in_proximity_0p3m=0.0000 episode_safety/ep_time_in_proximity_0p5m=0.0842 episode_safety/ep_time_in_proximity_1p0m=0.8000 episode_cost_integral=30.8237 episode_lambda=0.0000
[2026-06-09 20:41:30,249][__main__][INFO] - [train] step=2944 episode_reward=1.0000 episode_length=190 episode=16 buffer_size=14492
[2026-06-09 20:41:33,759][__main__][INFO] - [safety] step=2950 safety/ssm_violation=0.0000 safety/ssm_violation_actual=0.0000 safety/proximity_violation=0.0000 safety/pfl_violation=0.0000 safety/ssm_margin=1.2024 safety/ssm_margin_actual=1.4082 safety/min_separation=1.6058 safety/pfl_force_ratio=0.0000 safety/robot_vel=0.4403 safety/human_vel=0.2281 episode_safety/ep_steps=7.0000 episode_safety/ep_ssm_violation_rate=0.0000 episode_safety/ep_ssm_violation_actual_rate=0.0000 episode_safety/ep_proximity_violation_rate=0.0000 episode_safety/ep_pfl_violation_rate=0.0000 episode_safety/ep_min_ssm_margin=0.5730 episode_safety/ep_min_ssm_margin_actual=0.7587 episode_safety/ep_min_separation=1.6058 episode_safety/ep_mean_separation=1.6861 episode_safety/ep_p5_separation=1.6197 episode_safety/ep_p25_separation=1.6716 episode_safety/ep_max_pfl_force_ratio=0.0000 episode_safety/ep_max_contact_force=0.0000 episode_safety/ep_max_robot_vel=2.4542 episode_safety/ep_mean_robot_vel=0.9951 episode_safety/ep_time_to_first_violation=-1.0000 episode_safety/ep_time_in_proximity_0p3m=0.0000 episode_safety/ep_time_in_proximity_0p5m=0.0000 episode_safety/ep_time_in_proximity_1p0m=0.0000
[2026-06-09 20:41:59,812][__main__][INFO] - [safety] step=3000 safety/ssm_violation=1.0000 safety/ssm_violation_actual=1.0000 safety/proximity_violation=1.0000 safety/pfl_violation=0.0000 safety/ssm_margin=-0.2122 safety/ssm_margin_actual=-0.0185 safety/min_separation=0.1677 safety/pfl_force_ratio=0.0000 safety/robot_vel=0.3053 safety/human_vel=0.3084 episode_safety/ep_steps=57.0000 episode_safety/ep_ssm_violation_rate=0.6140 episode_safety/ep_ssm_violation_actual_rate=0.5789 episode_safety/ep_proximity_violation_rate=0.5965 episode_safety/ep_pfl_violation_rate=0.0000 episode_safety/ep_min_ssm_margin=-0.3823 episode_safety/ep_min_ssm_margin_actual=-0.1725 episode_safety/ep_min_separation=0.0448 episode_safety/ep_mean_separation=0.5682 episode_safety/ep_p5_separation=0.0643 episode_safety/ep_p25_separation=0.1030 episode_safety/ep_max_pfl_force_ratio=0.0000 episode_safety/ep_max_contact_force=0.0000 episode_safety/ep_max_robot_vel=2.4542 episode_safety/ep_mean_robot_vel=0.5722 episode_safety/ep_time_to_first_violation=22.0000 episode_safety/ep_time_in_proximity_0p3m=0.5965 episode_safety/ep_time_in_proximity_0p5m=0.6316 episode_safety/ep_time_in_proximity_1p0m=0.7193
[2026-06-09 20:42:24,447][__main__][INFO] - [safety] step=3050 safety/ssm_violation=1.0000 safety/ssm_violation_actual=0.0000 safety/proximity_violation=1.0000 safety/pfl_violation=0.0000 safety/ssm_margin=-0.2027 safety/ssm_margin_actual=0.0369 safety/min_separation=0.2434 safety/pfl_force_ratio=0.0000 safety/robot_vel=0.6453 safety/human_vel=0.0021 episode_safety/ep_steps=107.0000 episode_safety/ep_ssm_violation_rate=0.7944 episode_safety/ep_ssm_violation_actual_rate=0.5607 episode_safety/ep_proximity_violation_rate=0.7570 episode_safety/ep_pfl_violation_rate=0.0000 episode_safety/ep_min_ssm_margin=-0.4501 episode_safety/ep_min_ssm_margin_actual=-0.2374 episode_safety/ep_min_separation=0.0178 episode_safety/ep_mean_separation=0.3890 episode_safety/ep_p5_separation=0.0514 episode_safety/ep_p25_separation=0.1067 episode_safety/ep_max_pfl_force_ratio=0.0000 episode_safety/ep_max_contact_force=0.0000 episode_safety/ep_max_robot_vel=2.4542 episode_safety/ep_mean_robot_vel=0.5692 episode_safety/ep_time_to_first_violation=22.0000 episode_safety/ep_time_in_proximity_0p3m=0.7570 episode_safety/ep_time_in_proximity_0p5m=0.8037 episode_safety/ep_time_in_proximity_1p0m=0.8505
[2026-06-09 20:42:49,613][__main__][INFO] - [safety] step=3100 safety/ssm_violation=1.0000 safety/ssm_violation_actual=0.0000 safety/proximity_violation=0.0000 safety/pfl_violation=0.0000 safety/ssm_margin=-0.1414 safety/ssm_margin_actual=0.0571 safety/min_separation=0.3303 safety/pfl_force_ratio=0.0000 safety/robot_vel=0.7521 safety/human_vel=0.2763 episode_safety/ep_steps=157.0000 episode_safety/ep_ssm_violation_rate=0.8599 episode_safety/ep_ssm_violation_actual_rate=0.5287 episode_safety/ep_proximity_violation_rate=0.7516 episode_safety/ep_pfl_violation_rate=0.0000 episode_safety/ep_min_ssm_margin=-0.4561 episode_safety/ep_min_ssm_margin_actual=-0.2374 episode_safety/ep_min_separation=0.0074 episode_safety/ep_mean_separation=0.3300 episode_safety/ep_p5_separation=0.0408 episode_safety/ep_p25_separation=0.1079 episode_safety/ep_max_pfl_force_ratio=0.0000 episode_safety/ep_max_contact_force=0.0000 episode_safety/ep_max_robot_vel=2.4542 episode_safety/ep_mean_robot_vel=0.5545 episode_safety/ep_time_to_first_violation=22.0000 episode_safety/ep_time_in_proximity_0p3m=0.7516 episode_safety/ep_time_in_proximity_0p5m=0.8662 episode_safety/ep_time_in_proximity_1p0m=0.8981
[2026-06-09 20:43:08,740][__main__][INFO] - [episode] step=3136 safety/ssm_violation=1.0000 safety/ssm_violation_actual=0.0000 safety/proximity_violation=1.0000 safety/pfl_violation=0.0000 safety/ssm_margin=-0.2119 safety/ssm_margin_actual=0.0232 safety/min_separation=0.1850 safety/pfl_force_ratio=0.0000 safety/robot_vel=0.4047 safety/human_vel=0.0330 episode_safety/ep_steps=192.0000 episode_safety/ep_ssm_violation_rate=0.8854 episode_safety/ep_ssm_violation_actual_rate=0.5312 episode_safety/ep_proximity_violation_rate=0.7812 episode_safety/ep_pfl_violation_rate=0.0000 episode_safety/ep_min_ssm_margin=-0.4561 episode_safety/ep_min_ssm_margin_actual=-0.2374 episode_safety/ep_min_separation=0.0074 episode_safety/ep_mean_separation=0.3000 episode_safety/ep_p5_separation=0.0434 episode_safety/ep_p25_separation=0.1080 episode_safety/ep_max_pfl_force_ratio=0.0000 episode_safety/ep_max_contact_force=0.0000 episode_safety/ep_max_robot_vel=2.4542 episode_safety/ep_mean_robot_vel=0.5264 episode_safety/ep_time_to_first_violation=22.0000 episode_safety/ep_time_in_proximity_0p3m=0.7812 episode_safety/ep_time_in_proximity_0p5m=0.8906 episode_safety/ep_time_in_proximity_1p0m=0.9167 episode_cost_integral=171.9919 episode_lambda=0.0000
[2026-06-09 20:43:08,741][__main__][INFO] - [train] step=3136 episode_reward=1.0000 episode_length=192 episode=17 buffer_size=14684
[2026-06-09 20:43:16,209][__main__][INFO] - [safety] step=3150 safety/ssm_violation=0.0000 safety/ssm_violation_actual=0.0000 safety/proximity_violation=0.0000 safety/pfl_violation=0.0000 safety/ssm_margin=1.3186 safety/ssm_margin_actual=1.5376 safety/min_separation=1.7357 safety/pfl_force_ratio=0.0000 safety/robot_vel=0.5103 safety/human_vel=0.1402 episode_safety/ep_steps=15.0000 episode_safety/ep_ssm_violation_rate=0.0000 episode_safety/ep_ssm_violation_actual_rate=0.0000 episode_safety/ep_proximity_violation_rate=0.0000 episode_safety/ep_pfl_violation_rate=0.0000 episode_safety/ep_min_ssm_margin=1.0068 episode_safety/ep_min_ssm_margin_actual=1.1925 episode_safety/ep_min_separation=1.7357 episode_safety/ep_mean_separation=2.0575 episode_safety/ep_p5_separation=1.7836 episode_safety/ep_p25_separation=1.9539 episode_safety/ep_max_pfl_force_ratio=0.0000 episode_safety/ep_max_contact_force=0.0000 episode_safety/ep_max_robot_vel=2.4622 episode_safety/ep_mean_robot_vel=0.7173 episode_safety/ep_time_to_first_violation=-1.0000 episode_safety/ep_time_in_proximity_0p3m=0.0000 episode_safety/ep_time_in_proximity_0p5m=0.0000 episode_safety/ep_time_in_proximity_1p0m=0.0000
[2026-06-09 20:43:42,566][__main__][INFO] - [safety] step=3200 safety/ssm_violation=1.0000 safety/ssm_violation_actual=1.0000 safety/proximity_violation=1.0000 safety/pfl_violation=0.0000 safety/ssm_margin=-0.2787 safety/ssm_margin_actual=-0.0762 safety/min_separation=0.1632 safety/pfl_force_ratio=0.0000 safety/robot_vel=0.6263 safety/human_vel=0.2501 episode_safety/ep_steps=65.0000 episode_safety/ep_ssm_violation_rate=0.5077 episode_safety/ep_ssm_violation_actual_rate=0.0615 episode_safety/ep_proximity_violation_rate=0.3077 episode_safety/ep_pfl_violation_rate=0.0000 episode_safety/ep_min_ssm_margin=-0.2787 episode_safety/ep_min_ssm_margin_actual=-0.0762 episode_safety/ep_min_separation=0.1632 episode_safety/ep_mean_separation=0.8781 episode_safety/ep_p5_separation=0.2164 episode_safety/ep_p25_separation=0.2673 episode_safety/ep_max_pfl_force_ratio=0.0000 episode_safety/ep_max_contact_force=0.0000 episode_safety/ep_max_robot_vel=2.4622 episode_safety/ep_mean_robot_vel=0.5423 episode_safety/ep_time_to_first_violation=32.0000 episode_safety/ep_time_in_proximity_0p3m=0.3077 episode_safety/ep_time_in_proximity_0p5m=0.5385 episode_safety/ep_time_in_proximity_1p0m=0.6462
[2026-06-09 20:44:09,050][__main__][INFO] - [safety] step=3250 safety/ssm_violation=1.0000 safety/ssm_violation_actual=1.0000 safety/proximity_violation=1.0000 safety/pfl_violation=0.0000 safety/ssm_margin=-0.2588 safety/ssm_margin_actual=-0.0604 safety/min_separation=0.1169 safety/pfl_force_ratio=0.0000 safety/robot_vel=0.2792 safety/human_vel=0.2772 episode_safety/ep_steps=115.0000 episode_safety/ep_ssm_violation_rate=0.6609 episode_safety/ep_ssm_violation_actual_rate=0.2870 episode_safety/ep_proximity_violation_rate=0.4609 episode_safety/ep_pfl_violation_rate=0.0000 episode_safety/ep_min_ssm_margin=-0.3445 episode_safety/ep_min_ssm_margin_actual=-0.1412 episode_safety/ep_min_separation=0.0902 episode_safety/ep_mean_separation=0.5974 episode_safety/ep_p5_separation=0.1047 episode_safety/ep_p25_separation=0.2082 episode_safety/ep_max_pfl_force_ratio=0.0000 episode_safety/ep_max_contact_force=0.0000 episode_safety/ep_max_robot_vel=2.4622 episode_safety/ep_mean_robot_vel=0.5455 episode_safety/ep_time_to_first_violation=32.0000 episode_safety/ep_time_in_proximity_0p3m=0.4609 episode_safety/ep_time_in_proximity_0p5m=0.7391 episode_safety/ep_time_in_proximity_1p0m=0.8000
[2026-06-09 20:44:33,495][__main__][INFO] - [safety] step=3300 safety/ssm_violation=1.0000 safety/ssm_violation_actual=0.0000 safety/proximity_violation=1.0000 safety/pfl_violation=0.0000 safety/ssm_margin=-0.0817 safety/ssm_margin_actual=0.1582 safety/min_separation=0.2861 safety/pfl_force_ratio=0.0000 safety/robot_vel=0.2265 safety/human_vel=0.0008 episode_safety/ep_steps=165.0000 episode_safety/ep_ssm_violation_rate=0.7030 episode_safety/ep_ssm_violation_actual_rate=0.2485 episode_safety/ep_proximity_violation_rate=0.5030 episode_safety/ep_pfl_violation_rate=0.0000 episode_safety/ep_min_ssm_margin=-2.8981 episode_safety/ep_min_ssm_margin_actual=-2.6594 episode_safety/ep_min_separation=0.0902 episode_safety/ep_mean_separation=0.5093 episode_safety/ep_p5_separation=0.1065 episode_safety/ep_p25_separation=0.2219 episode_safety/ep_max_pfl_force_ratio=0.0000 episode_safety/ep_max_contact_force=0.0000 episode_safety/ep_max_robot_vel=4.8688 episode_safety/ep_mean_robot_vel=0.5535 episode_safety/ep_time_to_first_violation=32.0000 episode_safety/ep_time_in_proximity_0p3m=0.5030 episode_safety/ep_time_in_proximity_0p5m=0.8182 episode_safety/ep_time_in_proximity_1p0m=0.8606
[2026-06-09 20:44:44,779][__main__][INFO] - [episode] step=3323 safety/ssm_violation=1.0000 safety/ssm_violation_actual=0.0000 safety/proximity_violation=1.0000 safety/pfl_violation=0.0000 safety/ssm_margin=-0.1587 safety/ssm_margin_actual=0.0813 safety/min_separation=0.2098 safety/pfl_force_ratio=0.0000 safety/robot_vel=0.2320 safety/human_vel=0.0001 episode_safety/ep_steps=187.0000 episode_safety/ep_ssm_violation_rate=0.7380 episode_safety/ep_ssm_violation_actual_rate=0.2193 episode_safety/ep_proximity_violation_rate=0.5455 episode_safety/ep_pfl_violation_rate=0.0000 episode_safety/ep_min_ssm_margin=-2.8981 episode_safety/ep_min_ssm_margin_actual=-2.6594 episode_safety/ep_min_separation=0.0902 episode_safety/ep_mean_separation=0.4801 episode_safety/ep_p5_separation=0.1072 episode_safety/ep_p25_separation=0.2224 episode_safety/ep_max_pfl_force_ratio=0.0000 episode_safety/ep_max_contact_force=0.0000 episode_safety/ep_max_robot_vel=4.8688 episode_safety/ep_mean_robot_vel=0.5185 episode_safety/ep_time_to_first_violation=32.0000 episode_safety/ep_time_in_proximity_0p3m=0.5455 episode_safety/ep_time_in_proximity_0p5m=0.8396 episode_safety/ep_time_in_proximity_1p0m=0.8770 episode_cost_integral=156.1224 episode_lambda=0.0000
[2026-06-09 20:44:44,780][__main__][INFO] - [train] step=3323 episode_reward=1.0000 episode_length=187 episode=18 buffer_size=14871
[2026-06-09 20:44:58,619][__main__][INFO] - [safety] step=3350 safety/ssm_violation=1.0000 safety/ssm_violation_actual=1.0000 safety/proximity_violation=1.0000 safety/pfl_violation=0.0000 safety/ssm_margin=-0.3625 safety/ssm_margin_actual=-0.1371 safety/min_separation=0.0562 safety/pfl_force_ratio=0.0000 safety/robot_vel=0.5181 safety/human_vel=0.0975 episode_safety/ep_steps=28.0000 episode_safety/ep_ssm_violation_rate=0.3214 episode_safety/ep_ssm_violation_actual_rate=0.1429 episode_safety/ep_proximity_violation_rate=0.2143 episode_safety/ep_pfl_violation_rate=0.0000 episode_safety/ep_min_ssm_margin=-0.3625 episode_safety/ep_min_ssm_margin_actual=-0.1371 episode_safety/ep_min_separation=0.0562 episode_safety/ep_mean_separation=0.7268 episode_safety/ep_p5_separation=0.1095 episode_safety/ep_p25_separation=0.3938 episode_safety/ep_max_pfl_force_ratio=0.0000 episode_safety/ep_max_contact_force=0.0000 episode_safety/ep_max_robot_vel=2.3823 episode_safety/ep_mean_robot_vel=0.6762 episode_safety/ep_time_to_first_violation=0.0000 episode_safety/ep_time_in_proximity_0p3m=0.2143 episode_safety/ep_time_in_proximity_0p5m=0.3214 episode_safety/ep_time_in_proximity_1p0m=0.6429
[2026-06-09 20:45:23,400][__main__][INFO] - [safety] step=3400 safety/ssm_violation=1.0000 safety/ssm_violation_actual=1.0000 safety/proximity_violation=1.0000 safety/pfl_violation=0.0000 safety/ssm_margin=-0.3921 safety/ssm_margin_actual=-0.1856 safety/min_separation=0.0746 safety/pfl_force_ratio=0.0000 safety/robot_vel=0.7314 safety/human_vel=0.2236 episode_safety/ep_steps=78.0000 episode_safety/ep_ssm_violation_rate=0.7564 episode_safety/ep_ssm_violation_actual_rate=0.6923 episode_safety/ep_proximity_violation_rate=0.7179 episode_safety/ep_pfl_violation_rate=0.0000 episode_safety/ep_min_ssm_margin=-0.4613 episode_safety/ep_min_ssm_margin_actual=-0.2270 episode_safety/ep_min_separation=0.0110 episode_safety/ep_mean_separation=0.3019 episode_safety/ep_p5_separation=0.0251 episode_safety/ep_p25_separation=0.0571 episode_safety/ep_max_pfl_force_ratio=0.0000 episode_safety/ep_max_contact_force=0.0000 episode_safety/ep_max_robot_vel=2.3823 episode_safety/ep_mean_robot_vel=0.5502 episode_safety/ep_time_to_first_violation=0.0000 episode_safety/ep_time_in_proximity_0p3m=0.7179 episode_safety/ep_time_in_proximity_0p5m=0.7564 episode_safety/ep_time_in_proximity_1p0m=0.8718
[2026-06-09 20:45:50,367][__main__][INFO] - [safety] step=3450 safety/ssm_violation=1.0000 safety/ssm_violation_actual=1.0000 safety/proximity_violation=1.0000 safety/pfl_violation=0.0000 safety/ssm_margin=-0.3565 safety/ssm_margin_actual=-0.1460 safety/min_separation=0.0965 safety/pfl_force_ratio=0.0000 safety/robot_vel=0.6748 safety/human_vel=0.1968 episode_safety/ep_steps=128.0000 episode_safety/ep_ssm_violation_rate=0.8516 episode_safety/ep_ssm_violation_actual_rate=0.8125 episode_safety/ep_proximity_violation_rate=0.8281 episode_safety/ep_pfl_violation_rate=0.0000 episode_safety/ep_min_ssm_margin=-0.4613 episode_safety/ep_min_ssm_margin_actual=-0.2445 episode_safety/ep_min_separation=0.0058 episode_safety/ep_mean_separation=0.2078 episode_safety/ep_p5_separation=0.0188 episode_safety/ep_p25_separation=0.0526 episode_safety/ep_max_pfl_force_ratio=0.0000 episode_safety/ep_max_contact_force=0.0000 episode_safety/ep_max_robot_vel=2.3823 episode_safety/ep_mean_robot_vel=0.5378 episode_safety/ep_time_to_first_violation=0.0000 episode_safety/ep_time_in_proximity_0p3m=0.8281 episode_safety/ep_time_in_proximity_0p5m=0.8516 episode_safety/ep_time_in_proximity_1p0m=0.9219
[2026-06-09 20:46:15,302][__main__][INFO] - [safety] step=3500 safety/ssm_violation=1.0000 safety/ssm_violation_actual=1.0000 safety/proximity_violation=1.0000 safety/pfl_violation=0.0000 safety/ssm_margin=-0.3326 safety/ssm_margin_actual=-0.0928 safety/min_separation=0.0735 safety/pfl_force_ratio=0.0000 safety/robot_vel=0.4547 safety/human_vel=0.0015 episode_safety/ep_steps=178.0000 episode_safety/ep_ssm_violation_rate=0.8933 episode_safety/ep_ssm_violation_actual_rate=0.8652 episode_safety/ep_proximity_violation_rate=0.8764 episode_safety/ep_pfl_violation_rate=0.0000 episode_safety/ep_min_ssm_margin=-0.4613 episode_safety/ep_min_ssm_margin_actual=-0.2445 episode_safety/ep_min_separation=0.0058 episode_safety/ep_mean_separation=0.1699 episode_safety/ep_p5_separation=0.0214 episode_safety/ep_p25_separation=0.0554 episode_safety/ep_max_pfl_force_ratio=0.0000 episode_safety/ep_max_contact_force=0.0000 episode_safety/ep_max_robot_vel=2.3823 episode_safety/ep_mean_robot_vel=0.4894 episode_safety/ep_time_to_first_violation=0.0000 episode_safety/ep_time_in_proximity_0p3m=0.8764 episode_safety/ep_time_in_proximity_0p5m=0.8933 episode_safety/ep_time_in_proximity_1p0m=0.9438
[2026-06-09 20:46:39,848][__main__][INFO] - [safety] step=3550 safety/ssm_violation=1.0000 safety/ssm_violation_actual=1.0000 safety/proximity_violation=1.0000 safety/pfl_violation=0.0000 safety/ssm_margin=-0.3163 safety/ssm_margin_actual=-0.0763 safety/min_separation=0.0354 safety/pfl_force_ratio=0.0000 safety/robot_vel=0.1057 safety/human_vel=0.0000 episode_safety/ep_steps=228.0000 episode_safety/ep_ssm_violation_rate=0.9167 episode_safety/ep_ssm_violation_actual_rate=0.8947 episode_safety/ep_proximity_violation_rate=0.9035 episode_safety/ep_pfl_violation_rate=0.0000 episode_safety/ep_min_ssm_margin=-0.4613 episode_safety/ep_min_ssm_margin_actual=-0.2445 episode_safety/ep_min_separation=0.0058 episode_safety/ep_mean_separation=0.1405 episode_safety/ep_p5_separation=0.0240 episode_safety/ep_p25_separation=0.0353 episode_safety/ep_max_pfl_force_ratio=0.0000 episode_safety/ep_max_contact_force=0.0000 episode_safety/ep_max_robot_vel=2.3823 episode_safety/ep_mean_robot_vel=0.4144 episode_safety/ep_time_to_first_violation=0.0000 episode_safety/ep_time_in_proximity_0p3m=0.9035 episode_safety/ep_time_in_proximity_0p5m=0.9167 episode_safety/ep_time_in_proximity_1p0m=0.9561
[2026-06-09 20:47:05,677][__main__][INFO] - [safety] step=3600 safety/ssm_violation=1.0000 safety/ssm_violation_actual=1.0000 safety/proximity_violation=1.0000 safety/pfl_violation=0.0000 safety/ssm_margin=-0.2841 safety/ssm_margin_actual=-0.0802 safety/min_separation=0.0963 safety/pfl_force_ratio=0.0000 safety/robot_vel=0.3084 safety/human_vel=0.2410 episode_safety/ep_steps=278.0000 episode_safety/ep_ssm_violation_rate=0.9317 episode_safety/ep_ssm_violation_actual_rate=0.9137 episode_safety/ep_proximity_violation_rate=0.9209 episode_safety/ep_pfl_violation_rate=0.0000 episode_safety/ep_min_ssm_margin=-0.4613 episode_safety/ep_min_ssm_margin_actual=-0.2445 episode_safety/ep_min_separation=0.0058 episode_safety/ep_mean_separation=0.1269 episode_safety/ep_p5_separation=0.0274 episode_safety/ep_p25_separation=0.0393 episode_safety/ep_max_pfl_force_ratio=0.0000 episode_safety/ep_max_contact_force=0.0000 episode_safety/ep_max_robot_vel=2.3823 episode_safety/ep_mean_robot_vel=0.3749 episode_safety/ep_time_to_first_violation=0.0000 episode_safety/ep_time_in_proximity_0p3m=0.9209 episode_safety/ep_time_in_proximity_0p5m=0.9317 episode_safety/ep_time_in_proximity_1p0m=0.9640
[2026-06-09 20:47:32,658][__main__][INFO] - [safety] step=3650 safety/ssm_violation=1.0000 safety/ssm_violation_actual=1.0000 safety/proximity_violation=1.0000 safety/pfl_violation=0.0000 safety/ssm_margin=-0.2766 safety/ssm_margin_actual=-0.0598 safety/min_separation=0.1095 safety/pfl_force_ratio=0.0000 safety/robot_vel=0.3431 safety/human_vel=0.1548 episode_safety/ep_steps=328.0000 episode_safety/ep_ssm_violation_rate=0.9421 episode_safety/ep_ssm_violation_actual_rate=0.9268 episode_safety/ep_proximity_violation_rate=0.9329 episode_safety/ep_pfl_violation_rate=0.0000 episode_safety/ep_min_ssm_margin=-0.4613 episode_safety/ep_min_ssm_margin_actual=-0.2445 episode_safety/ep_min_separation=0.0058 episode_safety/ep_mean_separation=0.1187 episode_safety/ep_p5_separation=0.0281 episode_safety/ep_p25_separation=0.0453 episode_safety/ep_max_pfl_force_ratio=0.0000 episode_safety/ep_max_contact_force=0.0000 episode_safety/ep_max_robot_vel=2.3823 episode_safety/ep_mean_robot_vel=0.3537 episode_safety/ep_time_to_first_violation=0.0000 episode_safety/ep_time_in_proximity_0p3m=0.9329 episode_safety/ep_time_in_proximity_0p5m=0.9421 episode_safety/ep_time_in_proximity_1p0m=0.9695
[2026-06-09 20:47:44,009][__main__][INFO] - [episode] step=3673 safety/ssm_violation=0.0000 safety/ssm_violation_actual=0.0000 safety/proximity_violation=0.0000 safety/pfl_violation=0.0000 safety/ssm_margin=0.6948 safety/ssm_margin_actual=0.9329 safety/min_separation=1.0756 safety/pfl_force_ratio=0.0000 safety/robot_vel=0.3107 safety/human_vel=0.0130 episode_safety/ep_steps=350.0000 episode_safety/ep_ssm_violation_rate=0.9057 episode_safety/ep_ssm_violation_actual_rate=0.8714 episode_safety/ep_proximity_violation_rate=0.8943 episode_safety/ep_pfl_violation_rate=0.0000 episode_safety/ep_min_ssm_margin=-0.4613 episode_safety/ep_min_ssm_margin_actual=-0.2445 episode_safety/ep_min_separation=0.0058 episode_safety/ep_mean_separation=0.1446 episode_safety/ep_p5_separation=0.0284 episode_safety/ep_p25_separation=0.0482 episode_safety/ep_max_pfl_force_ratio=0.0000 episode_safety/ep_max_contact_force=0.0000 episode_safety/ep_max_robot_vel=2.3823 episode_safety/ep_mean_robot_vel=0.3446 episode_safety/ep_time_to_first_violation=0.0000 episode_safety/ep_time_in_proximity_0p3m=0.8943 episode_safety/ep_time_in_proximity_0p5m=0.9143 episode_safety/ep_time_in_proximity_1p0m=0.9657 episode_cost_integral=322.9537 episode_lambda=0.0000
[2026-06-09 20:47:44,010][__main__][INFO] - [train] step=3673 episode_reward=0.0000 episode_length=350 episode=19 buffer_size=15221
[2026-06-09 20:47:57,835][__main__][INFO] - [safety] step=3700 safety/ssm_violation=0.0000 safety/ssm_violation_actual=0.0000 safety/proximity_violation=0.0000 safety/pfl_violation=0.0000 safety/ssm_margin=0.8333 safety/ssm_margin_actual=1.0587 safety/min_separation=1.2631 safety/pfl_force_ratio=0.0000 safety/robot_vel=0.5714 safety/human_vel=0.0975 episode_safety/ep_steps=28.0000 episode_safety/ep_ssm_violation_rate=0.0000 episode_safety/ep_ssm_violation_actual_rate=0.0000 episode_safety/ep_proximity_violation_rate=0.0000 episode_safety/ep_pfl_violation_rate=0.0000 episode_safety/ep_min_ssm_margin=0.8333 episode_safety/ep_min_ssm_margin_actual=1.0587 episode_safety/ep_min_separation=1.2631 episode_safety/ep_mean_separation=2.0518 episode_safety/ep_p5_separation=1.3062 episode_safety/ep_p25_separation=1.5532 episode_safety/ep_max_pfl_force_ratio=0.0000 episode_safety/ep_max_contact_force=0.0000 episode_safety/ep_max_robot_vel=2.4605 episode_safety/ep_mean_robot_vel=0.7097 episode_safety/ep_time_to_first_violation=-1.0000 episode_safety/ep_time_in_proximity_0p3m=0.0000 episode_safety/ep_time_in_proximity_0p5m=0.0000 episode_safety/ep_time_in_proximity_1p0m=0.0000
[2026-06-09 20:48:22,484][__main__][INFO] - [safety] step=3750 safety/ssm_violation=0.0000 safety/ssm_violation_actual=0.0000 safety/proximity_violation=0.0000 safety/pfl_violation=0.0000 safety/ssm_margin=0.9945 safety/ssm_margin_actual=1.2328 safety/min_separation=1.3637 safety/pfl_force_ratio=0.0000 safety/robot_vel=0.2357 safety/human_vel=0.0114 episode_safety/ep_steps=78.0000 episode_safety/ep_ssm_violation_rate=0.0000 episode_safety/ep_ssm_violation_actual_rate=0.0000 episode_safety/ep_proximity_violation_rate=0.0000 episode_safety/ep_pfl_violation_rate=0.0000 episode_safety/ep_min_ssm_margin=0.5403 episode_safety/ep_min_ssm_margin_actual=0.7631 episode_safety/ep_min_separation=0.9458 episode_safety/ep_mean_separation=1.4708 episode_safety/ep_p5_separation=0.9513 episode_safety/ep_p25_separation=1.0962 episode_safety/ep_max_pfl_force_ratio=0.0000 episode_safety/ep_max_contact_force=0.0000 episode_safety/ep_max_robot_vel=2.4605 episode_safety/ep_mean_robot_vel=0.5707 episode_safety/ep_time_to_first_violation=-1.0000 episode_safety/ep_time_in_proximity_0p3m=0.0000 episode_safety/ep_time_in_proximity_0p5m=0.0000 episode_safety/ep_time_in_proximity_1p0m=0.1410
[2026-06-09 20:48:47,183][__main__][INFO] - [safety] step=3800 safety/ssm_violation=0.0000 safety/ssm_violation_actual=0.0000 safety/proximity_violation=0.0000 safety/pfl_violation=0.0000 safety/ssm_margin=0.8565 safety/ssm_margin_actual=1.0965 safety/min_separation=1.2266 safety/pfl_force_ratio=0.0000 safety/robot_vel=0.2426 safety/human_vel=0.0000 episode_safety/ep_steps=128.0000 episode_safety/ep_ssm_violation_rate=0.0000 episode_safety/ep_ssm_violation_actual_rate=0.0000 episode_safety/ep_proximity_violation_rate=0.0000 episode_safety/ep_pfl_violation_rate=0.0000 episode_safety/ep_min_ssm_margin=0.5211 episode_safety/ep_min_ssm_margin_actual=0.7610 episode_safety/ep_min_separation=0.9397 episode_safety/ep_mean_separation=1.3292 episode_safety/ep_p5_separation=0.9471 episode_safety/ep_p25_separation=1.0552 episode_safety/ep_max_pfl_force_ratio=0.0000 episode_safety/ep_max_contact_force=0.0000 episode_safety/ep_max_robot_vel=2.4605 episode_safety/ep_mean_robot_vel=0.5445 episode_safety/ep_time_to_first_violation=-1.0000 episode_safety/ep_time_in_proximity_0p3m=0.0000 episode_safety/ep_time_in_proximity_0p5m=0.0000 episode_safety/ep_time_in_proximity_1p0m=0.1484
[2026-06-09 20:49:00,947][__main__][INFO] - [episode] step=3828 safety/ssm_violation=0.0000 safety/ssm_violation_actual=0.0000 safety/proximity_violation=0.0000 safety/pfl_violation=0.0000 safety/ssm_margin=1.0441 safety/ssm_margin_actual=1.2841 safety/min_separation=1.4399 safety/pfl_force_ratio=0.0000 safety/robot_vel=0.3989 safety/human_vel=0.0000 episode_safety/ep_steps=155.0000 episode_safety/ep_ssm_violation_rate=0.0000 episode_safety/ep_ssm_violation_actual_rate=0.0000 episode_safety/ep_proximity_violation_rate=0.0000 episode_safety/ep_pfl_violation_rate=0.0000 episode_safety/ep_min_ssm_margin=0.5211 episode_safety/ep_min_ssm_margin_actual=0.7610 episode_safety/ep_min_separation=0.9397 episode_safety/ep_mean_separation=1.3144 episode_safety/ep_p5_separation=0.9507 episode_safety/ep_p25_separation=1.0890 episode_safety/ep_max_pfl_force_ratio=0.0000 episode_safety/ep_max_contact_force=0.0000 episode_safety/ep_max_robot_vel=2.4605 episode_safety/ep_mean_robot_vel=0.5061 episode_safety/ep_time_to_first_violation=-1.0000 episode_safety/ep_time_in_proximity_0p3m=0.0000 episode_safety/ep_time_in_proximity_0p5m=0.0000 episode_safety/ep_time_in_proximity_1p0m=0.1226 episode_cost_integral=0.0000 episode_lambda=0.0000
[2026-06-09 20:49:00,947][__main__][INFO] - [train] step=3828 episode_reward=1.0000 episode_length=155 episode=20 buffer_size=15376
[2026-06-09 20:49:12,368][__main__][INFO] - [safety] step=3850 safety/ssm_violation=0.0000 safety/ssm_violation_actual=0.0000 safety/proximity_violation=0.0000 safety/pfl_violation=0.0000 safety/ssm_margin=0.8954 safety/ssm_margin_actual=1.1194 safety/min_separation=1.3275 safety/pfl_force_ratio=0.0000 safety/robot_vel=0.5821 safety/human_vel=0.1068 episode_safety/ep_steps=23.0000 episode_safety/ep_ssm_violation_rate=0.0000 episode_safety/ep_ssm_violation_actual_rate=0.0000 episode_safety/ep_proximity_violation_rate=0.0000 episode_safety/ep_pfl_violation_rate=0.0000 episode_safety/ep_min_ssm_margin=0.8954 episode_safety/ep_min_ssm_margin_actual=1.1194 episode_safety/ep_min_separation=1.3275 episode_safety/ep_mean_separation=2.1068 episode_safety/ep_p5_separation=1.4010 episode_safety/ep_p25_separation=1.7330 episode_safety/ep_max_pfl_force_ratio=0.0000 episode_safety/ep_max_contact_force=0.0000 episode_safety/ep_max_robot_vel=2.4909 episode_safety/ep_mean_robot_vel=0.7248 episode_safety/ep_time_to_first_violation=-1.0000 episode_safety/ep_time_in_proximity_0p3m=0.0000 episode_safety/ep_time_in_proximity_0p5m=0.0000 episode_safety/ep_time_in_proximity_1p0m=0.0000
[2026-06-09 20:49:37,181][__main__][INFO] - [safety] step=3900 safety/ssm_violation=0.0000 safety/ssm_violation_actual=0.0000 safety/proximity_violation=0.0000 safety/pfl_violation=0.0000 safety/ssm_margin=0.6017 safety/ssm_margin_actual=0.8385 safety/min_separation=1.0586 safety/pfl_force_ratio=0.0000 safety/robot_vel=0.6911 safety/human_vel=0.0210 episode_safety/ep_steps=73.0000 episode_safety/ep_ssm_violation_rate=0.0000 episode_safety/ep_ssm_violation_actual_rate=0.0000 episode_safety/ep_proximity_violation_rate=0.0000 episode_safety/ep_pfl_violation_rate=0.0000 episode_safety/ep_min_ssm_margin=0.4416 episode_safety/ep_min_ssm_margin_actual=0.6765 episode_safety/ep_min_separation=0.9220 episode_safety/ep_mean_separation=1.3323 episode_safety/ep_p5_separation=0.9229 episode_safety/ep_p25_separation=0.9440 episode_safety/ep_max_pfl_force_ratio=0.0000 episode_safety/ep_max_contact_force=0.0000 episode_safety/ep_max_robot_vel=2.4909 episode_safety/ep_mean_robot_vel=0.5776 episode_safety/ep_time_to_first_violation=-1.0000 episode_safety/ep_time_in_proximity_0p3m=0.0000 episode_safety/ep_time_in_proximity_0p5m=0.0000 episode_safety/ep_time_in_proximity_1p0m=0.5479
[2026-06-09 20:50:01,939][__main__][INFO] - [safety] step=3950 safety/ssm_violation=0.0000 safety/ssm_violation_actual=0.0000 safety/proximity_violation=0.0000 safety/pfl_violation=0.0000 safety/ssm_margin=0.6933 safety/ssm_margin_actual=0.9333 safety/min_separation=1.0636 safety/pfl_force_ratio=0.0000 safety/robot_vel=0.2433 safety/human_vel=0.0001 episode_safety/ep_steps=123.0000 episode_safety/ep_ssm_violation_rate=0.0000 episode_safety/ep_ssm_violation_actual_rate=0.0000 episode_safety/ep_proximity_violation_rate=0.0000 episode_safety/ep_pfl_violation_rate=0.0000 episode_safety/ep_min_ssm_margin=0.4416 episode_safety/ep_min_ssm_margin_actual=0.6765 episode_safety/ep_min_separation=0.9171 episode_safety/ep_mean_separation=1.2108 episode_safety/ep_p5_separation=0.9228 episode_safety/ep_p25_separation=0.9463 episode_safety/ep_max_pfl_force_ratio=0.0000 episode_safety/ep_max_contact_force=0.0000 episode_safety/ep_max_robot_vel=2.4909 episode_safety/ep_mean_robot_vel=0.5553 episode_safety/ep_time_to_first_violation=-1.0000 episode_safety/ep_time_in_proximity_0p3m=0.0000 episode_safety/ep_time_in_proximity_0p5m=0.0000 episode_safety/ep_time_in_proximity_1p0m=0.4634
[2026-06-09 20:50:17,786][__main__][INFO] - [episode] step=3982 safety/ssm_violation=0.0000 safety/ssm_violation_actual=0.0000 safety/proximity_violation=0.0000 safety/pfl_violation=0.0000 safety/ssm_margin=0.7705 safety/ssm_margin_actual=1.0105 safety/min_separation=1.1970 safety/pfl_force_ratio=0.0000 safety/robot_vel=0.5559 safety/human_vel=0.0000 episode_safety/ep_steps=154.0000 episode_safety/ep_ssm_violation_rate=0.0000 episode_safety/ep_ssm_violation_actual_rate=0.0000 episode_safety/ep_proximity_violation_rate=0.0000 episode_safety/ep_pfl_violation_rate=0.0000 episode_safety/ep_min_ssm_margin=0.4416 episode_safety/ep_min_ssm_margin_actual=0.6765 episode_safety/ep_min_separation=0.9171 episode_safety/ep_mean_separation=1.1862 episode_safety/ep_p5_separation=0.9232 episode_safety/ep_p25_separation=0.9517 episode_safety/ep_max_pfl_force_ratio=0.0000 episode_safety/ep_max_contact_force=0.0000 episode_safety/ep_max_robot_vel=2.4909 episode_safety/ep_mean_robot_vel=0.5094 episode_safety/ep_time_to_first_violation=-1.0000 episode_safety/ep_time_in_proximity_0p3m=0.0000 episode_safety/ep_time_in_proximity_0p5m=0.0000 episode_safety/ep_time_in_proximity_1p0m=0.3701 episode_cost_integral=0.0000 episode_lambda=0.0000
[2026-06-09 20:50:17,787][__main__][INFO] - [train] step=3982 episode_reward=1.0000 episode_length=154 episode=21 buffer_size=15530
[2026-06-09 20:50:27,532][__main__][INFO] - [safety] step=4000 safety/ssm_violation=0.0000 safety/ssm_violation_actual=0.0000 safety/proximity_violation=0.0000 safety/pfl_violation=0.0000 safety/ssm_margin=1.1041 safety/ssm_margin_actual=1.3262 safety/min_separation=1.5759 safety/pfl_force_ratio=0.0000 safety/robot_vel=0.7523 safety/human_vel=0.1195 episode_safety/ep_steps=19.0000 episode_safety/ep_ssm_violation_rate=0.0000 episode_safety/ep_ssm_violation_actual_rate=0.0000 episode_safety/ep_proximity_violation_rate=0.0000 episode_safety/ep_pfl_violation_rate=0.0000 episode_safety/ep_min_ssm_margin=1.1041 episode_safety/ep_min_ssm_margin_actual=1.3262 episode_safety/ep_min_separation=1.5759 episode_safety/ep_mean_separation=2.1235 episode_safety/ep_p5_separation=1.6294 episode_safety/ep_p25_separation=1.8388 episode_safety/ep_max_pfl_force_ratio=0.0000 episode_safety/ep_max_contact_force=0.0000 episode_safety/ep_max_robot_vel=2.4741 episode_safety/ep_mean_robot_vel=0.7432 episode_safety/ep_time_to_first_violation=-1.0000 episode_safety/ep_time_in_proximity_0p3m=0.0000 episode_safety/ep_time_in_proximity_0p5m=0.0000 episode_safety/ep_time_in_proximity_1p0m=0.0000
[2026-06-09 20:50:52,415][__main__][INFO] - [safety] step=4050 safety/ssm_violation=0.0000 safety/ssm_violation_actual=0.0000 safety/proximity_violation=0.0000 safety/pfl_violation=0.0000 safety/ssm_margin=0.6725 safety/ssm_margin_actual=0.9076 safety/min_separation=1.1636 safety/pfl_force_ratio=0.0000 safety/robot_vel=0.8271 safety/human_vel=0.0329 episode_safety/ep_steps=69.0000 episode_safety/ep_ssm_violation_rate=0.0000 episode_safety/ep_ssm_violation_actual_rate=0.0000 episode_safety/ep_proximity_violation_rate=0.0000 episode_safety/ep_pfl_violation_rate=0.0000 episode_safety/ep_min_ssm_margin=0.5536 episode_safety/ep_min_ssm_margin_actual=0.7746 episode_safety/ep_min_separation=0.9804 episode_safety/ep_mean_separation=1.3932 episode_safety/ep_p5_separation=0.9848 episode_safety/ep_p25_separation=1.0508 episode_safety/ep_max_pfl_force_ratio=0.0000 episode_safety/ep_max_contact_force=0.0000 episode_safety/ep_max_robot_vel=2.4741 episode_safety/ep_mean_robot_vel=0.5721 episode_safety/ep_time_to_first_violation=-1.0000 episode_safety/ep_time_in_proximity_0p3m=0.0000 episode_safety/ep_time_in_proximity_0p5m=0.0000 episode_safety/ep_time_in_proximity_1p0m=0.1159
[2026-06-09 20:51:17,126][__main__][INFO] - [safety] step=4100 safety/ssm_violation=0.0000 safety/ssm_violation_actual=0.0000 safety/proximity_violation=0.0000 safety/pfl_violation=0.0000 safety/ssm_margin=0.7003 safety/ssm_margin_actual=0.9403 safety/min_separation=1.1358 safety/pfl_force_ratio=0.0000 safety/robot_vel=0.5974 safety/human_vel=0.0001 episode_safety/ep_steps=119.0000 episode_safety/ep_ssm_violation_rate=0.0000 episode_safety/ep_ssm_violation_actual_rate=0.0000 episode_safety/ep_proximity_violation_rate=0.0000 episode_safety/ep_pfl_violation_rate=0.0000 episode_safety/ep_min_ssm_margin=0.5536 episode_safety/ep_min_ssm_margin_actual=0.7746 episode_safety/ep_min_separation=0.9804 episode_safety/ep_mean_separation=1.2819 episode_safety/ep_p5_separation=0.9925 episode_safety/ep_p25_separation=1.0552 episode_safety/ep_max_pfl_force_ratio=0.0000 episode_safety/ep_max_contact_force=0.0000 episode_safety/ep_max_robot_vel=2.4741 episode_safety/ep_mean_robot_vel=0.5514 episode_safety/ep_time_to_first_violation=-1.0000 episode_safety/ep_time_in_proximity_0p3m=0.0000 episode_safety/ep_time_in_proximity_0p5m=0.0000 episode_safety/ep_time_in_proximity_1p0m=0.0924
[2026-06-09 20:51:41,822][__main__][INFO] - [safety] step=4150 safety/ssm_violation=0.0000 safety/ssm_violation_actual=0.0000 safety/proximity_violation=0.0000 safety/pfl_violation=0.0000 safety/ssm_margin=0.6999 safety/ssm_margin_actual=0.9399 safety/min_separation=1.0678 safety/pfl_force_ratio=0.0000 safety/robot_vel=0.2271 safety/human_vel=0.0000 episode_safety/ep_steps=169.0000 episode_safety/ep_ssm_violation_rate=0.0000 episode_safety/ep_ssm_violation_actual_rate=0.0000 episode_safety/ep_proximity_violation_rate=0.0000 episode_safety/ep_pfl_violation_rate=0.0000 episode_safety/ep_min_ssm_margin=0.5536 episode_safety/ep_min_ssm_margin_actual=0.7746 episode_safety/ep_min_separation=0.9804 episode_safety/ep_mean_separation=1.2437 episode_safety/ep_p5_separation=0.9968 episode_safety/ep_p25_separation=1.0800 episode_safety/ep_max_pfl_force_ratio=0.0000 episode_safety/ep_max_contact_force=0.0000 episode_safety/ep_max_robot_vel=2.4741 episode_safety/ep_mean_robot_vel=0.4715 episode_safety/ep_time_to_first_violation=-1.0000 episode_safety/ep_time_in_proximity_0p3m=0.0000 episode_safety/ep_time_in_proximity_0p5m=0.0000 episode_safety/ep_time_in_proximity_1p0m=0.0651
[2026-06-09 20:52:06,545][__main__][INFO] - [safety] step=4200 safety/ssm_violation=0.0000 safety/ssm_violation_actual=0.0000 safety/proximity_violation=0.0000 safety/pfl_violation=0.0000 safety/ssm_margin=0.8350 safety/ssm_margin_actual=1.0750 safety/min_separation=1.2075 safety/pfl_force_ratio=0.0000 safety/robot_vel=0.2580 safety/human_vel=0.0000 episode_safety/ep_steps=219.0000 episode_safety/ep_ssm_violation_rate=0.0000 episode_safety/ep_ssm_violation_actual_rate=0.0000 episode_safety/ep_proximity_violation_rate=0.0000 episode_safety/ep_pfl_violation_rate=0.0000 episode_safety/ep_min_ssm_margin=0.5536 episode_safety/ep_min_ssm_margin_actual=0.7746 episode_safety/ep_min_separation=0.9804 episode_safety/ep_mean_separation=1.2201 episode_safety/ep_p5_separation=1.0026 episode_safety/ep_p25_separation=1.0884 episode_safety/ep_max_pfl_force_ratio=0.0000 episode_safety/ep_max_contact_force=0.0000 episode_safety/ep_max_robot_vel=2.4741 episode_safety/ep_mean_robot_vel=0.4180 episode_safety/ep_time_to_first_violation=-1.0000 episode_safety/ep_time_in_proximity_0p3m=0.0000 episode_safety/ep_time_in_proximity_0p5m=0.0000 episode_safety/ep_time_in_proximity_1p0m=0.0502
[2026-06-09 20:52:31,172][__main__][INFO] - [safety] step=4250 safety/ssm_violation=0.0000 safety/ssm_violation_actual=0.0000 safety/proximity_violation=0.0000 safety/pfl_violation=0.0000 safety/ssm_margin=0.6977 safety/ssm_margin_actual=0.9377 safety/min_separation=1.0905 safety/pfl_force_ratio=0.0000 safety/robot_vel=0.3819 safety/human_vel=0.0000 episode_safety/ep_steps=269.0000 episode_safety/ep_ssm_violation_rate=0.0000 episode_safety/ep_ssm_violation_actual_rate=0.0000 episode_safety/ep_proximity_violation_rate=0.0000 episode_safety/ep_pfl_violation_rate=0.0000 episode_safety/ep_min_ssm_margin=0.5536 episode_safety/ep_min_ssm_margin_actual=0.7746 episode_safety/ep_min_separation=0.9804 episode_safety/ep_mean_separation=1.2103 episode_safety/ep_p5_separation=1.0065 episode_safety/ep_p25_separation=1.0938 episode_safety/ep_max_pfl_force_ratio=0.0000 episode_safety/ep_max_contact_force=0.0000 episode_safety/ep_max_robot_vel=2.4741 episode_safety/ep_mean_robot_vel=0.3881 episode_safety/ep_time_to_first_violation=-1.0000 episode_safety/ep_time_in_proximity_0p3m=0.0000 episode_safety/ep_time_in_proximity_0p5m=0.0000 episode_safety/ep_time_in_proximity_1p0m=0.0409
[2026-06-09 20:52:55,824][__main__][INFO] - [safety] step=4300 safety/ssm_violation=0.0000 safety/ssm_violation_actual=0.0000 safety/proximity_violation=0.0000 safety/pfl_violation=0.0000 safety/ssm_margin=0.5163 safety/ssm_margin_actual=0.7508 safety/min_separation=0.8756 safety/pfl_force_ratio=0.0000 safety/robot_vel=0.1656 safety/human_vel=0.0363 episode_safety/ep_steps=319.0000 episode_safety/ep_ssm_violation_rate=0.0000 episode_safety/ep_ssm_violation_actual_rate=0.0000 episode_safety/ep_proximity_violation_rate=0.0000 episode_safety/ep_pfl_violation_rate=0.0000 episode_safety/ep_min_ssm_margin=0.5163 episode_safety/ep_min_ssm_margin_actual=0.7508 episode_safety/ep_min_separation=0.8756 episode_safety/ep_mean_separation=1.2024 episode_safety/ep_p5_separation=1.0026 episode_safety/ep_p25_separation=1.0969 episode_safety/ep_max_pfl_force_ratio=0.0000 episode_safety/ep_max_contact_force=0.0000 episode_safety/ep_max_robot_vel=2.4741 episode_safety/ep_mean_robot_vel=0.3635 episode_safety/ep_time_to_first_violation=-1.0000 episode_safety/ep_time_in_proximity_0p3m=0.0000 episode_safety/ep_time_in_proximity_0p5m=0.0000 episode_safety/ep_time_in_proximity_1p0m=0.0502
[2026-06-09 20:53:11,501][__main__][INFO] - [episode] step=4332 safety/ssm_violation=0.0000 safety/ssm_violation_actual=0.0000 safety/proximity_violation=0.0000 safety/pfl_violation=0.0000 safety/ssm_margin=0.7679 safety/ssm_margin_actual=1.0077 safety/min_separation=1.1451 safety/pfl_force_ratio=0.0000 safety/robot_vel=0.2890 safety/human_vel=0.0009 episode_safety/ep_steps=350.0000 episode_safety/ep_ssm_violation_rate=0.0000 episode_safety/ep_ssm_violation_actual_rate=0.0000 episode_safety/ep_proximity_violation_rate=0.0000 episode_safety/ep_pfl_violation_rate=0.0000 episode_safety/ep_min_ssm_margin=0.3880 episode_safety/ep_min_ssm_margin_actual=0.6263 episode_safety/ep_min_separation=0.7463 episode_safety/ep_mean_separation=1.1726 episode_safety/ep_p5_separation=0.8369 episode_safety/ep_p25_separation=1.0789 episode_safety/ep_max_pfl_force_ratio=0.0000 episode_safety/ep_max_contact_force=0.0000 episode_safety/ep_max_robot_vel=2.4741 episode_safety/ep_mean_robot_vel=0.3445 episode_safety/ep_time_to_first_violation=-1.0000 episode_safety/ep_time_in_proximity_0p3m=0.0000 episode_safety/ep_time_in_proximity_0p5m=0.0000 episode_safety/ep_time_in_proximity_1p0m=0.1171 episode_cost_integral=0.0000 episode_lambda=0.0000
[2026-06-09 20:53:11,501][__main__][INFO] - [train] step=4332 episode_reward=0.0000 episode_length=350 episode=22 buffer_size=15880
[2026-06-09 20:53:21,974][__main__][INFO] - [safety] step=4350 safety/ssm_violation=0.0000 safety/ssm_violation_actual=0.0000 safety/proximity_violation=0.0000 safety/pfl_violation=0.0000 safety/ssm_margin=1.3826 safety/ssm_margin_actual=1.6047 safety/min_separation=1.8894 safety/pfl_force_ratio=0.0000 safety/robot_vel=0.8851 safety/human_vel=0.1195 episode_safety/ep_steps=19.0000 episode_safety/ep_ssm_violation_rate=0.0000 episode_safety/ep_ssm_violation_actual_rate=0.0000 episode_safety/ep_proximity_violation_rate=0.0000 episode_safety/ep_pfl_violation_rate=0.0000 episode_safety/ep_min_ssm_margin=1.3826 episode_safety/ep_min_ssm_margin_actual=1.6047 episode_safety/ep_min_separation=1.8894 episode_safety/ep_mean_separation=2.3575 episode_safety/ep_p5_separation=1.9385 episode_safety/ep_p25_separation=2.1243 episode_safety/ep_max_pfl_force_ratio=0.0000 episode_safety/ep_max_contact_force=0.0000 episode_safety/ep_max_robot_vel=2.4330 episode_safety/ep_mean_robot_vel=0.7506 episode_safety/ep_time_to_first_violation=-1.0000 episode_safety/ep_time_in_proximity_0p3m=0.0000 episode_safety/ep_time_in_proximity_0p5m=0.0000 episode_safety/ep_time_in_proximity_1p0m=0.0000
[2026-06-09 20:53:46,553][__main__][INFO] - [safety] step=4400 safety/ssm_violation=0.0000 safety/ssm_violation_actual=0.0000 safety/proximity_violation=0.0000 safety/pfl_violation=0.0000 safety/ssm_margin=0.3223 safety/ssm_margin_actual=0.5553 safety/min_separation=0.8127 safety/pfl_force_ratio=0.0000 safety/robot_vel=0.8244 safety/human_vel=0.0469 episode_safety/ep_steps=69.0000 episode_safety/ep_ssm_violation_rate=0.0000 episode_safety/ep_ssm_violation_actual_rate=0.0000 episode_safety/ep_proximity_violation_rate=0.0000 episode_safety/ep_pfl_violation_rate=0.0000 episode_safety/ep_min_ssm_margin=0.2550 episode_safety/ep_min_ssm_margin_actual=0.4637 episode_safety/ep_min_separation=0.6688 episode_safety/ep_mean_separation=1.3721 episode_safety/ep_p5_separation=0.6737 episode_safety/ep_p25_separation=0.7478 episode_safety/ep_max_pfl_force_ratio=0.0000 episode_safety/ep_max_contact_force=0.0000 episode_safety/ep_max_robot_vel=2.4330 episode_safety/ep_mean_robot_vel=0.5720 episode_safety/ep_time_to_first_violation=-1.0000 episode_safety/ep_time_in_proximity_0p3m=0.0000 episode_safety/ep_time_in_proximity_0p5m=0.0000 episode_safety/ep_time_in_proximity_1p0m=0.4493
[2026-06-09 20:54:11,215][__main__][INFO] - [safety] step=4450 safety/ssm_violation=0.0000 safety/ssm_violation_actual=0.0000 safety/proximity_violation=0.0000 safety/pfl_violation=0.0000 safety/ssm_margin=0.4019 safety/ssm_margin_actual=0.6419 safety/min_separation=0.8608 safety/pfl_force_ratio=0.0000 safety/robot_vel=0.6998 safety/human_vel=0.0001 episode_safety/ep_steps=119.0000 episode_safety/ep_ssm_violation_rate=0.0000 episode_safety/ep_ssm_violation_actual_rate=0.0000 episode_safety/ep_proximity_violation_rate=0.0000 episode_safety/ep_pfl_violation_rate=0.0000 episode_safety/ep_min_ssm_margin=0.2473 episode_safety/ep_min_ssm_margin_actual=0.4637 episode_safety/ep_min_separation=0.6688 episode_safety/ep_mean_separation=1.1412 episode_safety/ep_p5_separation=0.6821 episode_safety/ep_p25_separation=0.7472 episode_safety/ep_max_pfl_force_ratio=0.0000 episode_safety/ep_max_contact_force=0.0000 episode_safety/ep_max_robot_vel=2.4330 episode_safety/ep_mean_robot_vel=0.5568 episode_safety/ep_time_to_first_violation=-1.0000 episode_safety/ep_time_in_proximity_0p3m=0.0000 episode_safety/ep_time_in_proximity_0p5m=0.0000 episode_safety/ep_time_in_proximity_1p0m=0.6807
[2026-06-09 20:54:29,513][__main__][INFO] - [episode] step=4487 safety/ssm_violation=0.0000 safety/ssm_violation_actual=0.0000 safety/proximity_violation=0.0000 safety/pfl_violation=0.0000 safety/ssm_margin=0.6548 safety/ssm_margin_actual=0.8948 safety/min_separation=1.0606 safety/pfl_force_ratio=0.0000 safety/robot_vel=0.4529 safety/human_vel=0.0000 episode_safety/ep_steps=155.0000 episode_safety/ep_ssm_violation_rate=0.0000 episode_safety/ep_ssm_violation_actual_rate=0.0000 episode_safety/ep_proximity_violation_rate=0.0000 episode_safety/ep_pfl_violation_rate=0.0000 episode_safety/ep_min_ssm_margin=0.2473 episode_safety/ep_min_ssm_margin_actual=0.4637 episode_safety/ep_min_separation=0.6688 episode_safety/ep_mean_separation=1.0851 episode_safety/ep_p5_separation=0.6851 episode_safety/ep_p25_separation=0.7852 episode_safety/ep_max_pfl_force_ratio=0.0000 episode_safety/ep_max_contact_force=0.0000 episode_safety/ep_max_robot_vel=2.4330 episode_safety/ep_mean_robot_vel=0.5012 episode_safety/ep_time_to_first_violation=-1.0000 episode_safety/ep_time_in_proximity_0p3m=0.0000 episode_safety/ep_time_in_proximity_0p5m=0.0000 episode_safety/ep_time_in_proximity_1p0m=0.7161 episode_cost_integral=2.2999 episode_lambda=0.0000
[2026-06-09 20:54:29,514][__main__][INFO] - [train] step=4487 episode_reward=1.0000 episode_length=155 episode=23 buffer_size=16035
[2026-06-09 20:54:36,577][__main__][INFO] - [safety] step=4500 safety/ssm_violation=0.0000 safety/ssm_violation_actual=0.0000 safety/proximity_violation=0.0000 safety/pfl_violation=0.0000 safety/ssm_margin=1.7075 safety/ssm_margin_actual=1.9254 safety/min_separation=2.1364 safety/pfl_force_ratio=0.0000 safety/robot_vel=0.5674 safety/human_vel=0.1471 episode_safety/ep_steps=14.0000 episode_safety/ep_ssm_violation_rate=0.0000 episode_safety/ep_ssm_violation_actual_rate=0.0000 episode_safety/ep_proximity_violation_rate=0.0000 episode_safety/ep_pfl_violation_rate=0.0000 episode_safety/ep_min_ssm_margin=1.3328 episode_safety/ep_min_ssm_margin_actual=1.5185 episode_safety/ep_min_separation=2.1364 episode_safety/ep_mean_separation=2.3577 episode_safety/ep_p5_separation=2.1649 episode_safety/ep_p25_separation=2.2729 episode_safety/ep_max_pfl_force_ratio=0.0000 episode_safety/ep_max_contact_force=0.0000 episode_safety/ep_max_robot_vel=2.4029 episode_safety/ep_mean_robot_vel=0.7491 episode_safety/ep_time_to_first_violation=-1.0000 episode_safety/ep_time_in_proximity_0p3m=0.0000 episode_safety/ep_time_in_proximity_0p5m=0.0000 episode_safety/ep_time_in_proximity_1p0m=0.0000
[2026-06-09 20:55:01,451][__main__][INFO] - [safety] step=4550 safety/ssm_violation=0.0000 safety/ssm_violation_actual=0.0000 safety/proximity_violation=0.0000 safety/pfl_violation=0.0000 safety/ssm_margin=0.2262 safety/ssm_margin_actual=0.4464 safety/min_separation=0.7030 safety/pfl_force_ratio=0.0000 safety/robot_vel=0.7719 safety/human_vel=0.1326 episode_safety/ep_steps=64.0000 episode_safety/ep_ssm_violation_rate=0.0000 episode_safety/ep_ssm_violation_actual_rate=0.0000 episode_safety/ep_proximity_violation_rate=0.0000 episode_safety/ep_pfl_violation_rate=0.0000 episode_safety/ep_min_ssm_margin=0.2262 episode_safety/ep_min_ssm_margin_actual=0.4364 episode_safety/ep_min_separation=0.6484 episode_safety/ep_mean_separation=1.4195 episode_safety/ep_p5_separation=0.6547 episode_safety/ep_p25_separation=0.7245 episode_safety/ep_max_pfl_force_ratio=0.0000 episode_safety/ep_max_contact_force=0.0000 episode_safety/ep_max_robot_vel=2.4029 episode_safety/ep_mean_robot_vel=0.5443 episode_safety/ep_time_to_first_violation=-1.0000 episode_safety/ep_time_in_proximity_0p3m=0.0000 episode_safety/ep_time_in_proximity_0p5m=0.0000 episode_safety/ep_time_in_proximity_1p0m=0.3594
[2026-06-09 20:55:26,290][__main__][INFO] - [safety] step=4600 safety/ssm_violation=0.0000 safety/ssm_violation_actual=0.0000 safety/proximity_violation=0.0000 safety/pfl_violation=0.0000 safety/ssm_margin=0.2582 safety/ssm_margin_actual=0.4981 safety/min_separation=0.6989 safety/pfl_force_ratio=0.0000 safety/robot_vel=0.6210 safety/human_vel=0.0003 episode_safety/ep_steps=114.0000 episode_safety/ep_ssm_violation_rate=0.0000 episode_safety/ep_ssm_violation_actual_rate=0.0000 episode_safety/ep_proximity_violation_rate=0.0000 episode_safety/ep_pfl_violation_rate=0.0000 episode_safety/ep_min_ssm_margin=0.1622 episode_safety/ep_min_ssm_margin_actual=0.4020 episode_safety/ep_min_separation=0.6017 episode_safety/ep_mean_separation=1.1353 episode_safety/ep_p5_separation=0.6159 episode_safety/ep_p25_separation=0.6901 episode_safety/ep_max_pfl_force_ratio=0.0000 episode_safety/ep_max_contact_force=0.0000 episode_safety/ep_max_robot_vel=2.4029 episode_safety/ep_mean_robot_vel=0.5400 episode_safety/ep_time_to_first_violation=-1.0000 episode_safety/ep_time_in_proximity_0p3m=0.0000 episode_safety/ep_time_in_proximity_0p5m=0.0000 episode_safety/ep_time_in_proximity_1p0m=0.6404
[2026-06-09 20:55:51,038][__main__][INFO] - [safety] step=4650 safety/ssm_violation=0.0000 safety/ssm_violation_actual=0.0000 safety/proximity_violation=0.0000 safety/pfl_violation=0.0000 safety/ssm_margin=0.4122 safety/ssm_margin_actual=0.6522 safety/min_separation=0.7595 safety/pfl_force_ratio=0.0000 safety/robot_vel=0.0680 safety/human_vel=0.0000 episode_safety/ep_steps=164.0000 episode_safety/ep_ssm_violation_rate=0.0000 episode_safety/ep_ssm_violation_actual_rate=0.0000 episode_safety/ep_proximity_violation_rate=0.0000 episode_safety/ep_pfl_violation_rate=0.0000 episode_safety/ep_min_ssm_margin=0.1622 episode_safety/ep_min_ssm_margin_actual=0.4020 episode_safety/ep_min_separation=0.6017 episode_safety/ep_mean_separation=1.0031 episode_safety/ep_p5_separation=0.6285 episode_safety/ep_p25_separation=0.6780 episode_safety/ep_max_pfl_force_ratio=0.0000 episode_safety/ep_max_contact_force=0.0000 episode_safety/ep_max_robot_vel=2.4029 episode_safety/ep_mean_robot_vel=0.4621 episode_safety/ep_time_to_first_violation=-1.0000 episode_safety/ep_time_in_proximity_0p3m=0.0000 episode_safety/ep_time_in_proximity_0p5m=0.0000 episode_safety/ep_time_in_proximity_1p0m=0.7500
[2026-06-09 20:56:08,429][__main__][INFO] - [episode] step=4685 safety/ssm_violation=0.0000 safety/ssm_violation_actual=0.0000 safety/proximity_violation=0.0000 safety/pfl_violation=0.0000 safety/ssm_margin=0.6133 safety/ssm_margin_actual=0.8533 safety/min_separation=0.9752 safety/pfl_force_ratio=0.0000 safety/robot_vel=0.1842 safety/human_vel=0.0000 episode_safety/ep_steps=198.0000 episode_safety/ep_ssm_violation_rate=0.0000 episode_safety/ep_ssm_violation_actual_rate=0.0000 episode_safety/ep_proximity_violation_rate=0.0000 episode_safety/ep_pfl_violation_rate=0.0000 episode_safety/ep_min_ssm_margin=0.1622 episode_safety/ep_min_ssm_margin_actual=0.4020 episode_safety/ep_min_separation=0.6017 episode_safety/ep_mean_separation=0.9772 episode_safety/ep_p5_separation=0.6417 episode_safety/ep_p25_separation=0.6859 episode_safety/ep_max_pfl_force_ratio=0.0000 episode_safety/ep_max_contact_force=0.0000 episode_safety/ep_max_robot_vel=2.4029 episode_safety/ep_mean_robot_vel=0.4178 episode_safety/ep_time_to_first_violation=-1.0000 episode_safety/ep_time_in_proximity_0p3m=0.0000 episode_safety/ep_time_in_proximity_0p5m=0.0000 episode_safety/ep_time_in_proximity_1p0m=0.7929 episode_cost_integral=8.4961 episode_lambda=0.0000
[2026-06-09 20:56:08,429][__main__][INFO] - [train] step=4685 episode_reward=1.0000 episode_length=198 episode=24 buffer_size=16233
[2026-06-09 20:56:16,418][__main__][INFO] - [safety] step=4700 safety/ssm_violation=0.0000 safety/ssm_violation_actual=0.0000 safety/proximity_violation=0.0000 safety/pfl_violation=0.0000 safety/ssm_margin=1.0686 safety/ssm_margin_actual=1.2885 safety/min_separation=1.5301 safety/pfl_force_ratio=0.0000 safety/robot_vel=0.7104 safety/human_vel=0.1341 episode_safety/ep_steps=16.0000 episode_safety/ep_ssm_violation_rate=0.0000 episode_safety/ep_ssm_violation_actual_rate=0.0000 episode_safety/ep_proximity_violation_rate=0.0000 episode_safety/ep_pfl_violation_rate=0.0000 episode_safety/ep_min_ssm_margin=0.6391 episode_safety/ep_min_ssm_margin_actual=0.8248 episode_safety/ep_min_separation=1.5301 episode_safety/ep_mean_separation=1.8473 episode_safety/ep_p5_separation=1.5758 episode_safety/ep_p25_separation=1.7423 episode_safety/ep_max_pfl_force_ratio=0.0000 episode_safety/ep_max_contact_force=0.0000 episode_safety/ep_max_robot_vel=2.5056 episode_safety/ep_mean_robot_vel=0.7180 episode_safety/ep_time_to_first_violation=-1.0000 episode_safety/ep_time_in_proximity_0p3m=0.0000 episode_safety/ep_time_in_proximity_0p5m=0.0000 episode_safety/ep_time_in_proximity_1p0m=0.0000
[2026-06-09 20:56:41,455][__main__][INFO] - [safety] step=4750 safety/ssm_violation=1.0000 safety/ssm_violation_actual=1.0000 safety/proximity_violation=1.0000 safety/pfl_violation=0.0000 safety/ssm_margin=-0.4424 safety/ssm_margin_actual=-0.2294 safety/min_separation=0.0173 safety/pfl_force_ratio=0.0000 safety/robot_vel=0.7027 safety/human_vel=0.1801 episode_safety/ep_steps=66.0000 episode_safety/ep_ssm_violation_rate=0.5303 episode_safety/ep_ssm_violation_actual_rate=0.4848 episode_safety/ep_proximity_violation_rate=0.5152 episode_safety/ep_pfl_violation_rate=0.0000 episode_safety/ep_min_ssm_margin=-0.4677 episode_safety/ep_min_ssm_margin_actual=-0.2542 episode_safety/ep_min_separation=0.0099 episode_safety/ep_mean_separation=0.7012 episode_safety/ep_p5_separation=0.0200 episode_safety/ep_p25_separation=0.0479 episode_safety/ep_max_pfl_force_ratio=0.0000 episode_safety/ep_max_contact_force=0.0000 episode_safety/ep_max_robot_vel=2.5056 episode_safety/ep_mean_robot_vel=0.5560 episode_safety/ep_time_to_first_violation=31.0000 episode_safety/ep_time_in_proximity_0p3m=0.5152 episode_safety/ep_time_in_proximity_0p5m=0.5606 episode_safety/ep_time_in_proximity_1p0m=0.6515
